FIRE INCIDENTS 2020 TO DATE 2024,,,,,,,,,,,,,,,,,
Event Instruction ID,Reporting Time,Incident Location,Case Nature,Category,Sub-Category,Reporting Type,Contact Name,Contact No.,Description,Governing Branch,Police Station,Create Room,Feedback Content,Processing Result,Event Status,X Coordinate,Y Coordinate
20240512092158024012,12/05/2024 09:21,near wampewo play ground kasangati,Fire,Male Fire,,Call or Ask for Help,david,780649470,the above reports fire pliz respond imm,COMMAND CENTER,COMMAND CENTER,NCCC Room,,,Accepted,,
20240509191003967020,09/05/2024 19:10,kamengo mpigi-masaka road,Fire,Male Fire,,Call or Ask for Help,robert,709830583,fireb outbreak at the above address,COMMAND CENTER,COMMAND CENTER,NCCC Room,,,Accepted,32.25214,0.204649
20240508031441736017,08/05/2024 03:14,Amuria Town council in Amuria District,Fire,Male Fire,,Call or Ask for Help,Edson,762156336,Fire outbreak reported above please handle,COMMAND CENTER,COMMAND CENTER,NCCC Room,,,Accepted,,
20240505140332760036,05/05/2024 14:03,kalagala in mpigi district,Fire,Male Fire,,Call or Ask for Help,Victoria,752504190,Reports fire at the above plz help.,COMMAND CENTER,COMMAND CENTER,NCCC Room,,,Closed,32.30118,0.210531
20240504031428022017,04/05/2024 03:14,ellite high school- Bwebajja,Fire,Male Fire,,Call or Ask for Help,NELSON,708229883,fire outbreak,COMMAND CENTER,COMMAND CENTER,NCCC Room,,,Accepted,32.53627,0.17058
20240504024704749017,04/05/2024 02:47,old taxi park-Building,Fire,Male Fire,,Call or Ask for Help,MUSA,704018541,FIRE OUTBREAK REPORTED IN THE ABOVE AREA,COMMAND CENTER,COMMAND CENTER,NCCC Room,,,Accepted,32.57914,0.312078
20240503222551340017,03/05/2024 22:25,KATWE-KINYIRO-OPP CHURCH KITARA,Fire,Female Fire,,Call or Ask for Help,TASMIM,726412711,FIRE OUTBREAK,COMMAND CENTER,COMMAND CENTER,NCCC Room,,,Accepted,,
20240503135455017025,03/05/2024 13:54,kikaya kampala quality primary behinde total petrol stn,HOMICIDES,Death(Fire Out Breaks),,Call or Ask for Help,sgt mandela,781614080,"reporting fire out break at above address,plze take ction imm.",Kira Division,Kira Division,NCCC Room,,,Accepted,,
20240501213835150025,01/05/2024 21:38,bunamwaya star-kubitala,HOMICIDES,Death(Fire Out Breaks),,Call or Ask for Help,benon,785014927,fire reported in the above,COMMAND CENTER,COMMAND CENTER,NCCC Room,,,Accepted,,
20240430225138736036,30/04/2024 22:51,kizasi college Kawempe Division,Fire,Male Fire,,Call or Ask for Help,Desire,706198849,Reports electric poles are burning plz help.,Kawempe,Kawempe,NCCC Room,,,Closed,,
20240429194643696027,29/04/2024 19:46,BUWATE KIIRA DIVI,HOMICIDES,Death(Fire Out Breaks),,Call or Ask for Help,GIRIBERT,750384640,fIRE OUT BREAK ON THE ELETRIC POLE AT THE ABOVE ADDRESS,Kira Division,Kira Division,NCCC Room,,,Closed,32.63609,0.454607
20240428205648197020,28/04/2024 20:56,kakugulu kibuli,HOMICIDES,Death(Fire Out Breaks),,Call or Ask for Help,oluka,783208026,fire on the eletric pole respond,Kabalagala,Kabalagala,NCCC Room,,,Closed,,
20240426195206148012,26/04/2024 19:52,Kiwoko t/c kabubu vill Centrol div nakaseke,Fire,Female Fire,,Call or Ask for Help,Jackson,757056777,Reports fire out break,COMMAND CENTER,COMMAND CENTER,NCCC Room,,,Closed,,
20240426182850644018,26/04/2024 18:28,kakungumbe-kasanda,Fire,Male Fire,,Call or Ask for Help,simon,788671530,"fireout break at the above place,plz handle",COMMAND CENTER,COMMAND CENTER,NCCC Room,,,Closed,,
20240426000215049017,26/04/2024 00:02,Nangabo trading center-Kasangati -Matuga road,Fire,Male Fire,,Call or Ask for Help,ALEX,772450476,fire outbreak caused by burning transformer,COMMAND CENTER,COMMAND CENTER,NCCC Room,,,Closed,,
20240423093953226017,23/04/2024 09:39,Kasuubi-UCC Church Opp Makererere University,Fire,Male Fire,,Call or Ask for Help,Brain,701497536,Fire outbreak caused by a burning Transformer plz handle imm,COMMAND CENTER,COMMAND CENTER,NCCC Room,,,Closed,32.5608,0.334397
20240420005827838021,20/04/2024 00:58,kitoro entebe,Fire,Male Fire,,Call or Ask for Help,robert musisi,701447647,fire at place called leisure park,COMMAND CENTER,COMMAND CENTER,NCCC Room,,,Closed,32.49931,0.092586
20240418055457779025,18/04/2024 05:54,Nile stage,Fire,Female Fire,,Call or Ask for Help,Iman,787731526,Reports fire out break,COMMAND CENTER,COMMAND CENTER,NCCC Room,,,Closed,,
20240415150245621023,15/04/2024 15:02,kabasanda technical institutes Butambala district,Fire,Male Fire,,Call or Ask for Help,safi,709514003,Fire out break at the above adressplz handle,COMMAND CENTER,COMMAND CENTER,NCCC Room,,,Closed,32.30118,0.295259
20240415105631351023,15/04/2024 10:56,suka islamic secondary school in kayunga,Fire,Male Fire,,Call or Ask for Help,Nicholas,704972253,Fire out break at the above adress,COMMAND CENTER,COMMAND CENTER,NCCC Room,,,Closed,32.68836,0.465876
20240413153715881025,13/04/2024 15:37,kikonya kemengo,Fire,Male Fire,,Call or Ask for Help,sarah,756595013,fire outbreak on the electric pole,COMMAND CENTER,COMMAND CENTER,NCCC Room,,,Closed,32.23623,0.154987
20240413110234693021,13/04/2024 11:02,kireka zone c,Fire,Male Fire,,Call or Ask for Help,nowolaja,777815454,there fire at above adderss,Jinja Road,Jinja Road,NCCC Room,,,Closed,,
20240412094911394030,12/04/2024 09:49,Amugo linga village Pallisa District,Fire,Male Fire,,Call or Ask for Help,ALEX,759336962,Reports fire burning restaurant plz help.,COMMAND CENTER,COMMAND CENTER,NCCC Room,,,Closed,34.09579,1.09384
20240409170012000015,09/04/2024 17:00,Bugembe-Budumbuli-jinja district,Fire,Male Fire,,Call or Ask for Help,DAVID,750961515,fire outbreak reported,COMMAND CENTER,COMMAND CENTER,NCCC Room,,,Closed,,
20240409014103468015,09/04/2024 01:41,kawempe mbogo,Fire,Male Fire,,Call or Ask for Help,Rashulu,775719405,Reports fire outbreak,Kawempe,Kawempe,NCCC Room,,,Closed,,
20240409005402442025,09/04/2024 00:54,kamuge olinga Pallisa District,Fire,Male Fire,,Call or Ask for Help,Opolot John,744200453,Reports fire burning someone house help.,COMMAND CENTER,COMMAND CENTER,NCCC Room,,,Closed,,
20240408111300345030,08/04/2024 11:13,mpigi town in kabira trading centre.,Fire,Male Fire,,Call or Ask for Help,habert,785232932,Reported an electric pole has caught fire at the above adress.,COMMAND CENTER,COMMAND CENTER,NCCC Room,,,Closed,,
20240407212146739036,07/04/2024 21:21,CHOKAJO KIBULE STAGE Makindye,Fire,Male Fire,,Call or Ask for Help,Emmanuel,742183040,Report electric pole is burning plz help.,Katwe,MAKINDYE,NCCC Room,,,Closed,,
20240405052025249012,05/04/2024 05:20,Uganda house,Fire,Female Fire,,Call or Ask for Help,Sendagire,702266259,Reports fire out break,CPS Kampala,Kampala CPS,NCCC Room,,,Closed,32.58466,0.313164
20240404214308351013,04/04/2024 21:43,nakasero luwun street,Fire,Male Fire,,Call or Ask for Help,isreal,743738465,there is fire outbreak,COMMAND CENTER,CPS Kampala,NCCC Room,,,Closed,,
20240403091215182018,03/04/2024 09:12,bombo road-next to nile star hotel,Fire,Male Fire,,Call or Ask for Help,kevin,752600135,"fire outbreak at the above place,plz handle imm.",CPS Kampala,Kampala CPS,NCCC Room,,,Closed,32.57408,0.318785
20240402141618598019,02/04/2024 14:16,makerere kikumikikumi,Fire,Male Fire,,Call or Ask for Help,,783487700,fire,COMMAND CENTER,COMMAND CENTER,NCCC Room,,,Closed,,
20240402090035876021,02/04/2024 09:00,Katwe market division Kinyoro,Fire,Female Fire,,Call or Ask for Help,WILLY,701523900,Electricity pole on fire respond imm,Katwe,Katwe,NCCC Room,,,Closed,32.58102,0.304624
20240331180515751034,31/03/2024 18:05,kalerwe opposite shell,Fire,Male Fire,,Call or Ask for Help,comfort,784125464,reports a serious fire at kalerwe oppoisite shell petrol station,Wandegeya,Wandegeya,NCCC Room,,,Closed,,
20240331134052370026,31/03/2024 13:40,martine rd opposit new taxi park,Fire,Male Fire,,Call or Ask for Help,Geoffrey,782334618,reports electict fire at above place,CPS Kampala,Kampala CPS,NCCC Room,,,Closed,,
20240331115119692012,31/03/2024 11:51,Bukelele goma div mukono dist,Fire,Female Fire,,Call or Ask for Help,David,778994302,Reports fire out break,Mukono,Mukono,NCCC Room,,,Closed,,
20240331031701036030,31/03/2024 03:17,Naguru Barracks,Fire,Male Fire,,Call or Ask for Help,Sagal,774901497,Reports Fire out break at the above address please respond,Jinja Road,Jinja Road,NCCC Room,,,Closed,,
20240329160601125018,29/03/2024 16:06,"Wakiso,Gombe-",Fire,Male Fire,,Call or Ask for Help,Robert,760942930,Fire outbreak reported,Wakiso,Wakiso,NCCC Room,,,Pending Closure,,
20240327224953468017,27/03/2024 22:49,RUBAGA ROAD-AT GAZ Petrol station,Fire,Female Fire,,Call or Ask for Help,ESTHER,782712041,Fire outbreak caused by electric pole which has fallen down in the above area,COMMAND CENTER,COMMAND CENTER,NCCC Room,,,Closed,,
20240327055129494030,27/03/2024 05:51,fire at i.o.v next to spear motors in jinja road,Fire,Male Fire,,Call or Ask for Help,wanditi,0752356070,,Jinja Road,Jinja Road,NCCC Room,,,Closed,,
20240326054254432030,26/03/2024 05:42,kasanga kabalagala Division,Fire,Male Fire,,Call or Ask for Help,Emmanuel,780808916,Reports fire burning some one house help.,Kabalagala,Kabalagala,NCCC Room,,,Closed,,
20240325050208983036,25/03/2024 05:02,Nakawa market,Fire,Male Fire,,Call or Ask for Help,Ibrahim,755166242,Reports fire at nakawa market help.,Jinja Road,Jinja Road,NCCC Room,,,Closed,32.61197,0.328898
20240324051349740037,24/03/2024 05:13,"kaliro ,buyinda ,makutu",Fire,Male Fire,,Call or Ask for Help,george,705771965,reports a serious fire outbreak in kaliro,COMMAND CENTER,COMMAND CENTER,NCCC Room,,,Closed,,
20240323220441193018,23/03/2024 22:04,Uphill Primary School WKawempe,Fire,Male Fire,,Call or Ask for Help,Jully,772677272,Fire outbreak Please respond,Kawempe,Kawempe,NCCC Room,,,Closed,,
20240323062235470032,23/03/2024 06:22,Busega near genuine Hotel old kampala,Fire,Male Fire,,Call or Ask for Help,Matovu,760061589,There is fire at the above adress please handle imm,Old Kampala,Old Kampala,NCCC Room,,,Closed,,
20240322094518700037,22/03/2024 09:45,masesse jinja,Fire,Male Fire,,Call or Ask for Help,juma othieno,701749773,reports fire in jinja massesse jinja respond,COMMAND CENTER,COMMAND CENTER,NCCC Room,,,Closed,33.23951,0.438221
20240321153747527036,21/03/2024 15:37,Bugebe Jinja district,Fire,Male Fire,,Call or Ask for Help,Patricia,770540255,Reports fire burning a house plz help.,COMMAND CENTER,COMMAND CENTER,NCCC Room,,,Closed,,
20240320205251841037,20/03/2024 20:52,mukuno Kyiswera,Fire,Female Fire,,Call or Ask for Help,FRED,757936319,transfomer has caughter fire at mukono kyiswera respond Imm.,Mukono,Mukono,NCCC Room,,,Closed,,
20240320201821390037,20/03/2024 20:18,makayi road,Fire,Male Fire,,Call or Ask for Help,judith,703909605,Repports fire out brake at Makayi road near new taxi park.,Old Kampala,Old Kampala,NCCC Room,,,Closed,,
20240320140001323019,20/03/2024 14:00,zana batabata,Fire,,,Call or Ask for Help,kigozi,741273325,Fire at Zana batabata ndege,COMMAND CENTER,Entebbe,NCCC Room,,,Closed,,
20240319042900586017,19/03/2024 04:29,munaku- kasubi-rubaga division,Fire,Male Fire,,Call or Ask for Help,NABOOTH,708007688,Fire outbreak reported,COMMAND CENTER,COMMAND CENTER,NCCC Room,,,Closed,32.55058,0.330691
20240318190411837017,18/03/2024 19:04,kasubi- opp MK -Kitoro,Fire,Female Fire,,Call or Ask for Help,justine,782612807,fire outbreak reported caused by transformer,COMMAND CENTER,COMMAND CENTER,NCCC Room,,,Closed,,
20240316212757948034,16/03/2024 21:27,water pump lukruli makindye,Fire,Male Fire,,Call or Ask for Help,Unknowmicheal,789746303,fire rsp,Katwe,MAKINDYE,NCCC Room,,,Closed,,
20240316212731536018,16/03/2024 21:27,Makindye-Bakamai hospital near the mosque,Fire,Male Fire,,Call or Ask for Help,Raymond,776835014,fire outbreak reported,Katwe,MAKINDYE,NCCC Room,,,Closed,,
20240315203041300025,15/03/2024 20:30,bwaise kawempe division,Fire,Male Fire,,Call or Ask for Help,namuyigo,706528760,reporting fire out break at above address.,Kawempe,Kawempe,NCCC Room,,,Closed,,
20240315124256164016,15/03/2024 12:42,Bukasa,Fire,,,Call or Ask for Help,Batongole,740340466,Fire outbreak please respond imm,COMMAND CENTER,COMMAND CENTER,NCCC Room,,,Closed,,
20240314234926448022,14/03/2024 23:49,lubaga division near lugala police station,Fire,Male Fire,,Call or Ask for Help,everline,701822939,serious fire at above place,COMMAND CENTER,COMMAND CENTER,NCCC Room,,,Closed,32.54349,0.327441
20240313123839730020,13/03/2024 12:38,Rubaga Nabulagala,Fire,Male Fire,,Call or Ask for Help,David,781193240,Fire outbreak reported from above address respond imm,COMMAND CENTER,COMMAND CENTER,NCCC Room,,,Pending Closure,,
20240312151827585025,12/03/2024 15:18,kireka quarrey kabaka road kiira division.,HOMICIDES,Death(Fire Out Breaks),,Call or Ask for Help,sam,709633903,reporting fire out break at above address.,Kira Division,Kira Division,NCCC Room,,,Closed,32.64589,0.342693
20240311102055021019,11/03/2024 10:20,lugajju kasubi,Fire,Male Fire,,Call or Ask for Help,fiona,707258539,fire reported,Old Kampala,Old Kampala,NCCC Room,,,Closed,32.54383,0.351538
20240309112020558018,09/03/2024 11:20,opposite prayer parish makindye behind katwe police,Fire,Male Fire,,Call or Ask for Help,charles,756620379,fire outbreak reported,Katwe,MAKINDYE,NCCC Room,,,Closed,32.5739,0.29114
20240307224648908025,07/03/2024 22:46,KAMUCA OPPOSITE CACA COLA KYEEBANDO,HOMICIDES,Death(Fire Out Breaks),,Call or Ask for Help,HENRY MUKASA,726743201,REPORTING ELECTRICITY LYING DOWN AND IS SPARKING AT ABOVE ADDRESS.,Kiira Road,Kiira Rd,NCCC Room,,,Closed,,
20240307073413672027,07/03/2024 07:34,True level company at seventh street industal area,Fire,Female Fire,,Call or Ask for Help,John,782999255,fire reported at the above. respond.,Kabalagala,Kabalagala,NCCC Room,,,Closed,,
20240306142350649030,06/03/2024 14:23,kikoza in mukono,Fire,Male Fire,,Call or Ask for Help,dan,706198517,fire outbreak reported at above handle.,Mukono,Mukono,NCCC Room,,,Closed,32.75238,0.352859
20240304202948079017,04/03/2024 20:29,mityana district-kambala,Fire,Male Fire,,Call or Ask for Help,john,779845686,serious fire outbreak,COMMAND CENTER,COMMAND CENTER,NCCC Room,,,Closed,,
20240304170921029025,04/03/2024 17:09,St Mark SSS a long Mityana road in Wakiso district,Fire,Male Fire,,Call or Ask for Help,martine,704596006,reporting truck has fallen on the midle of road and is burning at above address.,Wakiso,Wakiso,NCCC Room,,,Closed,32.32216,0.344087
20240303074659247025,03/03/2024 07:46,najjankumi busala entebbe road,HOMICIDES,Other Death (Not Specified above),,Call or Ask for Help,falus,742261593,reporting electricity wire which sock same body at above address.,Katwe,Katwe,NCCC Room,,,Closed,,
20240303004529238021,03/03/2024 00:45,mbale district near industrial park,Fire,Male Fire,,Call or Ask for Help,alex,752477036,serious fire outbreak at the above adress,COMMAND CENTER,COMMAND CENTER,NCCC Room,,,Closed,33.65022,1.713218
20240302100627742020,02/03/2024 10:06,wadegeya near market,Fire,Male Fire,,Call or Ask for Help,onyango,702910971,serious fire at above,COMMAND CENTER,COMMAND CENTER,NCCC Room,,,Closed,32.57231,0.329837
20240302044058291021,02/03/2024 04:40,bwaise,Fire,Female Fire,,Call or Ask for Help,kasule,752464039,fire outbreak at the above,COMMAND CENTER,COMMAND CENTER,NCCC Room,,,Closed,32.55835,0.351476
20240301110305591036,01/03/2024 11:03,first street industrial area,Fire,Male Fire,,Call or Ask for Help,steven,785774481,Fire at the above plz comply,COMMAND CENTER,COMMAND CENTER,NCCC Room,,,Closed,,
20240228204357250025,28/02/2024 20:43,kabubi nansana municipality,Fire,Male Fire,,Call or Ask for Help,asimwe simon,780296295,"reporting fire out break at above address,plz handle it imm.",COMMAND CENTER,NANSANA,NCCC Room,,,Closed,,
20240228175056605026,28/02/2024 17:50,PROGRESSIVE SS KIKAWULA IN LUGAZI,Fire,Male Fire,,Call or Ask for Help,BULUNGO,774542804,THERE IS FIRE OUTBREAKE AT THE ABOVU PLACE PLEASE HANDLE IT.,COMMAND CENTER,COMMAND CENTER,NCCC Room,,,Closed,,
20240227031230458012,27/02/2024 03:12,Kibale palisa dist,Fire,Female Fire,,Call or Ask for Help,Ali,787524019,Reports fire out break on a building,COMMAND CENTER,COMMAND CENTER,NCCC Room,,,Closed,,
20240226191019461012,26/02/2024 19:10,lungala stage stage going to prode mpigi district,GENERAL CRIMES,Other Crimes in General,other penal code offences (not categorized),Call or Ask for Help,ahamadi,750648661,Reports fire on an electric pole,COMMAND CENTER,COMMAND CENTER,NCCC Room,,,Closed,32.34608,0.242422
20240226113938944025,26/02/2024 11:39,namugoona kakiri,Fire,Male Fire,,Call or Ask for Help,babirye,763234736,reporting fire out break at above address,Old Kampala,Old Kampala,NCCC Room,,,Closed,,
20240226111755204020,26/02/2024 11:17,Old Kampala sawuriako,Fire,,,Call or Ask for Help,Ssentogo,708372008,Fire outbreak at above address respond imm,Old Kampala,Old Kampala,NCCC Room,,,Closed,32.57182,0.314464
20240226020243510036,26/02/2024 02:02,kwanda-kisenyi-kampala,Fire,Male Fire,,Call or Ask for Help,kasirye,765368999,fire outbreak,COMMAND CENTER,COMMAND CENTER,NCCC Room,,,Closed,,
20240225232231718025,25/02/2024 23:22,kibuye -opp dancers,Fire,Male Fire,,Call or Ask for Help,raymond,701703637,serious fire outbreak,COMMAND CENTER,COMMAND CENTER,NCCC Room,,,Closed,32.57253,0.290198
20240222145325857017,22/02/2024 14:53,jinja city-Masese area,Fire,Male Fire,,Call or Ask for Help,Osembo,707530164,fire outbreak reported,COMMAND CENTER,COMMAND CENTER,NCCC Room,,,Closed,32.81863,0.424598
20240221195100763025,21/02/2024 19:51,najanakumbi ku stera entebe road,Fire,Male Fire,,Call or Ask for Help,david,772166865,called and reported fire out break handle imm,Entebbe,Entebbe,NCCC Room,,,Closed,,
20240221090628163020,21/02/2024 09:06,namanve green power factory,Fire,Male Fire,,Call or Ask for Help,Richard,709084092,Reports fire outbreak .,Mukono,Mukono,NCCC Room,,,Closed,32.65781,0.341511
20240220172616717012,20/02/2024 17:26,lubaga road,Fire,Male Fire,,Call or Ask for Help,stiwat,705963142,fire in lubaga namirembe,COMMAND CENTER,COMMAND CENTER,NCCC Room,,,Closed,32.56565,0.31272
20240218205758955023,18/02/2024 20:57,lugazi bsabaga,Fire,Female Fire,,Call or Ask for Help,Kyeyune,787273398,Reports fire out break on a fuel tank,COMMAND CENTER,COMMAND CENTER,NCCC Room,,,Closed,,
20240216194649767021,16/02/2024 19:46,nakule in nanasa,OTHER LAWS,All other Acts,,Call or Ask for Help,dr keceUnknown,756255939,reports that there is someone who is covered by sand as they were digging a pit latrine,COMMAND CENTER,NANSANA,NCCC Room,,,Closed,32.55181,0.361395
20240215222631319025,15/02/2024 22:28,lubaga road near oryx petro station,HOMICIDES,Death (Traffic Accidents ),,Call or Ask for Help,mukade,740225349,[Acceptance Record] fire reported in the above,COMMAND CENTER,COMMAND CENTER,NCCC Room,,,Closed,,
20240215221829553012,15/02/2024 22:18,Bwaise,Fire,Male Fire,,Call or Ask for Help,Lugobi Peter,763092789,Reports fire outbreak in Bwaise.,Kawempe,Kawempe,NCCC Room,,,Closed,,
20240215161246102013,15/02/2024 16:12,wamala wakiso,Fire,Male Fire,,Call or Ask for Help,fuluku,771860209,fireoutbreak,COMMAND CENTER,Wakiso,NCCC Room,,,Closed,,
20240214140908251015,14/02/2024 14:09,Wabiduku kiwatule,Fire,,,Call or Ask for Help,Fatuma,788260835,Fire respond imm,COMMAND CENTER,COMMAND CENTER,NCCC Room,,,Closed,,
20240214115746131034,14/02/2024 11:57,mukono bukerere,HOMICIDES,Death(Fire Out Breaks),,Call or Ask for Help,agaba,741362834,fire out break at the above adress,Mukono,Mukono,NCCC Room,,,Closed,,
20240214024144123015,14/02/2024 02:41,kyegwiisa in ibanda district,Fire,Male Fire,,Call or Ask for Help,travor,743723111,reports fire outbreak at the above,COMMAND CENTER,COMMAND CENTER,NCCC Room,,,Closed,,
20240213050339292017,13/02/2024 05:03,gonyegere-busabala road-makindye,Fire,Male Fire,,Call or Ask for Help,staff sergent charles,782303197,"fire outbreak at the above place,plz handle imm.",Katwe,MAKINDYE,NCCC Room,,,Closed,,
20240212212531901021,12/02/2024 21:25,nakwero canan estates gayaza road,Fire,Male Fire,,Call or Ask for Help,eric,703227235,a house on fire plz comply imm,COMMAND CENTER,COMMAND CENTER,NCCC Room,,,Closed,32.64326,0.455533
20240211210419850017,11/02/2024 21:04,Mbale City- Opp Big fm,OTHER LAWS,Traffic and Road Safety Act (Not categorised),,Call or Ask for Help,HASSAN,742830245,fire outbreak reported in the above area,COMMAND CENTER,COMMAND CENTER,NCCC Room,,,Closed,,
20240211061616927020,11/02/2024 06:16,kisota zone kisasi,Fire,Male Fire,,Call or Ask for Help,medi,701976269,electric fire at above,COMMAND CENTER,COMMAND CENTER,NCCC Room,,,Closed,,
20240210205215330012,10/02/2024 20:52,Kisugu Mubanudi rd going to police,Fire,Male Fire,,Call or Ask for Help,Barshir,756393044,Reports fire on a transformer,Kabalagala,Kisugu,NCCC Room,,,Closed,,
20240210203003011012,10/02/2024 20:30,Nsambya kilombe,Fire,Female Fire,,Call or Ask for Help,Nagawa,709589598,Reports fire on an electric pole,Kabalagala,Kabalagala,NCCC Room,,,Closed,32.59494,0.289921
20240208134907108017,08/02/2024 13:49,kawala -kataka opp police,Fire,Male Fire,,Call or Ask for Help,ARAFAT,707476882,Fire outbreak caused by electric pole which has fallen down,COMMAND CENTER,COMMAND CENTER,NCCC Room,,,Closed,,
20240208005232575032,08/02/2024 00:52,mulago_kas'awe,Fire,Male Fire,,Call or Ask for Help,mukko,703326038,Fire reported in the above,COMMAND CENTER,COMMAND CENTER,NCCC Room,,,Closed,32.5782,0.344768
20240206210005011017,06/02/2024 21:00,kasasa petrol Station-wakiso district,Fire,Male Fire,,Call or Ask for Help,wilber,757790741,"an electric pool has fallen on the road with power sparking,plz handle",Wakiso,Wakiso,NCCC Room,,,Closed,,
20240205155704221021,05/02/2024 15:57,mubende near mulet community,Fire,,,Call or Ask for Help,brenda,726328034,there is fire outbreak,COMMAND CENTER,COMMAND CENTER,NCCC Room,,,Closed,,
20240204055635888025,04/02/2024 05:56,katwe-near kitara church,Fire,Male Fire,,Call or Ask for Help,bob,726826632,serious fire outbreak pliz handle,Katwe,Katwe,NCCC Room,,,Closed,,
20240203204549696012,03/02/2024 20:45,Kakiri near total,Fire,Female Fire,,Call or Ask for Help,Unknown,708081363,Reports fire on a m/v,Kakiri,Kakiri,NCCC Room,,,Closed,32.40171,0.415516
20240202211311228012,02/02/2024 21:13,Kiwanga mukono Near namanve area,Fire,Female Fire,,Call or Ask for Help,Adam,771302893,Reports fire on a transformer,Mukono,Mukono,NCCC Room,,,Closed,,
20240202125025539023,02/02/2024 12:50,sanity bukasa bweyorere near kiira division,HOMICIDES,Death(Fire Out Breaks),,Call or Ask for Help,sam,704009103,reporting fire out break,Kira Division,Bweyogerere,NCCC Room,,,Closed,32.67488,0.328385
20240201023241944036,01/02/2024 02:32,kisasi nakawa,Fire,Male Fire,,Call or Ask for Help,bruno,780723697,Reports electric pole is burning plz help.,Kiira Road,Kisaasi/Kyanja,NCCC Room,,,Closed,,
20240131104533747017,31/01/2024 10:45,mutungo-zone 3 st anthony,Fire,Female Fire,,Call or Ask for Help,mirembe,760300828,serious fire outbreak,COMMAND CENTER,COMMAND CENTER,NCCC Room,,,Closed,,
20240130114641527036,30/01/2024 11:46,kajjasi clays Kajjasi Division,Fire,Male Fire,,Call or Ask for Help,amos,708674533,Reports fire please help.,Kajjansi,Kajjansi,NCCC Room,,,Closed,32.5294,0.220712
20240129192911745019,29/01/2024 19:29,mpelerwe,Fire,Male Fire,,Call or Ask for Help,kamada,701723321,a transformer on fire plz respond imm,COMMAND CENTER,COMMAND CENTER,NCCC Room,,,Closed,32.57602,0.384166
20240127213302506012,27/01/2024 21:33,Bukasa nambole,Fire,Female Fire,,Call or Ask for Help,Fred,775135711,Reports fire on a transformer,Kira Division,Kira Division,NCCC Room,,,Closed,,
20240127020129650021,27/01/2024 02:01,kyanja,Fire,Male Fire,,Call or Ask for Help,mark,701897287,serious fire near ring road,COMMAND CENTER,COMMAND CENTER,NCCC Room,,,Closed,32.60196,0.390912
20240126031707840036,26/01/2024 03:17,Near total buga Ggaba road katwe,Fire,Male Fire,,Call or Ask for Help,stephen,753547926,Reports m/v is burning near fuel station please help.,Katwe,MAKINDYE,NCCC Room,,,Closed,32.6183,0.298576
20240126020130001015,26/01/2024 02:01,Maganjo,Fire,Male Fire,,Call or Ask for Help,Allan,707341521,fire outbreak plz respond imm,COMMAND CENTER,COMMAND CENTER,NCCC Room,,,Closed,32.55206,0.392911
20240125234119003019,25/01/2024 23:41,Lumucha -rubaga,Fire,Male Fire,,Call or Ask for Help,Joan,703729956,Fire on electric pole,Old Kampala,Old Kampala,NCCC Room,,,Closed,,
20240125210953176036,25/01/2024 21:09,wagulukuku Natete,Fire,Male Fire,,Call or Ask for Help,opio daniel,709376734,Reports fire out break please help,Katwe,Natete,NCCC Room,,,Closed,,
20240124213850718027,24/01/2024 21:38,kosove lisazi lubaga diviosion,Fire,Male Fire,,Call or Ask for Help,Peter,786841050,"Fire reported at the above, respond.",Old Kampala,Old Kampala,NCCC Room,,,Closed,,
20240124170856387026,24/01/2024 17:08,kireka d kiganda,OTHER LAWS,All other Acts,,Call or Ask for Help,david,703319187,"fire ,pliz comply",COMMAND CENTER,COMMAND CENTER,NCCC Room,,,Closed,,
20240124160953902017,24/01/2024 16:09,matuga-jokolera,Fire,Male Fire,,Call or Ask for Help,ronald,785056202,Serious fire outbreak reported,COMMAND CENTER,COMMAND CENTER,NCCC Room,,,Closed,,
20240123223354594014,23/01/2024 22:33,WESTERN GATE,Fire,Male Fire,,Call or Ask for Help,GLORY,740270450,FIRE PLZ RESPOND IMM,COMMAND CENTER,COMMAND CENTER,NCCC Room,,,Closed,,
20240122141745409018,22/01/2024 14:17,Kyambogo-opp office of NRM,Fire,Male Fire,,Call or Ask for Help,Nicholas,763901415,Fire reported at the above place,Jinja Road,Kyambongo Univ,NCCC Room,,,Closed,,
20240121190728466022,21/01/2024 19:07,Gabba rd just afterarena mall,Fire,Male Fire,,Call or Ask for Help,brian,778591026,fire outbreak reported,COMMAND CENTER,Kabalagala,NCCC Room,,,Closed,,
20240121142514673017,21/01/2024 14:25,At karama mbarara district,Fire,Male Fire,,Call or Ask for Help,didus,706891215,A fuel transit vehicle has cought fire at the above address please handle,COMMAND CENTER,COMMAND CENTER,NCCC Room,,,Closed,,
20240121041411878025,21/01/2024 04:14,gayaza-near the new magistrate court,Fire,Male Fire,,Call or Ask for Help,chris,782403985,serious fire out break,COMMAND CENTER,COMMAND CENTER,NCCC Room,,,Closed,,
20240120061603980017,20/01/2024 06:18,kawempe-bombo road-OPP- Riham,Fire,Male Fire,,Call or Ask for Help,SENTONGO,709877554,[Acceptance Record] FIRE,COMMAND CENTER,COMMAND CENTER,NCCC Room,,,Closed,32.55751,0.377606
20240119234332486012,19/01/2024 23:43,Bwaise eden,Fire,Female Fire,,Call or Ask for Help,Gift,704063968,Reports fire outbreak on an electric pole,Kawempe,Kawempe,NCCC Room,,,Closed,32.55824,0.352333
20240119213137763017,19/01/2024 21:31,mbuya-railway,Fire,Male Fire,,Call or Ask for Help,monday,702266986,fire outbreak,COMMAND CENTER,COMMAND CENTER,NCCC Room,,,Closed,32.62317,0.329788
20240119050526320017,19/01/2024 05:07,Nateete opp -finance trust bank,Fire,Female Fire,,Call or Ask for Help,SOPHIE,752738473,[Acceptance Record] fire outbreak reported,COMMAND CENTER,COMMAND CENTER,NCCC Room,,,Closed,32.53444,0.299119
20240119050743597037,19/01/2024 05:07,tamaland sons natete,Fire,Male Fire,,Call or Ask for Help,faruk,761914941,fire plz respond,COMMAND CENTER,COMMAND CENTER,NCCC Room,,,Closed,,
20240116210242385014,16/01/2024 21:02,Kazo kawempe,Fire,Female Fire,,Call or Ask for Help,kakembo Ronald,702950653,Reports fire outbreak,Kawempe,Kawempe,NCCC Room,,,Closed,32.55482,0.360146
20240116172342625017,16/01/2024 17:24,sir apollo kagwa makerere-kikoni,Fire,Male Fire,,Call or Ask for Help,Tabu,701425152,[Acceptance Record] fire outbreak,COMMAND CENTER,COMMAND CENTER,NCCC Room,,,Closed,32.56281,0.345514
20240116111402916012,16/01/2024 11:14,wakiso ku kumi,Fire,Female Fire,,Call or Ask for Help,John,757809329,Reports fire on an electric pole,Wakiso,Wakiso,NCCC Room,,,Closed,32.48265,0.394859
20240116103715804017,16/01/2024 10:37,kitintale-OPP-clevers origin,Fire,Male Fire,,Call or Ask for Help,kauchi,743816518,fire outbreak reported,COMMAND CENTER,COMMAND CENTER,NCCC Room,,,Closed,,
20240115185219241017,15/01/2024 18:52,Kamwokya at dream studio,Fire,Male Fire,,Call or Ask for Help,Igumba,757992407,Fire,COMMAND CENTER,COMMAND CENTER,NCCC Room,,,Closed,32.58796,0.347695
20240115062417737032,15/01/2024 06:24,nyendo town-masaka district,Fire,Male Fire,,Call or Ask for Help,john,709385961,"fire out break at the above place,plz handle.",COMMAND CENTER,COMMAND CENTER,NCCC Room,,,Closed,,
20240114215007534024,14/01/2024 21:50,nagos bushenyi district and the nearest police is ishaka police station,Fire,Male Fire,,Call or Ask for Help,isaac nwagaba,705501482,the same called and reported fire out break please handle imm,COMMAND CENTER,COMMAND CENTER,NCCC Room,,,Closed,30.15766,-0.544203
20240114211142973032,14/01/2024 21:11,"nsambya-gogonya by- pass,makindye",Fire,Male Fire,,Call or Ask for Help,haliya,764754065,"fire outbreak at the above place,plz handle imm.",Katwe,MAKINDYE,NCCC Room,,,Closed,,
20240114061710856021,14/01/2024 06:17,hotel Equatorial,Fire,Female Fire,,Call or Ask for Help,EDWIN,753181857,FIRE,CPS Kampala,Kampala CPS,NCCC Room,,,Closed,32.61497,0.415527
20240109025210090014,09/01/2024 02:52,Nansana,Fire,Male Fire,,Call or Ask for Help,Mugerwa,702766413,Fire plz report imm,COMMAND CENTER,COMMAND CENTER,NCCC Room,,,Closed,32.53709,0.355256
20240108011730295015,08/01/2024 01:17,kaso oil AFRIKA,Fire,,,Call or Ask for Help,Unknown,782019040,Fire outbreak,Kawempe,Kawempe,NCCC Room,,,Closed,,
20240106231321363020,06/01/2024 23:13,katwe -moto house lubiri ring road,Fire,Male Fire,,Call or Ask for Help,peter,764535733,"serious fire outbreak from the electric poles,plz handle imm.",Katwe,Katwe,NCCC Room,,,Closed,,
20240105192126121030,05/01/2024 19:21,luzira near church of uganda,Fire,Male Fire,,Call or Ask for Help,Charles,773521029,fire at the above adress,Jinja Road,Kitintale,NCCC Room,,,Closed,,
20240104175803321018,04/01/2024 17:58,Nsambya police barracks,Fire,Male Fire,,Call or Ask for Help,emma,751050016,"fire outbreak in nsambya police barracks,plz handle imm.",Kabalagala,Kabalagala,NCCC Room,,,Closed,32.59182,0.303967
20240103224620617021,03/01/2024 22:46,kumi (namugongo road),Fire,Male Fire,,Call or Ask for Help,ben,786451830,electric pole caught fire at the above location pliz respond imm,COMMAND CENTER,COMMAND CENTER,NCCC Room,,,Closed,,
20231231212037602018,31/12/2023 21:20,gayaza mile 6 near sekanyonyi police post,HOMICIDES,Death(Fire Out Breaks),,Call or Ask for Help,ali,783103358,reporting fire out break at electricity pole and where fire is therevery many houses at above address.,Kawempe,Kawempe,NCCC Room,,,Closed,,
20231229124800941023,29/12/2023 12:48,Ndenje Kanaba in Katwe Division,Fire,Female Fire,,Call or Ask for Help,Sekandi Muhamad,0708203434,There is fire out break on Electric Pole at Ndeje Kanaba Busabala Road in Katwe Division.,Katwe,Katwe,NCCC Room,,,Closed,,
20231229020240539012,29/12/2023 02:02,Wobulenzi kataka grounds,Fire,Female Fire,,Call or Ask for Help,Muwonge,772721488,Reports fire on a transformer,COMMAND CENTER,COMMAND CENTER,NCCC Room,,,Closed,,
20231228204802088012,28/12/2023 20:48,Kawempe katale,Fire,Female Fire,,Call or Ask for Help,ronald,770399097,Reports fire on an electric pole,Kawempe,Kawempe,NCCC Room,,,Closed,,
20231226091814586017,26/12/2023 09:20,City mall -OPP- Owino Market,Fire,Male Fire,,Call or Ask for Help,KAJIMU,758646332,[Acceptance Record] FIRE,COMMAND CENTER,COMMAND CENTER,NCCC Room,,,Closed,32.57601,0.31143
20231225183335675024,25/12/2023 18:33,kawempe ruka plastics,Fire,Male Fire,,Call or Ask for Help,francis,704939634,theres fire plz handle imm,COMMAND CENTER,COMMAND CENTER,NCCC Room,,,Closed,32.36891,0.451155
20231225160703796017,25/12/2023 16:07,Kikaajo-Namasuba,Fire,Male Fire,,Call or Ask for Help,MUSA,704529699,Fire outbreak reported,COMMAND CENTER,COMMAND CENTER,NCCC Room,,,Closed,,
20231224073839378017,24/12/2023 07:39,seguku-ebebeneza opp petrol station-entebbe road-wakiso district,Fire,Male Fire,,Call or Ask for Help,jimmy,744216643,[Acceptance Record] fire,COMMAND CENTER,COMMAND CENTER,NCCC Room,,,Closed,,
20231222204120604021,22/12/2023 20:41,mulago gayaza road,HOMICIDES,Death(Fire Out Breaks),,Call or Ask for Help,peter,752625532,serious fire at above place,COMMAND CENTER,COMMAND CENTER,NCCC Room,,,Closed,,
20231221194726394015,21/12/2023 19:47,nansana kavumbi,Fire,Male Fire,,Call or Ask for Help,rose,701227515,Reported fire out break at the above adress,COMMAND CENTER,NANSANA,NCCC Room,,,Closed,32.52663,0.378531
20231221185555091012,21/12/2023 18:55,Musajja alumba,Fire,Female Fire,,Call or Ask for Help,Jumba,772927078,Reports fire on an electric pole,Old Kampala,Old Kampala,NCCC Room,,,Closed,,
20231221162004479013,21/12/2023 16:20,kigobe_lukala_old kampala,Fire,Female Fire,,Call or Ask for Help,lawrence,0777254262,fire outbreak at about place,Old Kampala,Old Kampala,NCCC Room,,,Closed,,
20231220225007614037,20/12/2023 22:50,ISABELLA NTINDA,Fire,Male Fire,,Call or Ask for Help,ALEX,775155403,FIRE AT ABOVE REPLY,COMMAND CENTER,Kiira Road,NCCC Room,,,Closed,,
20231220192459497020,20/12/2023 19:24,ntinda,Fire,Male Fire,,Call or Ask for Help,philipo,744756167,fire at above,COMMAND CENTER,COMMAND CENTER,NCCC Room,,,Closed,,
20231220171750608025,20/12/2023 17:17,bunamwaya,Fire,,,Call or Ask for Help,NOAH,754365461,fire at the area,COMMAND CENTER,COMMAND CENTER,NCCC Room,,,Closed,32.54263,0.268781
20231220144412011026,20/12/2023 14:44,kalongo health center iii in Hoima district,Fire,Male Fire,,Call or Ask for Help,Ivan,706569352,fire out break reported at above respond imm.,COMMAND CENTER,COMMAND CENTER,NCCC Room,,,Closed,31.29543,1.456485
20231219203144396037,19/12/2023 20:31,gogo kigoowa ntinda,Fire,Male Fire,,Call or Ask for Help,,07769935550,fire at the above respond,COMMAND CENTER,Kiira Road,NCCC Room,,,Closed,,
20231218142654122034,18/12/2023 14:26,kiwalutule,Fire,Male Fire,,Call or Ask for Help,malvin,788485616,fireoutbreak,Kiira Road,Kiira Rd,NCCC Room,,,Closed,,
20231217214454039021,17/12/2023 21:44,KISASI KIRA ROAD,Fire,Female Fire,,Call or Ask for Help,Rose Nyondo,778118580,At Kisasi Star Petrol Station After Bahai round about in kira road kampala the building is cracking about to collapse and they are in danger,Kiira Road,Kiira Rd,NCCC Room,,,Closed,,
20231216145224352025,16/12/2023 14:52,butabika,Fire,Male Fire,,Call or Ask for Help,emma,777380792,fire butakika,Jinja Road,Jinja Road,NCCC Room,,,Closed,,
20231216012205599014,16/12/2023 01:22,clock tower barracks in katwe,Fire,Male Fire,,Call or Ask for Help,yasin,709553088,caller reports fire at the above address,Katwe,Katwe,NCCC Room,,,Closed,32.57571,0.306251
20231215204031754017,15/12/2023 20:40,bulenga nakawande wakiso district,HOMICIDES,Death(Fire Out Breaks),,Call or Ask for Help,mayanja phillip,789835201,reporting fire out break at above address,Wakiso,Wakiso,NCCC Room,,,Closed,,
20231214121018462019,14/12/2023 12:10,kyebando around flyover,Fire,Male Fire,,Call or Ask for Help,eriasab,787653745,"the above reports fire,pliz respond",COMMAND CENTER,COMMAND CENTER,NCCC Room,,,Closed,,
20231212203215317017,12/12/2023 20:32,bulenga-nakuwade,Fire,Female Fire,,Call or Ask for Help,tracy,742624222,fire outbreak reported,COMMAND CENTER,COMMAND CENTER,NCCC Room,,,Closed,,
20231211200853204019,11/12/2023 20:08,Banda ROOFINGS OUTLET,Fire,Male Fire,,Call or Ask for Help,PAUL,705042502,fire at the above please respond,Jinja Road,Kyambongo Univ,NCCC Room,,,Closed,32.62948,0.341043
20231211135907796028,11/12/2023 13:59,kabowa near bright arena church near freedom city,Fire,Male Fire,,Call or Ask for Help,john,704039051,serious fire,Katwe,Katwe,NCCC Room,,,Closed,32.55977,0.275636
20231211084532587026,11/12/2023 08:45,city house opp church hse,Fire,Male Fire,,Call or Ask for Help,Unknown,776693979,serious fire outbreak,CPS Kampala,Kampala CPS,NCCC Room,,,Closed,,
20231211084451390036,11/12/2023 08:44,kampala road church house,Fire,Male Fire,,Call or Ask for Help,aron,761203691,fire outbrak,CPS Kampala,Kampala CPS,NCCC Room,,,Closed,,
20231211083219431036,11/12/2023 08:32,kirombe luzira,Fire,Male Fire,,Call or Ask for Help,alvin,740571469,there is fire outbreak,Jinja Road,Jinja Road,NCCC Room,,,Closed,,
20231209151846741017,09/12/2023 15:18,Naseer road opp general plazer,Fire,Female Fire,,Call or Ask for Help,joan,760026046,fire,COMMAND CENTER,COMMAND CENTER,NCCC Room,,,Closed,,
20231209011809941026,09/12/2023 01:18,NANSANA LUFRA,Fire,,,Call or Ask for Help,MUKASA,787474170,FIRE,COMMAND CENTER,NANSANA,NCCC Room,,,Closed,,
20231206185734107026,06/12/2023 18:57,sulaino pri sch buikwe mbiko,Fire,Male Fire,,Call or Ask for Help,j,759823621,fire outbreak reported,COMMAND CENTER,COMMAND CENTER,NCCC Room,,,Closed,33.13929,0.439402
20231205144538298028,05/12/2023 14:45,mulago near church of uganda,Fire,Male Fire,,Call or Ask for Help,basil,778589833,fire outbreak reported at above handle.,Wandegeya,Mulago,NCCC Room,,,Closed,,
20231204110722851025,04/12/2023 11:07,KYEKATOSI,Fire,Male Fire,,Call or Ask for Help,KAWOYA JOHNASAN,751928309,"Kawoya called and reported fire out break from an electric poll after being knocked by a car, please respond imm.",Mukono,Mukono,NCCC Room,,,Closed,,
20231204003551084036,04/12/2023 00:35,tula kawempe near taiba school,Fire,Male Fire,,Call or Ask for Help,ibrahim,701939629,reports fire plz respond,Kawempe,Kawempe,NCCC Room,,,Closed,32.56828,0.359984
20231203225618564026,03/12/2023 22:56,Kyegegwa town,Fire,Male Fire,,Call or Ask for Help,JOAN,757408915,"Reports a vehicle which has caught fire at the above, need help rspond.",COMMAND CENTER,COMMAND CENTER,NCCC Room,,,Closed,31.05816,0.479931
20231203204251526022,03/12/2023 20:42,salama road,Fire,Male Fire,,Call or Ask for Help,bright,782121945,there is fire,Katwe,Katwe,NCCC Room,,,Closed,,
20231203115245878017,03/12/2023 11:52,kirewa-nagongole-Tororo,Fire,Male Fire,,Call or Ask for Help,RICHARD,761836554,Fire outbreak,COMMAND CENTER,COMMAND CENTER,NCCC Room,,,Closed,,
20231202100216781017,02/12/2023 10:02,nsambya-ayudi stage,Fire,Male Fire,,Call or Ask for Help,ronald,743948607,fire outbreak reported,COMMAND CENTER,COMMAND CENTER,NCCC Room,,,Closed,,
20231202020253161026,02/12/2023 02:02,maese cibuganbata,Fire,,,Call or Ask for Help,kaihana,741752138,FIRE OUT BREAK MASESE JINJA,COMMAND CENTER,COMMAND CENTER,NCCC Room,,,Closed,,
20231201070748540037,01/12/2023 07:07,nabweru wakiso,Fire,Male Fire,,Call or Ask for Help,Namaima chritine,743745009,Reports house on fire plz help.,Wakiso,Wakiso,NCCC Room,,,Closed,,
20231127094745690025,27/11/2023 09:47,namungona jojina,Fire,Female Fire,,Call or Ask for Help,mukwaya rojas,756864889,called and reported fire at the above place please respond imm,Old Kampala,Old Kampala,NCCC Room,,,Closed,,
20231124192554261023,24/11/2023 19:25,FORT NPORTAL,Fire,Female Fire,,Call or Ask for Help,Paul Joshua,756642796,Fort portal Ewasa there is fire on Electric pole,COMMAND CENTER,COMMAND CENTER,NCCC Room,,,Closed,30.27341,0.614519
20231123015440770015,23/11/2023 01:54,makerere hill near ham tower,Fire,Male Fire,,Call or Ask for Help,baluku,764134506,serious fire outbreak,Wandegeya,Wandegeya,NCCC Room,,,Closed,,
20231122022321414030,22/11/2023 02:23,JINJA -SPAR ROAD-GARAGE,Fire,Male Fire,,Call or Ask for Help,STEVEN,772733836,Fire outbreak reported plz handle imm,COMMAND CENTER,COMMAND CENTER,NCCC Room,,,Closed,,
20231117120132290017,17/11/2023 12:01,lugogo opp new vision,Fire,Male Fire,,Call or Ask for Help,Roger's,740338693,fire outbreak,COMMAND CENTER,COMMAND CENTER,NCCC Room,,,Closed,,
20231117095436170037,17/11/2023 09:54,Traffic light Kisubi Entebbe,Fire,Male Fire,,Call or Ask for Help,Unknown,761445990,fire outbreak at the above address. please respond imm,Entebbe,Kisubi,NCCC Room,,,Closed,,
20231116151730656023,16/11/2023 15:17,soroti in wera,HOMICIDES,Death(Fire Out Breaks),,Call or Ask for Help,john,789384131,eletric poles have fallen in the above address,COMMAND CENTER,COMMAND CENTER,NCCC Room,,,Closed,,
20231114110325494021,14/11/2023 11:03,Lubaga soso centre near Hass petro station,Fire,Male Fire,,Call or Ask for Help,Rose,704629146,Fire outbreak respond imm,Old Kampala,Old Kampala,NCCC Room,,,Closed,32.56615,0.309037
20231114105241677012,14/11/2023 10:52,katogo near nbumya,Fire,Male Fire,,Call or Ask for Help,james,786174666,fire in katogo near mbuya,COMMAND CENTER,COMMAND CENTER,NCCC Room,,,Closed,,
20231113183745775012,13/11/2023 18:37,sekanyoyi mityana dist,Fire,Female Fire,,Call or Ask for Help,Alexander,771265914,Reports fire out break,COMMAND CENTER,COMMAND CENTER,NCCC Room,,,Closed,,
20231111054034361017,11/11/2023 05:40,Kayunga,Fire,Male Fire,,Call or Ask for Help,Denis,701748526,There is fire outbreak reported please respond Imm.,COMMAND CENTER,COMMAND CENTER,NCCC Room,,,Closed,,
20231111005858097022,11/11/2023 00:58,Nansana ku kibuloka,Fire,,,Call or Ask for Help,fahad,701688549,FIRE PLZ RESPOND,COMMAND CENTER,COMMAND CENTER,NCCC Room,,,Closed,32.53506,0.35419
20231110144257248036,10/11/2023 14:42,matunga,Fire,Male Fire,,Call or Ask for Help,aaron,764579888,fire outbreak,Kiira Road,Kasangati,NCCC Room,,,Closed,,
20231109130820414026,09/11/2023 13:08,lungujja before stabex in old kampala kamapala city.,HOMICIDES,Death(Fire Out Breaks),,Call or Ask for Help,ali,779924713,"reporting fire out break at address,plze take action imm.",Old Kampala,Lungujja,NCCC Room,,,Closed,,
20231108225919736013,08/11/2023 22:59,luzira opp bishop cipriano,Fire,Male Fire,,Call or Ask for Help,mario,782370084,fire at the above address respond imm,COMMAND CENTER,COMMAND CENTER,NCCC Room,,,Closed,,
20231106221811767019,06/11/2023 22:18,ruti village rwampara district,Fire,Male Fire,,Call or Ask for Help,boaz,772496359,the above is reporting electric fire,COMMAND CENTER,COMMAND CENTER,NCCC Room,,,Closed,,
20231105213727873012,05/11/2023 21:37,bulenga seguya stage,OTHER LAWS,All other Acts,,Call or Ask for Help,Francince,772963669,Reports fire out break,Katwe,Natete,NCCC Room,,,Closed,,
20231104043330833017,04/11/2023 04:33,Buddo Junior Junction,Fire,Female Fire,,Call or Ask for Help,Doreen,773316799,"There is fire outbreak at the above address, please respond",Nsangi,Nsangi,NCCC Room,,,Closed,,
20231102185605134035,02/11/2023 18:56,kasasa buloba kalambi wakiso,Fire,Female Fire,,Call or Ask for Help,titus,754288053,reports fire of electric pole,COMMAND CENTER,COMMAND CENTER,NCCC Room,,,Closed,32.4856,0.33826
20231101212107259025,01/11/2023 21:21,mutungo-jinja road,OTHER LAWS,All other Acts,,Call or Ask for Help,robert,709097203,power is sparking at the above place,Jinja Road,Jinja Road,NCCC Room,,,Closed,32.65372,0.312415
20231031200906615025,31/10/2023 20:09,transformer is sparking in glober near forest park beach,Fire,Male Fire,,Call or Ask for Help,mugalula ali baker,701272646,,COMMAND CENTER,Wakiso,NCCC Room,,,Closed,,
20231031130332104015,31/10/2023 13:03,kibuye ku railway,Fire,Male Fire,,Call or Ask for Help,william,709600834,fire case plz respond imm,COMMAND CENTER,COMMAND CENTER,NCCC Room,,,Closed,32.56923,0.29247
20231030215651668028,30/10/2023 21:56,fire at kawempe bwaise,Fire,Male Fire,,Call or Ask for Help,kaima,752089475,fire at the above place,Kawempe,Kawempe,NCCC Room,,,Closed,32.63839,0.316506
20231030131626562023,30/10/2023 13:16,bungo gomba,HOMICIDES,Death(Fire Out Breaks),,Call or Ask for Help,namatovu,755779072,fire on the eletric pole,COMMAND CENTER,COMMAND CENTER,NCCC Room,,,Closed,,
20231029180829167030,29/10/2023 18:27,lubaga-road-opp yoana maria- kisenyi,Fire,Male Fire,,Call or Ask for Help,kintu,752678531,[Acceptance Record] fire outbreak,COMMAND CENTER,COMMAND CENTER,NCCC Room,,,Closed,32.56345,0.310997
20231029125317269028,29/10/2023 12:53,"sir apollo kitintale sch,near kitintale hospital,nakawa div",OTHER LAWS,All other Acts,,Call or Ask for Help,linda,772650406,the above reports fire pliz respond,COMMAND CENTER,COMMAND CENTER,NCCC Room,,,Closed,,
20231028221240028012,28/10/2023 22:12,Bugabwe near bunya road,Fire,Female Fire,,Call or Ask for Help,Waiswa,782624074,Reports fire out break,COMMAND CENTER,COMMAND CENTER,NCCC Room,,,Closed,,
20231027164227017016,27/10/2023 16:42,kitintale zone pol,Fire,Male Fire,,Call or Ask for Help,francis,701195396,serious fire at the above place plz respond,COMMAND CENTER,COMMAND CENTER,NCCC Room,,,Closed,,
20231026123355228021,26/10/2023 12:33,WATON NEAR SUMMER,Fire,Female Fire,,Call or Ask for Help,JOAN,075405004,FIRE OUT BRAKE AT SUMMER GARDENS (ATHORNY) THROUGH TEL.0754050004 RESPOND IMM.,Mukono,Mukono,NCCC Room,,,Closed,,
20231026083520955024,26/10/2023 08:35,HAM BLOCK S NAKIBUGO,Fire,Male Fire,,Call or Ask for Help,HANINGTON,783129614,REPORTS FIRE OUT BREAK AT ABOVE PLACE,CPS Kampala,Kampala CPS,NCCC Room,,,Closed,,
20231025111043920012,25/10/2023 11:10,kusubi girls,Fire,Female Fire,,Call or Ask for Help,tumwesigye,786414465,Reports fire out break,Entebbe,Entebbe,NCCC Room,,,Closed,,
20231025084901377028,25/10/2023 08:49,kisubi st thereza school near the hospital,Fire,Male Fire,,Call or Ask for Help,Unknown,772421159,above reports fire plz comply,COMMAND CENTER,Entebbe,NCCC Room,,,Closed,,
20231024161750809021,24/10/2023 16:17,rubaga,Fire,Male Fire,,Call or Ask for Help,edward,772009522,fire,Old Kampala,Old Kampala,NCCC Room,,,Closed,,
20231024161515841037,24/10/2023 16:15,rusaze after mengo Nsibambi sentema rd,Fire,Male Fire,,Call or Ask for Help,kenneth,763215537,theres fire plz help imm,COMMAND CENTER,COMMAND CENTER,NCCC Room,,,Closed,,
20231023171648288028,23/10/2023 17:16,buziga country resort after,Fire,Male Fire,,Call or Ask for Help,lowrance,756196447,theres fire resp imm,COMMAND CENTER,COMMAND CENTER,NCCC Room,,,Closed,32.61667,0.263329
20231021214215774022,21/10/2023 21:42,"mengo, kusigye",Fire,Male Fire,,Call or Ask for Help,adrew,765894473,reports electric pole catching fire.,COMMAND CENTER,COMMAND CENTER,NCCC Room,,,Closed,,
20231021202108356016,21/10/2023 20:21,golden junior kyamagwa jinja district,Fire,Male Fire,,Call or Ask for Help,David,783504031,reports fire by electricity plz respond,COMMAND CENTER,COMMAND CENTER,NCCC Room,,,Closed,,
20231021165708520018,21/10/2023 16:57,mengo,Fire,Male Fire,,Call or Ask for Help,abdul,0757196098,,Old Kampala,Old Kampala,NCCC Room,,,Closed,,
20231021154515686025,21/10/2023 15:45,Najjera in Kira Division,Fire,Male Fire,,Call or Ask for Help,Patrick,772991386,Reports fire out break at Najjera near petrol station please respond,Kira Division,Kira Division,NCCC Room,,,Closed,,
20231019223730112017,19/10/2023 22:37,Gowas road Entebbe,Fire,Male Fire,,Call or Ask for Help,Ronnie,708403417,Fire outbreak reported above please handle,COMMAND CENTER,Entebbe,NCCC Room,,,Closed,32.46488,0.05039
20231018230529659018,18/10/2023 23:05,Kiyende,Fire,,,Call or Ask for Help,kyengule,772625829,,Kabalagala,Kabalagala,NCCC Room,,,Closed,,
20231018211113118027,18/10/2023 21:11,nakulabye at traffic lights,Fire,Male Fire,,Call or Ask for Help,Nelson,0776036772,,Old Kampala,Old Kampala,NCCC Room,,,Closed,,
20231018174527911028,18/10/2023 17:45,LUKULI NEAR MIGADE STAGE WAKISO,Fire,Male Fire,,Call or Ask for Help,AleX,702249674,FIRE AT THE ABOVE PLZ RESPOND,COMMAND CENTER,COMMAND CENTER,NCCC Room,,,Closed,32.59312,0.285346
20231018161949617023,18/10/2023 16:23,northern bypass- busega,Fire,Male Fire,,Call or Ask for Help,denish,706529882,[Acceptance Record] fire outbreak,COMMAND CENTER,COMMAND CENTER,NCCC Room,,,Closed,32.5187,0.315122
20231017135623656021,17/10/2023 13:56,kisugu namwongo road,Fire,Male Fire,,Call or Ask for Help,deogracious,756302780,fire at the above address please handle,Kabalagala,Kisugu,NCCC Room,,,Closed,,
20231015090012925021,15/10/2023 09:00,busabala road micho primary school,Fire,Male Fire,,Call or Ask for Help,nasa,742464778,Reports fire outbreak,Katwe,Katwe,NCCC Room,,,Accepted,,
20231014150739690022,14/10/2023 15:07,nyakinyogozi-makindye,Fire,Male Fire,,Call or Ask for Help,john onen,773355476,serious fire outbreak pliz handle imm,Katwe,MAKINDYE,NCCC Room,,,Closed,,
20231013194356543021,13/10/2023 19:43,"Katogo, Kyasangaga Dist",Fire,Male Fire,,Call or Ask for Help,Kasuba,757979387,fire outbreake in the above address. respond imm,COMMAND CENTER,COMMAND CENTER,NCCC Room,,,Closed,,
20231012040539210019,12/10/2023 04:05,bugolobi,Fire,Male Fire,,Call or Ask for Help,joseph,701774086,fire outbreak reported plz respond imm,COMMAND CENTER,COMMAND CENTER,NCCC Room,,,Closed,32.62477,0.304634
20231011032745032021,11/10/2023 03:27,nalya ntinda,GENERAL CRIMES,Other Crimes in General,other penal code offences (not categorized),Call or Ask for Help,seten,772233314,fire in nalya ntida,COMMAND CENTER,COMMAND CENTER,NCCC Room,,,Closed,,
20231011032144280022,11/10/2023 03:21,wandegeya,Fire,Male Fire,,Call or Ask for Help,pc akamumpa,774334956,there ia a burning transformer at the above location please respond imm.,Wandegeya,Wandegeya,NCCC Room,,,Closed,,
20231010152850601028,10/10/2023 15:28,MAKERERE KAVULE AFTER TOTAL,Fire,Male Fire,,Call or Ask for Help,ABUDU,757832919,FIRE AT THE ABOVE APOLE OF ELECTRICITY PLZ COMPLY,COMMAND CENTER,COMMAND CENTER,NCCC Room,,,Closed,,
20231010134242728017,10/10/2023 13:42,mulago hospital,Fire,Male Fire,,Call or Ask for Help,Moses,772448633,fire outbreak,COMMAND CENTER,COMMAND CENTER,NCCC Room,,,Closed,,
20231009124903241021,09/10/2023 12:49,kakira jinja,Fire,Female Fire,,Call or Ask for Help,meya muhahiru,757755920,fire in kakira,COMMAND CENTER,COMMAND CENTER,NCCC Room,,,Closed,33.28051,0.497653
20231008003021625017,08/10/2023 00:30,kagoma opp Emma oil,Fire,Male Fire,,Call or Ask for Help,Gerald,782884426,fire outbreak reported,COMMAND CENTER,COMMAND CENTER,NCCC Room,,,Closed,,
20231007140631898022,07/10/2023 14:06,nsambya police barracks,Fire,Male Fire,,Call or Ask for Help,yusufu,726495561,fire out break in the above address pliz help.,COMMAND CENTER,Kabalagala,NCCC Room,,,Closed,,
20231007014559926017,07/10/2023 01:45,sir Apollo bakery-old kampala,Fire,Male Fire,,Call or Ask for Help,jackson,779340286,fire outbreak,COMMAND CENTER,COMMAND CENTER,NCCC Room,,,Closed,,
20231006173601719025,06/10/2023 17:36,luzira kisenyi three total petrol station,Fire,Male Fire,,Call or Ask for Help,bagambe,772503944,"the above reports fire ,pliz comply",COMMAND CENTER,COMMAND CENTER,NCCC Room,,,Closed,,
20231006035318227012,06/10/2023 03:53,kukyenabwelu,Fire,Female Fire,,Call or Ask for Help,kasuja,753224627,Reports fire out break,COMMAND CENTER,COMMAND CENTER,NCCC Room,,,Closed,32.53527,0.352898
20231006014303621012,06/10/2023 01:43,road going to kawanda police,Fire,Female Fire,,Call or Ask for Help,ARchis,702878055,Reports an electric wire fallen on the aground,COMMAND CENTER,COMMAND CENTER,NCCC Room,,,Closed,32.53588,0.412151
20231005215711711024,05/10/2023 21:57,"Nalaya,Round Rd",Fire,Male Fire,,Call or Ask for Help,Patrick,772406672,A m/v got fire in the above address respond imm,Kira Division,Kira Division,NCCC Room,,,Closed,,
20231005215607942021,05/10/2023 21:56,"kiwatule, near the flyover",Fire,Male Fire,,Call or Ask for Help,micheal,0779391430,reports a burning car on the a bove road causing traffic.,COMMAND CENTER,COMMAND CENTER,NCCC Room,,,Closed,,
20231005020108914022,05/10/2023 02:01,kawempe kawanda,Fire,Male Fire,,Call or Ask for Help,falidah,700163966,there is fire at the above location please respond imm.,Kawempe,Kawempe,NCCC Room,,,Closed,32.53181,0.416214
20231005010804649017,05/10/2023 01:08,made ngomba,Fire,Male Fire,,Call or Ask for Help,muhumuza,708233185,reports fireoutbreak at the above address,COMMAND CENTER,COMMAND CENTER,NCCC Room,,,Closed,31.57866,0.189356
20231004161510142017,04/10/2023 16:21,wandegeya market,Fire,Female Fire,,Call or Ask for Help,Zuena Nantume,701542826,[Acceptance Record] fire outbreak,COMMAND CENTER,COMMAND CENTER,NCCC Room,,,Closed,32.57337,0.329655
20231003001232984016,03/10/2023 00:12,NANSANA KYEBANDO,Fire,Male Fire,,Call or Ask for Help,TONY,742648890,FIRE OUT BREAK,COMMAND CENTER,NANSANA,NCCC Room,,,Closed,,
20231002110145699022,02/10/2023 11:01,nansana nsumbi,Fire,Male Fire,,Call or Ask for Help,christine,750667944,there is fire outbreak at the above location please respond imm.,COMMAND CENTER,NANSANA,NCCC Room,,,Closed,32.52122,0.360631
20231001191502488022,01/10/2023 19:15,kibuli near dipo,Fire,Male Fire,,Call or Ask for Help,james,704497457,serious fire on an electric pole at above place,COMMAND CENTER,COMMAND CENTER,NCCC Room,,,Closed,32.59218,0.308196
20231001161116951024,01/10/2023 16:11,kitebi kcca lubaga division,OTHER LAWS,All other Acts,,Call or Ask for Help,emmie,757951397,"the above reports fire,pliz respond imm",COMMAND CENTER,COMMAND CENTER,NCCC Room,,,Closed,32.54667,0.281489
20230930131828308018,30/09/2023 13:18,dep. chemestry makerere univerty,Fire,Male Fire,,Call or Ask for Help,nyakai,772646568,fire outbreat at makerere university please handle,Wandegeya,Wandegeya,NCCC Room,,,Closed,32.56706,0.335437
20230927162826257017,27/09/2023 16:30,NAMANVE-INDUSTRIAL AREA NEXT TO MEDICEL,Fire,Female Fire,,Call or Ask for Help,BARBRA,772494654,[Acceptance Record] FIRE,COMMAND CENTER,COMMAND CENTER,NCCC Room,,,Closed,32.72286,0.322101
20230927004447674027,27/09/2023 00:44,kyaliwajara,Fire,Male Fire,,Call or Ask for Help,benard,770817976,theres fire,COMMAND CENTER,COMMAND CENTER,NCCC Room,,,Closed,32.64356,0.380917
20230927003618753022,27/09/2023 00:36,kyaluwajala near st henery,Fire,Male Fire,,Call or Ask for Help,ivan,700794477,fire in kyaluwajala,COMMAND CENTER,COMMAND CENTER,NCCC Room,,,Closed,32.64462,0.381204
20230926211750032027,26/09/2023 21:17,bandwe nalumunye wakiso,Fire,Female Fire,,Call or Ask for Help,matovu,756333168,theres fire help imm,COMMAND CENTER,COMMAND CENTER,NCCC Room,,,Closed,32.51527,0.270929
20230926205836531036,26/09/2023 20:58,"Gayaza Rd, Kyabando, Katale near Edinas Sch",Fire,Male Fire,,Call or Ask for Help,Tumisabire,777880443,Fire out break at the above address. Please respond,Kiira Road,Kiira Rd,NCCC Room,,,Closed,,
20230926204725295018,26/09/2023 20:47,kyebando kira road,Fire,Male Fire,,Call or Ask for Help,lubega,743691904,fire at the above address please handle,Kiira Road,Kiira Rd,NCCC Room,,,Closed,,
20230925090517011019,25/09/2023 09:07,Sisa -Nakawuka-Entebbe district,Fire,Male Fire,,Call or Ask for Help,SULAIMAN,702085706,[Acceptance Record] fire outbreak reported,COMMAND CENTER,COMMAND CENTER,NCCC Room,,,Closed,32.51264,0.15802
20230924071647776020,24/09/2023 07:16,kabalagala ku ucumi,Fire,,,Call or Ask for Help,sarah,754226340,fire reported plz respond imm,COMMAND CENTER,Kabalagala,NCCC Room,,,Closed,32.59798,0.299963
20230924064535750028,24/09/2023 06:45,Centinary Kabalagala,Fire,Male Fire,,Call or Ask for Help,John Mery,740000606,Fire out break at Centinary Kabalagala Branch. Please respond imm,Kabalagala,Kabalagala,NCCC Room,,,Closed,,
20230924064433917013,24/09/2023 06:44,centenary bank kabalagala branch,Fire,Male Fire,,Call or Ask for Help,simon,740000680,fire outbreak at the above address,COMMAND CENTER,COMMAND CENTER,NCCC Room,,,Closed,,
20230924063455048023,24/09/2023 06:34,ucumi kabalagala,Fire,Male Fire,,Call or Ask for Help,magoola,772355985,theres fire plz help imm,COMMAND CENTER,COMMAND CENTER,NCCC Room,,,Closed,32.59661,0.300086
20230923203927501024,23/09/2023 20:39,kibuye along salama road after Rubbis petrol station,Fire,Male Fire,,Call or Ask for Help,nasa,708996021,"Fire at the above address,respond",Katwe,Katwe,NCCC Room,,,Closed,32.57253,0.289397
20230923111811212024,23/09/2023 11:18,Iddi Amin road Arua city,Fire,Male Fire,,Call or Ask for Help,Abudallah,763839626,Fire outbreak at the above adress,COMMAND CENTER,COMMAND CENTER,NCCC Room,,,Closed,,
20230921095106670012,21/09/2023 09:51,Jojo parking mperwerwe kukyambuka eh kawempe,Fire,Female Fire,,Call or Ask for Help,Georfrey,750659844,Reports fire out break on an electric pole at the above location,Kawempe,Kawempe,NCCC Room,,,Closed,,
20230918161401291026,18/09/2023 16:14,vikado road in iganga district,HOMICIDES,Death(Fire Out Breaks),,Call or Ask for Help,salim,743133256,reporting fire out break at above address.,COMMAND CENTER,COMMAND CENTER,NCCC Room,,,Closed,,
20230916200725245021,16/09/2023 20:07,"musoba""s garage kasana-luwero town council.luwero district.",Fire,Male Fire,,Call or Ask for Help,paul,780534792,"fire outbreak at the above place,plz rspd imm.",COMMAND CENTER,COMMAND CENTER,NCCC Room,,,Closed,,
20230913194545848017,13/09/2023 19:45,makindye-after kcca offices,Fire,Male Fire,,Call or Ask for Help,TIMOTHY,708358504,Suspected fire outbreak reported in the above area,COMMAND CENTER,COMMAND CENTER,NCCC Room,,,Closed,32.582,0.284494
20230912193327619022,12/09/2023 19:33,macky road nateete,Fire,Male Fire,,Call or Ask for Help,nalongo,740360698,electricity is burning at the above location please respond imm.,Katwe,Natete,NCCC Room,,,Closed,,
20230910202448175027,10/09/2023 20:24,nsambya kiganda zone,Fire,Male Fire,,Call or Ask for Help,abubaker,707042045,there is fire outbreak at place plz respond imm,COMMAND CENTER,COMMAND CENTER,NCCC Room,,,Closed,32.57676,0.297393
20230910201737999018,10/09/2023 20:17,Nsambya kiganda Zone,OTHER LAWS,,,Call or Ask for Help,Tahiyah,707042045,There Electricity pole has fallen at the same location and the wires are sparking.,Katwe,Katwe,NCCC Room,,,Closed,32.57952,0.29808
20230908031206143018,08/09/2023 03:12,NAMUNGOGA MASANYALASE ROAD NEAR NAMUNGONA,Fire,Female Fire,,Call or Ask for Help,CRISS,786803869,FIRE BURNING AT THE AREA,Old Kampala,Old Kampala,NCCC Room,,,Closed,,
20230907123421392019,07/09/2023 12:34,kisasi kisota road,Fire,Male Fire,,Call or Ask for Help,valentine,773084680,"serious fire on above address, plz respond imm",COMMAND CENTER,COMMAND CENTER,NCCC Room,,,Closed,32.60536,0.361744
20230906035132586021,06/09/2023 03:51,KYEBANDO-HEADING MPERWERWE,Fire,Male Fire,,Call or Ask for Help,RICHARD,753133243,FIREOUT-BRAKE AT KYANDO NEAR STABEX RESPOND IMM.,Kawempe,Kanyanya,NCCC Room,,,Closed,,
20230903205545886028,03/09/2023 20:55,st peter chrch in Kanyanya,Fire,Male Fire,,Call or Ask for Help,David,741823484,Fire outbreak at the above. respond.,Kiira Road,Kasangati,NCCC Room,,,Closed,,
20230901123044227022,01/09/2023 12:30,matuga city land coleage,Fire,,,Call or Ask for Help,muhwezi ismail,703663851,there is fire at the above address please respond imm,Kasangati,Kasangati,NCCC Room,,,Closed,32.51335,0.486087
20230901031819344012,01/09/2023 03:18,ndeeba kibuye,Fire,Female Fire,,Call or Ask for Help,Zakaliya,761661694,reports fire out break at the above adress,Katwe,Katwe,NCCC Room,,,Closed,,
20230830144308498020,30/08/2023 14:43,Queen's way kampala fryover,Fire,Male Fire,,Call or Ask for Help,Ogwal,770889991,Fire outbreak reported at above place respond imm,COMMAND CENTER,COMMAND CENTER,NCCC Room,,,Closed,32.5774,0.305257
20230830012300024018,30/08/2023 01:22,milo one Tororo opp limbo motury,Fire,Female Fire,,Call or Ask for Help,Juma,757383362,FIRE OUT BREAK AT TORORO NEAR LIMO MOTURRY,COMMAND CENTER,COMMAND CENTER,NCCC Room,,,Closed,34.1793,0.690624
20230829144318920017,29/08/2023 14:43,kasokoso,Fire,Male Fire,,Call or Ask for Help,sadam,750334887,fire at the above,COMMAND CENTER,COMMAND CENTER,NCCC Room,,,Closed,,
20230829144254247019,29/08/2023 14:42,kasoko luzira kireka kla,Fire,Female Fire,,Call or Ask for Help,Unknown,772539207,"the above reports fire,pliz respond imm(",COMMAND CENTER,COMMAND CENTER,NCCC Room,,,Closed,32.64598,0.301824
20230828013004237020,28/08/2023 01:30,freedom city,Fire,Male Fire,,Call or Ask for Help,jose,789045948,reports serious fire at the adress,CPS Kampala,Kampala CPS,NCCC Room,,,Closed,32.56337,0.272319
20230827005340260015,27/08/2023 00:53,Nankulabye near total,Fire,Male Fire,,Call or Ask for Help,Adrine,701824233,Reports fire outbreak .,Old Kampala,Old Kampala,NCCC Room,,,Accepted,32.56092,0.325251
20230825192341291024,25/08/2023 19:23,Kataba in K ABALAGALA,Fire,Male Fire,,Call or Ask for Help,Akiim,771922309,reports fire out break please respond,Kabalagala,Kabalagala,NCCC Room,,,Closed,32.60124,0.298197
20230825134554634028,25/08/2023 13:45,kawempe heading to mpererwe,OTHER LAWS,,,Call or Ask for Help,masiko,702404163,fire at above place,COMMAND CENTER,COMMAND CENTER,NCCC Room,,,Closed,32.56162,0.383287
20230825134527065021,25/08/2023 13:45,kawempe,Fire,Male Fire,,Call or Ask for Help,abubu,743308804,fire in kawempe,COMMAND CENTER,COMMAND CENTER,NCCC Room,,,Closed,,
20230823201707835026,23/08/2023 20:17,shell musoke zone natete,HOMICIDES,Death(Fire Out Breaks),,Call or Ask for Help,kibuka arafat,772722037,reporting fire out break at above address.,Katwe,Katwe,NCCC Room,,,Accepted,,
20230821191410456023,21/08/2023 19:14,katabi- busambaga opp mayors garden - Entebbe,Fire,Female Fire,,Call or Ask for Help,Nabukela betty,759712937,fire outbreak,COMMAND CENTER,COMMAND CENTER,NCCC Room,,,Closed,32.46865,0.088171
20230819082027998017,19/08/2023 08:20,Bulenge B-lubaga division-Sentema road,Fire,Male Fire,,Call or Ask for Help,EMMA,787526393,FIRE OUTBREAK REPORTED,COMMAND CENTER,COMMAND CENTER,NCCC Room,,,Closed,,
20230819030628170019,19/08/2023 03:06,luwero town near the court,Fire,Male Fire,,Call or Ask for Help,Unknown,764477388,fire out break reported,COMMAND CENTER,COMMAND CENTER,NCCC Room,,,Accepted,,
20230818224814406012,18/08/2023 22:48,Bulange Near prof. nsibsmbi's home old kampala,Fire,Female Fire,,Call or Ask for Help,Ssemuju,704504763,Reorts fire outbreak on a building at the above location,Old Kampala,Old Kampala,NCCC Room,,,Closed,,
20230818025707029012,18/08/2023 02:57,naguru go down,Fire,Female Fire,,Call or Ask for Help,Derick,704275988,Reports fire on an electric pole at the above adress,Jinja Road,Jinja Road,NCCC Room,,,Closed,32.60122,0.335723
20230817194917947022,17/08/2023 19:49,katenge mbarara in mukono,HOMICIDES,Death(Fire Out Breaks),,Call or Ask for Help,civilia,0758732769,reports electric pole burning at above place near peoples house,COMMAND CENTER,COMMAND CENTER,NCCC Room,,,Closed,,
20230817031848019024,17/08/2023 03:18,Kachonga in Butaleja,Fire,Male Fire,,Call or Ask for Help,Kiwa,740734709,Reports Fire out break at kachonga please respond,COMMAND CENTER,COMMAND CENTER,NCCC Room,,,Closed,,
20230816213227324012,16/08/2023 21:32,Kasangati kiira taxi stage,Fire,Female Fire,,Call or Ask for Help,Red,742247686,Reports fire on a transformer at the above adress,Kasangati,Kasangati,NCCC Room,,,Closed,,
20230816212012364021,16/08/2023 21:20,kasangati-kira road,OTHER LAWS,Traffic and Road Safety Act (Not categorised),,Call or Ask for Help,hisaya,704245152,"serious fire from the transformer,plz rspd imm.",Kasangati,Kasangati,NCCC Room,,,Closed,32.60252,0.436989
20230816151107745021,16/08/2023 15:11,jinja buwenge buwera,Fire,Male Fire,,Call or Ask for Help,peter,704204900,fire in jinja buwenge,COMMAND CENTER,COMMAND CENTER,NCCC Room,,,Closed,33.16878,0.665621
20230813061601313019,13/08/2023 06:16,near freedom city katwe,Fire,Male Fire,,Call or Ask for Help,frank,742672664,fire out break,COMMAND CENTER,COMMAND CENTER,NCCC Room,,,Closed,,
20230812023940763021,12/08/2023 02:39,masindi kidawalima,Fire,Male Fire,,Call or Ask for Help,john,783797999,fire in masindi,COMMAND CENTER,COMMAND CENTER,NCCC Room,,,Accepted,31.809,1.640707
20230810191936683012,10/08/2023 19:19,Robis petrol station,OTHER LAWS,All other Acts,,Call or Ask for Help,Brian,709992097,Reports fire on transformer,Old Kampala,Old Kampala,NCCC Room,,,Closed,,
20230810145820578023,10/08/2023 14:58,bulk supermarkert Nalya Kira division,Fire,Male Fire,,Call or Ask for Help,Yobo,780699347,Fire at the above adress please handle imm,Kira Division,Kira Division,NCCC Room,,,Closed,,
20230805211655975027,05/08/2023 21:16,shell banda,Fire,Male Fire,,Call or Ask for Help,waiswa,754823342,theres fire plz handle imm,COMMAND CENTER,COMMAND CENTER,NCCC Room,,,Closed,32.64734,0.345554
20230804092709640026,04/08/2023 09:27,kinawata katogo in jinja road kampala district,HOMICIDES,Death(Fire Out Breaks),,Call or Ask for Help,james kirinya,780776691,"reporting fire out breakat above address,plz take action imm.",Jinja Road,Jinja Road,NCCC Room,,,Closed,,
20230804002051011017,04/08/2023 00:20,bukoto ku temple ya bayindi,Fire,Male Fire,,Call or Ask for Help,Maria,755349836,"caller reports fire outbreak on a transformer at the above address, plz help",COMMAND CENTER,COMMAND CENTER,NCCC Room,,,Closed,32.60588,0.353351
20230801083442602022,01/08/2023 08:34,mulago round about,Fire,Female Fire,,Call or Ask for Help,Patrick,701302629,there is fire at the above area please respond imm.,Wandegeya,Wandegeya,NCCC Room,,,Closed,32.57324,0.338301
20230730210510164025,30/07/2023 21:05,kungu wakiso,Fire,Male Fire,,Call or Ask for Help,steven,755657199,fire outbreak reported,Wakiso,Wakiso,NCCC Room,,,Closed,32.61261,0.393106
20230729132958883020,29/07/2023 13:29,kasengeje road in wakiso along matuga road,Fire,Male Fire,,Call or Ask for Help,ssemuju,705846302,reported fire out break at the above adress,COMMAND CENTER,Wakiso,NCCC Room,,,Closed,32.49514,0.413613
20230729095136461027,29/07/2023 09:51,kabowa ndebba,Fire,Male Fire,,Call or Ask for Help,sam,702924768,fire outbreak reported,Katwe,Katwe,NCCC Room,,,Closed,32.55996,0.283136
20230729083900561017,29/07/2023 08:39,kabulengwa- nansana,Fire,Male Fire,,Call or Ask for Help,jane,783825204,fire at the above,COMMAND CENTER,NANSANA,NCCC Room,,,Closed,,
20230728153139250026,28/07/2023 15:31,kiwanga mukono district,HOMICIDES,Death(Fire Out Breaks),,Call or Ask for Help,umaru bodaboda,764284815,"reporting fire out break at above address,plz take action imm.",Mukono,Mukono,NCCC Room,,,Closed,,
20230728110744446024,28/07/2023 11:07,mutungo bijuka colden star nassary school,HOMICIDES,Death(Fire Out Breaks),,Call or Ask for Help,morrish,704413859,"reporting fire out break at above address,plz take action imm.",Jinja Road,Jinja Road,NCCC Room,,,Closed,32.64671,0.315937
20230727163836154037,27/07/2023 16:38,natete-destiny junior centre,Fire,Male Fire,,Call or Ask for Help,edward,742764947,male fire at the above place,Katwe,Natete,NCCC Room,,,Closed,,
20230726015357362012,26/07/2023 01:53,mbogo high school kawempe,Fire,Female Fire,,Call or Ask for Help,Philip,742094236,Reports fire out break,Kawempe,Kawempe,NCCC Room,,,Closed,,
20230725200041492028,25/07/2023 20:00,"namuwongo kisugu,behind ebenezer high school",Fire,Female Fire,,Call or Ask for Help,zaitun,773533569,fire reported please respond,Katwe,MAKINDYE,NCCC Room,,,Closed,32.6062,0.313121
20230724194827672018,24/07/2023 19:52,kids furniture-mukono opp high court,Fire,Male Fire,,Call or Ask for Help,katende,785721685,[Acceptance Record] fire outbreak,COMMAND CENTER,COMMAND CENTER,NCCC Room,,,Closed,32.74535,0.371422
20230724193842701026,24/07/2023 19:38,kawempe mperwere tn,Fire,Male Fire,,Call or Ask for Help,kunya,701536779,fire out break,Kawempe,Kawempe,NCCC Room,,,Closed,32.50728,0.343865
20230723030944293022,23/07/2023 03:09,Kabowa wankulugugu,Fire,Male Fire,,Call or Ask for Help,ssengedo,700731574,reports serious fire outbreak,Katwe,Natete,NCCC Room,,,Closed,32.57388,0.295191
20230722204649838017,22/07/2023 20:46,katwe kiganda zone,Fire,Male Fire,,Call or Ask for Help,Bosco,788512546,fire outbreak reported in the above,COMMAND CENTER,COMMAND CENTER,NCCC Room,,,Closed,32.57601,0.29824
20230722132355640028,22/07/2023 13:23,portbell,Fire,Male Fire,,Call or Ask for Help,muhonge,772470491,fire outbreak at portbell,Jinja Road,Jinja Road,NCCC Room,,,Closed,,
20230722130903895012,22/07/2023 13:09,Ndejje kanyanya namasuba gud luck,Fire,Female Fire,,Call or Ask for Help,kalungi,757876745,Reports fire out break at theaabove adress,Katwe,Katwe,NCCC Room,,,Closed,32.57656,0.243435
20230722063047282024,22/07/2023 06:30,Ggaba in Kabalagala Div,GENERAL CRIMES,Other Crimes in General,other penal code offences (not categorized),Call or Ask for Help,Harriet,757611004,Reports Fire out break at Ggaba please respond,Kabalagala,Ggaba,NCCC Room,,,Closed,,
20230719190941965012,19/07/2023 19:09,watindo kawanda,Fire,Female Fire,,Call or Ask for Help,Hellen,704867802,Reports Fire out-break,Kawempe,Kawempe,NCCC Room,,,Closed,32.53848,0.440264
20230717150942519019,17/07/2023 15:09,Nalya estates namugongo,Fire,Male Fire,,Call or Ask for Help,AMALO,702813170,fire at above location plz respond imm,COMMAND CENTER,COMMAND CENTER,NCCC Room,,,Closed,32.64151,0.367909
20230716202232733019,16/07/2023 20:22,excellent vocational institute bweyogerere kiira div,Fire,Male Fire,,Call or Ask for Help,Shafik,743048271,fire outbreak at the above address,Kira Division,Bweyogerere,NCCC Room,,,Closed,,
20230716190325568019,16/07/2023 19:03,mityana road ensumbwe kumbuzi wakiso dist,Fire,Male Fire,,Call or Ask for Help,suzan,707444916,fire out break at the above address,Wakiso,Wakiso,NCCC Room,,,Closed,32.48883,0.314752
20230715211534332017,15/07/2023 21:15,mukono equity bank,Fire,Female Fire,,Call or Ask for Help,mercy,700800152,fire outbreak reported plz respond imm,COMMAND CENTER,COMMAND CENTER,NCCC Room,,,Closed,32.74857,0.364854
20230715142744101024,15/07/2023 14:27,Bunamwaya ngobe,Fire,Male Fire,,Call or Ask for Help,Edwin,701976649,"Fire out break at the above address,respond.",Old Kampala,Old Kampala,NCCC Room,,,Closed,32.54607,0.252469
20230712131445695028,12/07/2023 13:14,KAB ENDE MUKONNO,Fire,Male Fire,,Call or Ask for Help,ROBERT,704074046,the above reports fire plz comply,COMMAND CENTER,Mukono,NCCC Room,,,Closed,32.76228,0.44096
20230710204307324021,10/07/2023 20:43,kayua village in ndejjee,Fire,Male Fire,,Call or Ask for Help,salila,704949281,threre is fire at the above address,Entebbe,Entebbe,NCCC Room,,,Closed,32.55515,0.318018
20230707005552671021,07/07/2023 00:55,muyenga near international hotel,Fire,Male Fire,,Call or Ask for Help,isac,740342210,Fire in muyenga,COMMAND CENTER,COMMAND CENTER,NCCC Room,,,Closed,,
20230704063901593021,04/07/2023 06:39,bulenga kumwenda,GENERAL CRIMES,Other Crimes in General,other penal code offences (not categorized),Call or Ask for Help,richerd,709828383,fire in bulenga,COMMAND CENTER,COMMAND CENTER,NCCC Room,,,Closed,32.49127,0.334146
20230703141818217027,03/07/2023 14:18,namele-along side gayaza,Fire,Male Fire,,Call or Ask for Help,gelard,756389001,fireoutbreak plz handle imm.,Wakiso,Wakiso,NCCC Room,,,Closed,32.58409,0.410662
20230702173939633018,02/07/2023 17:39,kagoma-at the mosque of haji magala- kawanda,Fire,Male Fire,,Call or Ask for Help,kiiza,704604421,"serious fire outbreak,plz rspd imm.",Kawempe,Kawempe,NCCC Room,,,Closed,32.53305,0.404949
20230630015516819022,30/06/2023 01:55,kamwoka at fortbet,Fire,Male Fire,,Call or Ask for Help,otim,789765436,THERE IS FIRE AT THE ABOVE LOCATION PLEASE RESPOND IMM.,Kiira Road,Kiira Rd,NCCC Room,,,Accepted,,
20230629004430926021,29/06/2023 00:44,kamuli beken high school,Fire,Male Fire,,Call or Ask for Help,denis,741579714,fire in kamuli,COMMAND CENTER,COMMAND CENTER,NCCC Room,,,Accepted,,
20230627170826005020,27/06/2023 17:08,rubiji in old kampala,Fire,Male Fire,,Call or Ask for Help,Andrew,704575520,Fire outbrak at the above adress pliz respond imm.,COMMAND CENTER,Old Kampala,NCCC Room,,,Accepted,,
20230626005751884012,26/06/2023 00:57,namungona nakibinge road,Fire,Female Fire,,Call or Ask for Help,fatuma,700956384,Reports fire outbreak,Old Kampala,Old Kampala,NCCC Room,,,Accepted,32.52579,0.19667
20230624171806464023,24/06/2023 17:18,Ave maria mugwanya nsambya,Fire,Male Fire,,Call or Ask for Help,irine,777418651,Fire please handle,Kabalagala,Kabalagala,NCCC Room,,,Closed,32.58397,0.296931
20230623170026320017,23/06/2023 17:00,city gardens e buloba- mityana road,Fire,Male Fire,,Call or Ask for Help,frank,751312763,reports fire outbreak at the above,COMMAND CENTER,Wakiso,NCCC Room,,,Closed,32.42804,0.33769
20230623145012841012,23/06/2023 14:50,Nana service center /qualicel cps,Fire,Female Fire,,Call or Ask for Help,brian,709640106,Reports fire on a Tranformer at the above adress,CPS Kampala,Kampala CPS,NCCC Room,,,Closed,,
20230622135425190023,22/06/2023 13:54,Ntinda towards naguru,HOMICIDES,Death(Fire Out Breaks),,Call or Ask for Help,peace,772502765,An eletric pole is burning,Kiira Road,Kiira Rd,NCCC Room,,,Closed,32.6092,0.34048
20230614225332914027,14/06/2023 22:53,kasubi miwunya near masiro,Fire,Male Fire,,Call or Ask for Help,Maliki,751879752,"reports an electric pole which has caught fire, respond.",Old Kampala,Old Kampala,NCCC Room,,,Closed,,
20230614215037339022,14/06/2023 21:50,LUSAZE,Fire,Male Fire,,Call or Ask for Help,KENETH,772163497,THERE IS A BURNING TRANSFORMER AT THE ABOVE AREA PLEASE RESPOND IMM.,Old Kampala,Old Kampala,NCCC Room,,,Closed,,
20230612104405312017,12/06/2023 10:45,KAYANJA COMMUNITY P/S-MUKONO DISTRICT NEAR NAMAGUNGA,Fire,Female Fire,,Call or Ask for Help,JULIET,772611335,[Acceptance Record] FIRE OUTBREAK,COMMAND CENTER,COMMAND CENTER,NCCC Room,,,Accepted,,
20230609115511876012,09/06/2023 11:55,buloba kasero opp. silent brigde,Fire,Female Fire,,Call or Ask for Help,karamaji,772423212,Reports fire out break at the above adress,Kakiri,Buloba,NCCC Room,,,Closed,32.4628,0.323914
20230608231208058025,08/06/2023 23:12,number town board in namisindra dist,Fire,Male Fire,,Call or Ask for Help,alex,786464113,fire outbreak reported at above handle.,COMMAND CENTER,COMMAND CENTER,NCCC Room,,,Closed,34.31342,0.822548
20230608024751168017,08/06/2023 02:47,Kampala road-nsambya,Fire,Male Fire,,Call or Ask for Help,okwalinga,706569115,fire outbreak reported,COMMAND CENTER,COMMAND CENTER,NCCC Room,,,Closed,32.59031,0.293006
20230607144504848030,07/06/2023 14:45,kyenbando central,Fire,Male Fire,,Call or Ask for Help,charles,701617405,Fire outbreak at the above address .Handle,COMMAND CENTER,Kiira Road,NCCC Room,,,Accepted,32.57878,0.353083
20230605234127829021,05/06/2023 23:41,Jinja Mpumude,Fire,Male Fire,,Call or Ask for Help,Bakama Ggrace,781449407,Reports fire outbreak at Mpumude Secondary School.,COMMAND CENTER,COMMAND CENTER,NCCC Room,,,Accepted,33.22075,0.454527
20230605210359386019,05/06/2023 21:03,mukono bukerere,Fire,Male Fire,,Call or Ask for Help,samuel,708118817,fire at above plz hundle imm,COMMAND CENTER,COMMAND CENTER,NCCC Room,,,Accepted,32.6905,0.410413
20230605040601714021,05/06/2023 04:06,wakiso near centinary,HOMICIDES,Death(Fire Out Breaks),,Call or Ask for Help,isaac,788577234,serious fire at above place,COMMAND CENTER,COMMAND CENTER,NCCC Room,,,Accepted,,
20230604090735383027,04/06/2023 09:07,nganda in Nasana,Fire,Male Fire,,Call or Ask for Help,Fred,774395954,"reports fire outreak, respond.",Old Kampala,Nansana,NCCC Room,,,Accepted,,
20230604083140314019,04/06/2023 08:31,ganda nansana,Fire,Male Fire,,Call or Ask for Help,juliet,784280625,a transformer on fire plz respond imm,COMMAND CENTER,NANSANA,NCCC Room,,,Accepted,,
20230603145805236037,03/06/2023 14:58,kasenyi kyengera,Fire,Male Fire,,Call or Ask for Help,sumaya,708683982,fire at above place,COMMAND CENTER,COMMAND CENTER,NCCC Room,,,Accepted,,
20230603012716624012,03/06/2023 01:27,kalenda makindye katwe,Fire,Female Fire,,Call or Ask for Help,Kilabo,750391337,Reports fire-out break at the above adress,Katwe,Katwe,NCCC Room,,,Accepted,32.57306,0.289003
20230601230007128017,01/06/2023 23:01,NATEETE -KU BITALA,Fire,Male Fire,,Call or Ask for Help,ALEX,703278381,[Acceptance Record] FIRE OUTBREAK REPORTED,COMMAND CENTER,COMMAND CENTER,NCCC Room,,,Accepted,32.5345,0.299589
20230531202625514026,31/05/2023 20:26,Seeta graphs mukono div,Fire,Male Fire,,Call or Ask for Help,Hasuman,781008522,fire outbbreak at the above address,Mukono,Mukono,NCCC Room,,,Accepted,32.72158,0.366261
20230531122135473012,31/05/2023 12:21,Nakawa judicial court jinja road,Fire,Female Fire,,Call or Ask for Help,Sharif,773201686,Report fire at an electric pole three faze,Jinja Road,Jinja Road,NCCC Room,,,Accepted,32.61965,0.328689
20230528212238665014,28/05/2023 21:22,mengo,Fire,Male Fire,,Call or Ask for Help,sendawala,772420190,fire at the above address respond imm,COMMAND CENTER,COMMAND CENTER,NCCC Room,,,Closed,32.56015,0.255851
20230527112056387019,27/05/2023 11:20,kamuli balaholi,Fire,Male Fire,,Call or Ask for Help,richard,772885251,a transformer on fire plz respnd,COMMAND CENTER,COMMAND CENTER,NCCC Room,,,Closed,33.09612,1.041867
20230524194119121018,24/05/2023 19:41,APM TERMINAL AT SIXTH STREET,Fire,Male Fire,,Call or Ask for Help,DANIEL,755505383,Electric pole burning,Jinja Road,Jinja Road,NCCC Room,,,Accepted,,
20230521224915338024,21/05/2023 22:49,katanga wandegeya,Fire,Female Fire,,Call or Ask for Help,Ben,702956735,"Areport of fire on Electrict pole at the above address,respond",Wandegeya,Wandegeya,NCCC Room,,,Closed,32.57589,0.33356
20230521200001261024,21/05/2023 20:00,UCU wandegeya,Fire,Male Fire,,Call or Ask for Help,sendegeya,702279523,"Fire outbreak at the above address,respond.",Wandegeya,Wandegeya,NCCC Room,,,Closed,32.74314,0.360122
20230521033351951018,21/05/2023 03:33,BANDA NEAR KYAMBOGO UNIVERSITY,Fire,,,Call or Ask for Help,JANE,782640203,fIRE OUT BREAK AT THE ABOVE PLACE,Kira Division,Kira Division,NCCC Room,,,Accepted,32.63811,0.349095
20230521024544513017,21/05/2023 02:45,kajansi,Fire,Male Fire,,Call or Ask for Help,kato,726683717,there's fire at the above place,COMMAND CENTER,COMMAND CENTER,NCCC Room,,,Dispatched,,
20230520220514589021,20/05/2023 22:05,mbarara corner makrket in mbarara city,HOMICIDES,Death(Fire Out Breaks),,Call or Ask for Help,jasphone,770868712,reporting fire out break at above address.,COMMAND CENTER,COMMAND CENTER,NCCC Room,,,Accepted,30.60403,-0.638849
20230520011602605017,20/05/2023 01:16,kibuye mumbaaho opposit market,Fire,Male Fire,,Call or Ask for Help,kato,783445239,there's fire outbreak,COMMAND CENTER,COMMAND CENTER,NCCC Room,,,Accepted,32.55386,0.279357
20230519111619111026,19/05/2023 11:16,nakulabye,Fire,Male Fire,,Call or Ask for Help,christ,787044362,fire,Old Kampala,Old Kampala,NCCC Room,,,Accepted,32.55841,0.331403
20230515174412748017,15/05/2023 17:44,"MAWANDA ROAD,KUMASAJALANZE",Fire,Male Fire,,Call or Ask for Help,lawerence,785032543,"Fireoutbreak at the above,plz rspd imm.",Kiira Road,Kiira Rd,NCCC Room,,,Accepted,32.57629,0.34785
20230514235059842018,14/05/2023 23:50,mpererwe near byansi petrol gayaza road kawempe div,Fire,Male Fire,,Call or Ask for Help,ayo,776660655,fire outbreak at the above address,Kawempe,Kanyanya,NCCC Room,,,Accepted,,
20230514200625324020,14/05/2023 20:06,MILLY IMPALA MUNYONYO,HOMICIDES,Death(Fire Out Breaks),,Call or Ask for Help,JULIUS,788878353,REPORTING FIRE OUT BREAK AT ABOVE ADDRESS,Kajjansi,Kajjansi,NCCC Room,,,Accepted,32.6183,0.23715
20230511102856250020,11/05/2023 10:28,banda near police station nakawa division kampala.,HOMICIDES,Death(Fire Out Breaks),,Call or Ask for Help,John,702110315,Reporting electricity pole sparking/ burning at above address,Kiira Road,Kiira Rd,NCCC Room,,,Accepted,,
20230510161321841036,10/05/2023 16:13,LUZIRA LAKE SIDE,Fire,,,Call or Ask for Help,MOSES,756704349,REPORTS FIRE OUT BREAK HANDLE IMM,COMMAND CENTER,Jinja Road,NCCC Room,,,Accepted,,
20230510161318672017,10/05/2023 16:13,"mutungo,",Fire,Male Fire,,Call or Ask for Help,sam,700140650,"fire outbreak at the above place,plz rspd imm.",Jinja Road,Jinja Road,NCCC Room,,,Closed,,
20230506220239254018,06/05/2023 22:02,gayasa nAKWERO,Fire,Female Fire,,Call or Ask for Help,SHAFIK,706429822,Fire at Gayaza,COMMAND CENTER,COMMAND CENTER,NCCC Room,,,Closed,,
20230506171217963019,06/05/2023 17:12,mukono- ku wantoni,Fire,Male Fire,,Call or Ask for Help,joshua,754131995,caller reports fire at the above,COMMAND CENTER,Mukono,NCCC Room,,,Closed,,
20230505183256560018,05/05/2023 18:32,zambya baraka,Fire,Female Fire,,Call or Ask for Help,mak,705464970,fire at zambya baraks,Katwe,Katwe,NCCC Room,,,Closed,,
20230504194837927014,04/05/2023 19:48,bukasa,Fire,Male Fire,,Call or Ask for Help,ainembazi,788651629,reports fire and children are inside the house,Kira Division,Kira Division,NCCC Room,,,Closed,32.6295,0.292929
20230504000017688012,04/05/2023 00:00,mukono near centenary,Fire,Female Fire,,Call or Ask for Help,Swabula,705636056,Reports fire out break at the above adress,COMMAND CENTER,COMMAND CENTER,NCCC Room,,,Accepted,,
20230503164824359024,03/05/2023 16:48,kazinga lugoba,OTHER LAWS,All other Acts,,Call or Ask for Help,seth,775176159,,COMMAND CENTER,Kawempe,NCCC Room,,,Accepted,32.5359,0.378567
20230502002510973017,02/05/2023 00:25,kireka-kamuli road near Soozi property,Fire,Male Fire,,Call or Ask for Help,BRAIN,776903642,FIRE OUTBREAK REPORTED COMPLY IMM,COMMAND CENTER,COMMAND CENTER,NCCC Room,,,Closed,,
20230427133522316017,27/04/2023 13:35,"mpanta,mukono district",Fire,Male Fire,,Call or Ask for Help,sadac,740609672,male fire from the transformer plz handle imm.,Mukono,Mukono,NCCC Room,,,Closed,,
20230426212934952021,26/04/2023 21:29,MUTUNGO ST MARK CLINIC,Fire,Male Fire,,Call or Ask for Help,okello,784960044,Reports outbreak at the above point,Jinja Road,Kitintale,NCCC Room,,,Closed,32.64319,0.318453
20230425175722607017,25/04/2023 17:59,kisaasi- next to lactioral gardens,Fire,Female Fire,,Call or Ask for Help,Samantha,778868650,[Acceptance Record] fire out break reported,COMMAND CENTER,COMMAND CENTER,NCCC Room,,,Closed,,
20230425154621950020,25/04/2023 15:46,kamuli industrial area,Fire,Male Fire,,Call or Ask for Help,fred,700374541,"fire at the above area ,pliz comply",COMMAND CENTER,COMMAND CENTER,NCCC Room,,,Closed,,
20230421122242051019,21/04/2023 12:22,busia jinja raod equator,Fire,,,Call or Ask for Help,Road,774258534,tranformer burning,COMMAND CENTER,COMMAND CENTER,NCCC Room,,,Accepted,34.07777,0.473431
20230419225832907017,19/04/2023 23:00,Mukono-Kikoza,Fire,Male Fire,,Call or Ask for Help,Steven,707598008,[Acceptance Record] fire outbreak,COMMAND CENTER,COMMAND CENTER,NCCC Room,,,Accepted,32.75733,0.352067
20230417135712713017,17/04/2023 13:57,kiyenge-binyoni-luwero,Fire,Male Fire,,Call or Ask for Help,Moses,781021214,transformer burning causing serious fire outbreak,COMMAND CENTER,COMMAND CENTER,NCCC Room,,,Accepted,32.4843,0.84776
20230416014827138022,16/04/2023 01:48,setta guafo-mukono,Fire,Male Fire,,Call or Ask for Help,ben,789994323,serious fire out break,COMMAND CENTER,COMMAND CENTER,NCCC Room,,,Accepted,32.71795,0.359824
20230414174726387017,14/04/2023 17:47,China Uganda hospital-Naguru,Fire,Male Fire,,Call or Ask for Help,Fred Mukosa,783534357,Suspected fire outbreak from gas cylinder,COMMAND CENTER,COMMAND CENTER,NCCC Room,,,Accepted,32.60504,0.327444
20230411231420275020,11/04/2023 23:14,Bwaise Road Upper Konge,Fire,Male Fire,,Call or Ask for Help,Kayiwa Frank,752642349,Reports fire outbreak on a motor vehicle at Bwaise Road Upper Konge.,Kawempe,Kawempe,NCCC Room,,,Closed,,
20230410222205061022,10/04/2023 22:22,katanga-wandegya,Fire,Male Fire,,Call or Ask for Help,Unknown,770367474,electric pole which has caught fire pliz handle,COMMAND CENTER,COMMAND CENTER,NCCC Room,,,Accepted,32.57302,0.335684
20230410110815015020,10/04/2023 11:08,Maga-Maga,Fire,Male Fire,,Call or Ask for Help,Jemba Julius,709657730,Reports fire outbreak at Maga-Maga in Jinja city.,COMMAND CENTER,COMMAND CENTER,NCCC Room,,,Accepted,33.33579,0.516475
20230409223751658023,09/04/2023 22:37,entebe road namulanda,GENERAL CRIMES,Other Crimes in General,other penal code offences (not categorized),Call or Ask for Help,nalweiso,772097648,fire in namulango entebe road,COMMAND CENTER,COMMAND CENTER,NCCC Room,,,Accepted,32.55071,0.153412
20230409142009573023,09/04/2023 14:20,Walukuba in Jinja dIstrict,Fire,Male Fire,,Call or Ask for Help,Wilson,741424619,Reports fire at the above address please respond,COMMAND CENTER,COMMAND CENTER,NCCC Room,,,Closed,,
20230404044955697023,04/04/2023 04:49,jinja masese,GENERAL CRIMES,Other Crimes in General,other penal code offences (not categorized),Call or Ask for Help,saidi,702724142,an accident in jinja masese,COMMAND CENTER,COMMAND CENTER,NCCC Room,,,Accepted,32.93711,0.363506
20230331192510751020,31/03/2023 19:25,"NABUGABO STREET,KAMPALA",Fire,Male Fire,,Call or Ask for Help,kigambo pasiko,750120738,fIRE OUTBREAK RESPOND IMM,Old Kampala,Old Kampala,NCCC Room,,,Accepted,,
20230331183353965018,31/03/2023 18:33,Ggaga wala opposite New park in down town,Fire,Male Fire,,Call or Ask for Help,Ayikoru Jane,780476326,there is fire out break at the above place plix handle imm,CPS Kampala,Kampala CPS,NCCC Room,,,Accepted,32.57352,0.315042
20230330182624113017,30/03/2023 18:26,Nyamasoga-hoima,Fire,Male Fire,,Call or Ask for Help,John,705607118,Fire outbreak reported comply imm,COMMAND CENTER,COMMAND CENTER,NCCC Room,,,Closed,,
20230327184428414022,27/03/2023 18:44,"kayaza, kyabando",Fire,,,Call or Ask for Help,muhonge,755988824,reports serious fire outbreak at the above place,COMMAND CENTER,COMMAND CENTER,NCCC Room,,,Accepted,32.53077,0.303327
20230326163712504022,26/03/2023 16:37,rwenzori namanve,Fire,Male Fire,,Call or Ask for Help,Unknown,702458308,"reports atrailor catching fire,pliz respond imm",COMMAND CENTER,COMMAND CENTER,NCCC Room,,,Accepted,32.70435,0.360112
20230326160153142022,26/03/2023 16:01,bombo luweero,Fire,Male Fire,,Call or Ask for Help,shafick,772695756,reports fire pliz respon imm,COMMAND CENTER,COMMAND CENTER,NCCC Room,,,Accepted,,
20230325052851048019,25/03/2023 05:28,kisenyi,Fire,,,Call or Ask for Help,roni,702984404,fire,CPS Kampala,Kampala CPS,NCCC Room,,,Accepted,32.57277,0.311265
20230321195838688017,21/03/2023 20:04,Nateete-kigaga-opp King fahad,Fire,Female Fire,,Call or Ask for Help,Sumaya,706889013,[Acceptance Record] fire,COMMAND CENTER,COMMAND CENTER,NCCC Room,,,Accepted,32.53032,0.307762
20230320210951976027,20/03/2023 21:09,nanjanakumbi entebbe,Fire,Male Fire,,Call or Ask for Help,stela,705170467,fire outbreak reported,Katwe,Katwe,NCCC Room,,,Closed,32.56639,0.280305
20230320125625555020,20/03/2023 12:56,katikamu wambulezi luwero,Fire,Female Fire,,Call or Ask for Help,Dan,700686477,Electricity pole on fire,COMMAND CENTER,COMMAND CENTER,NCCC Room,,,Closed,,
20230318175651526021,18/03/2023 17:56,Nakwero Gayaza,Fire,Female Fire,,Call or Ask for Help,Magola,707770235,Fire outbreak at above place respond imm,Kasangati,Kasangati,NCCC Room,,,Closed,32.64638,0.466423
20230315035021620023,15/03/2023 03:50,Nakawa market jinja road,OTHER LAWS,All other Acts,,Call or Ask for Help,mukasa,782645583,fire outbreak at the above address,Jinja Road,Jinja Road,NCCC Room,,,Accepted,32.61386,0.327154
20230314213300847017,14/03/2023 21:38,Seeta- baajo,Fire,Female Fire,,Call or Ask for Help,Nakimbugwe,709613707,[Acceptance Record] fire outbreak,COMMAND CENTER,COMMAND CENTER,NCCC Room,,,Accepted,,
20230314211809440022,14/03/2023 21:18,bulenga near police,Fire,Female Fire,,Call or Ask for Help,antony,788372278,theres fire at bulenga,COMMAND CENTER,COMMAND CENTER,NCCC Room,,,Accepted,,
20230313233312405018,13/03/2023 23:33,kagaba nikilembe MPIGI,Fire,Female Fire,,Call or Ask for Help,JUMA,701617160,FIRE at nakilembe in mpigi,COMMAND CENTER,COMMAND CENTER,NCCC Room,,,Closed,,
20230312225129904017,12/03/2023 22:51,Kisenyi in down town,Fire,Male Fire,,Call or Ask for Help,Sam,785458048,there is fire outbreak at the above place,CPS Kampala,Kampala CPS,NCCC Room,,,Closed,,
20230312110241700020,12/03/2023 11:02,Tororo in amaoro opposite UCC,Fire,Male Fire,,Call or Ask for Help,awor,772034412,Fire out break at the above adress,COMMAND CENTER,COMMAND CENTER,NCCC Room,,,Closed,34.18347,0.71292
20230311200741462026,11/03/2023 20:07,kisenyi at extrime conner joning rubaga rd,Fire,Male Fire,,Call or Ask for Help,Unknown,752800566,serious fire outbreak pliz comply,COMMAND CENTER,COMMAND CENTER,NCCC Room,,,Closed,,
20230311024130113012,11/03/2023 02:41,Nansana jejum hotel,Fire,Female Fire,,Call or Ask for Help,Emmanuel,772122882,Reports Fire at the above adress,COMMAND CENTER,NANSANA,NCCC Room,,,Closed,32.5318,0.3605
20230311022559518025,11/03/2023 02:25,nansana opposite wallfirm,Fire,Male Fire,,Call or Ask for Help,benson,782739918,seriuos fire reported,COMMAND CENTER,NANSANA,NCCC Room,,,Closed,,
20230310173117979028,10/03/2023 17:31,central college mityana,Fire,Female Fire,,Call or Ask for Help,derik,708931200,fire out brake,COMMAND CENTER,COMMAND CENTER,NCCC Room,,,Closed,,
20230309201702676018,09/03/2023 20:17,ginary of tororo,HOMICIDES,,,Call or Ask for Help,david,77454936,fire outbreak,COMMAND CENTER,COMMAND CENTER,NCCC Room,,,Accepted,,
20230309140934501012,09/03/2023 14:09,lake oil komanboga kanyanya,Fire,Female Fire,,Call or Ask for Help,Vincent,751101296,Reports Fire out break at the above adress,COMMAND CENTER,COMMAND CENTER,NCCC Room,,,Dispatched,,
20230307194431352020,07/03/2023 19:44,Kibuye Roundabout,Fire,Male Fire,,Call or Ask for Help,Amala Aziz,759094953,Reports fire outbreak at Kibuye Market along Railway Line Police needed Imm,Katwe,Katwe,NCCC Room,,,Dispatched,,
20230306222208838018,06/03/2023 22:22,Maya along Masaka road,Fire,Male Fire,,Call or Ask for Help,Ibrahim,702095978,thjere is a fire at the above please handle it imm,COMMAND CENTER,COMMAND CENTER,NCCC Room,,,Closed,,
20230304220508766024,04/03/2023 22:05,kikajjo nakauka road near gombe junor school,Fire,Female Fire,,Call or Ask for Help,willy,705219991,"Electric wires have fallen on the road causing jam,respond.",Katwe,Natete,NCCC Room,,,Accepted,,
20230303215058873012,03/03/2023 21:50,kikajo namasuba katwe div,Fire,Female Fire,,Call or Ask for Help,Micheal,708865848,Reports Fire on an Elevtric pole at the aabove location,Katwe,Katwe,NCCC Room,,,Accepted,,
20230227232936187018,27/02/2023 23:29,Kitukisuba in kiira,Fire,,,Call or Ask for Help,Aggrey,772520615,Fire at the above adress .Handle,Kira Division,Kira Division,NCCC Room,,,Accepted,32.6433,0.426053
20230227205514728023,27/02/2023 20:55,kasanga in Kabalagala,Fire,Male Fire,,Call or Ask for Help,Jane,780476326,Reports Fire at the above address please respond,Kabalagala,Kabalagala,NCCC Room,,,Closed,32.57491,0.336242
20230227204757340022,27/02/2023 20:47,mulago,Fire,Male Fire,,Call or Ask for Help,Francis,784696969,Fire reported,Wandegeya,Mulago,NCCC Room,,,Accepted,,
20230227141441615037,27/02/2023 14:14,sky high school ndejje,Fire,Male Fire,,Call or Ask for Help,kayongo,0701400422,fire at above school respond plz,COMMAND CENTER,COMMAND CENTER,NCCC Room,,,Accepted,,
20230226145907498026,26/02/2023 14:59,oderai opiyai in soroti city,Fire,Male Fire,,Call or Ask for Help,john,708215707,serious fire at above place,COMMAND CENTER,COMMAND CENTER,NCCC Room,,,Accepted,,
20230223114350764021,23/02/2023 11:43,MENGO NEAR MARKET,Fire,Male Fire,,Call or Ask for Help,JACKSON,702867794,Fire outbreak,Old Kampala,Old Kampala,NCCC Room,,,Accepted,,
20230222185244429020,22/02/2023 18:52,gayaza behind police station of gayaza,Fire,Male Fire,,Call or Ask for Help,ogwang,783842240,fire out break at the above adsress,COMMAND CENTER,COMMAND CENTER,NCCC Room,,,Accepted,32.61165,0.446706
20230222085337837028,22/02/2023 08:53,kayunga town,Fire,Male Fire,,Call or Ask for Help,andrew,755235318,fire out break reported at above handle.,COMMAND CENTER,COMMAND CENTER,NCCC Room,,,Accepted,,
20230221005159901024,21/02/2023 00:51,Bwaise Opp Hema water,Fire,Male Fire,,Call or Ask for Help,Haruna,702739404,"Fire out Break at the above address,respond imm.",Kawempe,Kawempe,NCCC Room,,,Dispatching,,
20230219125244696021,19/02/2023 12:52,butabika in the junction,Fire,Male Fire,,Call or Ask for Help,martin,774940849,"fire at the above, respond.",Jinja Road,Jinja Road,NCCC Room,,,Accepted,32.64767,0.305182
20230218161233669037,18/02/2023 16:12,rugazi- Gelegele,Fire,Male Fire,,Call or Ask for Help,annet,751879656,fire at the above plz comply,COMMAND CENTER,COMMAND CENTER,NCCC Room,,,Accepted,,
20230218022514062017,18/02/2023 02:25,chevando rubis,Fire,Male Fire,,Call or Ask for Help,Ratif,706377099,FIRE AT CHEVANDO,Kiira Road,Kiira Rd,NCCC Room,,,Accepted,,
20230217161300887017,17/02/2023 16:13,MUNYONYO SPEKE RESORT,Fire,Male Fire,,Call or Ask for Help,AGABA,782412631,fire out break reported comply imm,COMMAND CENTER,COMMAND CENTER,NCCC Room,,,Accepted,32.62221,0.24436
20230217155935865017,17/02/2023 16:02,FAREWELL- KAMULI ROAD,Fire,Male Fire,,Call or Ask for Help,FRED,700859792,[Acceptance Record] SERIOUS FIRE OUTBREAK COMPLY IMM,COMMAND CENTER,COMMAND CENTER,NCCC Room,,,Accepted,,
20230217153834405017,17/02/2023 15:40,st Andrew kisoga mukono,Fire,Male Fire,,Call or Ask for Help,Isaac,773537676,[Acceptance Record] fire outbreak reported comply imm,COMMAND CENTER,COMMAND CENTER,NCCC Room,,,Accepted,32.81387,0.235294
20230215031100924027,15/02/2023 03:10,BUNGA SOYA,Fire,Male Fire,,Call or Ask for Help,DAMIAN,740060710,RESTUARANT ON FIRE,Kabalagala,Ggaba,NCCC Room,,,Accepted,,
20230214025243073016,14/02/2023 02:52,emulungyomu mukono,Fire,Male Fire,,Call or Ask for Help,Unknown,701817477,,Mukono,Mukono,NCCC Room,,,Accepted,,
20230213221540969028,13/02/2023 22:15,Kaliro Town Iganga,HOMICIDES,Death(Fire Out Breaks),,Call or Ask for Help,Namukose,706822834,Fire out break at the above adress.,COMMAND CENTER,COMMAND CENTER,NCCC Room,,,Accepted,,
20230213055828268023,13/02/2023 05:58,kisenye,Fire,Male Fire,,Call or Ask for Help,jamada,750171306,fire in kisenyi,COMMAND CENTER,COMMAND CENTER,NCCC Room,,,Accepted,,
20230213013936434017,13/02/2023 01:42,Ganda-Genina -OPP Signal bar- kazinga-,Fire,Female Fire,,Call or Ask for Help,Namutebi,750847488,[Acceptance Record] fire outbreak,COMMAND CENTER,COMMAND CENTER,NCCC Room,,,Accepted,,
20230211025905939017,11/02/2023 02:59,kitintale after gas-mirambos-Ezra apartment,Fire,Female Fire,,Call or Ask for Help,Christine,703168167,transformer burning causing fire out break in the above area comply imm,COMMAND CENTER,COMMAND CENTER,NCCC Room,,,Accepted,,
20230210174223180027,10/02/2023 17:42,njeru in jinja,Fire,Male Fire,,Call or Ask for Help,amuza,742783122,FIRE OUT BREAK REPORTED,COMMAND CENTER,COMMAND CENTER,NCCC Room,,,Accepted,,
20230209114410289017,09/02/2023 11:44,"natete kutano, mirembe cell",Fire,Male Fire,,Call or Ask for Help,hasani,703414367,"serious fire outbreak in the above place,plz rspd imm.",Katwe,Natete,NCCC Room,,,Accepted,,
20230209043752607021,09/02/2023 04:37,kifubila mawanda road,HOMICIDES,Death(Fire Out Breaks),,Call or Ask for Help,joel,772455138,fire out break at the above address respond,COMMAND CENTER,COMMAND CENTER,NCCC Room,,,Accepted,,
20230208222237090026,08/02/2023 22:22,gaz patrol station near ngoma seeta in mukono,HOMICIDES,Death(Fire Out Breaks),,Call or Ask for Help,hajji,702840489,serious fire at above place,COMMAND CENTER,COMMAND CENTER,NCCC Room,,,Accepted,,
20230208102038623020,08/02/2023 10:20,Seeta-mukerere road opp stabex petrol station,Fire,Male Fire,,Call or Ask for Help,charle,701730387,Electricity has caught fire in the above place,Mukono,Mukono,NCCC Room,,,Accepted,,
20230206230705324018,06/02/2023 23:07,NAGANKUMBI,Fire,Male Fire,,Call or Ask for Help,NAIGA,708846778,FIRE AT NAJANAKUMBI,Old Kampala,Old Kampala,NCCC Room,,,Accepted,,
20230206225807700019,06/02/2023 22:58,Mityana road Buloba Wakiso forest park,Fire,Male Fire,,Call or Ask for Help,Luwama,772652277,There is fire outbreak at above place respond imm,Wakiso,Wakiso,NCCC Room,,,Accepted,,
20230206210837722022,06/02/2023 21:08,namungoona salaamoill petro station,Fire,Male Fire,,Call or Ask for Help,tom,757193147,theres fire caused by electric sparks from an electric pole plz respond imm,COMMAND CENTER,COMMAND CENTER,NCCC Room,,,Accepted,,
20230205073057400028,05/02/2023 07:30,old park,Fire,Male Fire,,Call or Ask for Help,vicent,778778237,reports fire at the above,COMMAND CENTER,COMMAND CENTER,NCCC Room,,,Accepted,32.57796,0.31251
20230204111442578017,04/02/2023 11:14,mayinja-katale Entebbe road,Fire,Female Fire,,Call or Ask for Help,phiona,776248571,serious fire outbreak comply imm,COMMAND CENTER,COMMAND CENTER,NCCC Room,,,Dispatched,32.53251,0.248222
20230203122627905019,03/02/2023 12:26,katabi stage entebbe,Fire,Female Fire,,Call or Ask for Help,sam,774819148,Reports fire out break at the above location,Entebbe,Entebbe,NCCC Room,,,Dispatched,,
20230202133625888022,02/02/2023 13:36,kabale manhassan,Fire,Male Fire,,Call or Ask for Help,ainembazi,778984910,reports fire at the above address,COMMAND CENTER,COMMAND CENTER,NCCC Room,,,Accepted,,
20230202004350043017,02/02/2023 00:43,Nabuti road in mukono,Fire,,,Call or Ask for Help,Ronald,778571555,fire at the above address .act,Mukono,Mukono,NCCC Room,,,Accepted,,
20230131002206956017,31/01/2023 00:25,Wabigalo 8th Street Industrial Area OPP Monitor,Fire,Female Fire,,Call or Ask for Help,Aidah,779077534,[Acceptance Record] fire outbreak reported comply imm,COMMAND CENTER,COMMAND CENTER,NCCC Room,,,Accepted,32.6062,0.313121
20230128112738584017,28/01/2023 11:27,Namagunga,Fire,Male Fire,,Call or Ask for Help,Moses,772448633,Fire outbreak reported,COMMAND CENTER,COMMAND CENTER,NCCC Room,,,Dispatched,32.91135,0.353558
20230125222357485022,25/01/2023 22:23,Namaiyba bus park gate,Fire,Male Fire,,Call or Ask for Help,,700283867,Flat on fire.,Old Kampala,Old Kampala,NCCC Room,,,Accepted,32.57041,0.317788
20230125170258811021,25/01/2023 17:02,mengo sir Apollo,HOMICIDES,Other Death (Not Specified above),,Call or Ask for Help,Andrew,781123022,eletric pole has fallen respond,Old Kampala,Lungujja,NCCC Room,,,Accepted,32.55378,0.306684
20230123151503709027,23/01/2023 15:15,kigolobia hoima district,HOMICIDES,Death(Fire Out Breaks),,Call or Ask for Help,bonny,776540254,reporting fire out break at above address.,COMMAND CENTER,COMMAND CENTER,NCCC Room,,,Accepted,31.32927,1.669214
20230122213003215017,22/01/2023 21:37,Namuyongo-Kanyogoga,Fire,Male Fire,,Call or Ask for Help,PATRICK,783656172,[Acceptance Record] FIRE OUTBREAK REPORTED,COMMAND CENTER,COMMAND CENTER,NCCC Room,,,Accepted,32.62043,0.307488
20230122195212577019,22/01/2023 19:52,Makindye barracks,Fire,Female Fire,,Call or Ask for Help,Ba,787195523,Fire outbreak at above address respond imm,Katwe,MAKINDYE,NCCC Room,,,Dispatched,32.57976,0.287275
20230120010846626036,20/01/2023 01:08,kunya in mutungo,Fire,Male Fire,,Call or Ask for Help,john,704995494,fire outbreak reported at the above adress,COMMAND CENTER,COMMAND CENTER,NCCC Room,,,Closed,32.63573,0.323119
20230119024004645020,19/01/2023 02:40,"kyanja katumba zone, kilowonza",Fire,Female Fire,,Call or Ask for Help,sarah,771858679,electricity pole is burning pliz handle,Kiira Road,Kisaasi/Kyanja,NCCC Room,,,Closed,32.59785,0.389392
20230118200617238022,18/01/2023 20:06,st juliana road manyangwa kasangati,Fire,Male Fire,,Call or Ask for Help,christine,762016217,fire outbreak on a transformer reported,Kiira Road,Kasangati,NCCC Room,,,Closed,,
20230114141106388024,14/01/2023 14:11,kiganda,Fire,Male Fire,,Call or Ask for Help,moses,701300138,"fire out break at the above address,respond.",Kira Division,Kira Division,NCCC Room,,,Dispatched,,
20230113200325576024,13/01/2023 20:03,equateral mall,Fire,Male Fire,,Call or Ask for Help,Bukenya,708114667,Fire outbreak at the above place plz respond imm.,COMMAND CENTER,CPS Kampala,NCCC Room,,,Closed,32.57283,0.319402
20230113135137260018,13/01/2023 13:51,"rukungiri district,nyashegi subcounty,katete parish.",Fire,Male Fire,,Call or Ask for Help,atukunda,784785842,"male fire caused by an electric pole,plz rspd imm",COMMAND CENTER,COMMAND CENTER,NCCC Room,,,Accepted,29.8956,-0.979393
20230112170159607015,12/01/2023 17:01,kawempe zone A,Fire,Male Fire,,Call or Ask for Help,baguma,772633463,FIRE AT ABOVE,COMMAND CENTER,Kawempe,NCCC Room,,,Dispatched,32.55807,0.378621
20230110085517071030,10/01/2023 08:55,"mawanda, kamowukya",Fire,Male Fire,,Call or Ask for Help,james,753950948,reports a burning electric pole at the above address.,COMMAND CENTER,COMMAND CENTER,NCCC Room,,,Dispatched,,
20230108223013574014,08/01/2023 22:30,Nasana nkowe,Fire,Female Fire,,Call or Ask for Help,Christine,707616550,reports fire out break at the above location,COMMAND CENTER,NANSANA,NCCC Room,,,Dispatched,32.61664,0.352366
20230108030937025025,08/01/2023 03:09,mini price in kampala town,Fire,Male Fire,,Call or Ask for Help,benard,702120836,reports fire outbreak handle imm.,COMMAND CENTER,CPS Kampala,NCCC Room,,,Dispatched,,
20230107112159158018,07/01/2023 11:21,namungona round about,Fire,,,Call or Ask for Help,mukasa,701339665,reports fire at the above address please help,Old Kampala,Old Kampala,NCCC Room,,,Accepted,,
20230106172614060035,06/01/2023 17:26,kiwanga-mukono,Fire,Male Fire,,Call or Ask for Help,banada,772924887,reports fire at the above,COMMAND CENTER,Mukono,NCCC Room,,,Accepted,,
20230106080353731013,06/01/2023 08:03,kyengera town,Fire,Male Fire,,Call or Ask for Help,joshua,789412179,fireat the above address respond imm,COMMAND CENTER,COMMAND CENTER,NCCC Room,,,Accepted,32.50011,0.292125
20230106022320502024,06/01/2023 02:23,kampala internation school bukoto,HOMICIDES,Death(Fire Out Breaks),,Call or Ask for Help,shamim,783520747,serious fire at above place,COMMAND CENTER,COMMAND CENTER,NCCC Room,,,Accepted,32.58652,0.355071
20230106021905368021,06/01/2023 02:19,Kampala international school,Fire,Male Fire,,Call or Ask for Help,TOM,775396851,"fire at the above, respond.",Kiira Road,Kiira Rd,NCCC Room,,,Accepted,32.59058,0.353429
20230105160423880014,05/01/2023 16:04,malaba town,Fire,Female Fire,,Call or Ask for Help,Napokoli,0786429822,Reports fire out break at the above adress,COMMAND CENTER,COMMAND CENTER,NCCC Room,,,Accepted,33.61529,1.243891
20230105103402296020,05/01/2023 10:33,plot 101 moroto road in sorori city,Fire,Male Fire,,Call or Ask for Help,emmaul,776818202,FIRE OUTBREAK AT ABOVE ADRESS PLIZ HANDLE,COMMAND CENTER,COMMAND CENTER,NCCC Room,,,Accepted,,
20230104122333473035,04/01/2023 12:23,banda b - acholi quarters,Fire,Male Fire,,Call or Ask for Help,sharon,709978252,,COMMAND CENTER,COMMAND CENTER,NCCC Room,,,Accepted,32.63575,0.328372
20230102134206264018,02/01/2023 13:42,bwaise-nasana road near northern-by-pass camera.,Fire,Female Fire,,Call or Ask for Help,walusibi,780317683,"fire out break at the above place,plz rspg imm.",COMMAND CENTER,NANSANA,NCCC Room,,,Closed,,
20230101005121064025,01/01/2023 00:51,kifamba gomba,Fire,Female Fire,,Call or Ask for Help,mutagubya,756078487,fire on the road,COMMAND CENTER,COMMAND CENTER,NCCC Room,,,Closed,31.7401,0.117822
20230101004602005025,01/01/2023 00:46,junction going to mukono high school,Fire,Female Fire,,Call or Ask for Help,wamala,784330960,fire set on the road,Mukono,Mukono,NCCC Room,,,Closed,32.7514,0.363278
20230101003421855025,01/01/2023 00:34,kawala bridge,Fire,Female Fire,,Call or Ask for Help,musa,773304255,fire set at the road,Old Kampala,Kawaala,NCCC Room,,,Closed,32.55427,0.34137
20221231215229936020,31/12/2022 21:52,walusimbi lugazi,Fire,Male Fire,,Call or Ask for Help,keneth,0783625467,fire outbreak at above adress,COMMAND CENTER,COMMAND CENTER,NCCC Room,,,Closed,,
20221230121344858037,30/12/2022 12:13,kigo,Fire,Female Fire,,Call or Ask for Help,ema,758665500,called in and reported fire coused by electricity sparks at kigo,COMMAND CENTER,COMMAND CENTER,NCCC Room,,,Dispatched,32.60344,0.214409
20221228073453576027,28/12/2022 07:34,wandegeya opp public service,Fire,Male Fire,,Call or Ask for Help,sambo,752537784,reported electric pole burning,Wandegeya,Wandegeya,NCCC Room,,,Closed,,
20221226234135268025,26/12/2022 23:41,katabi wakiso,HOMICIDES,Death(Fire Out Breaks),,Call or Ask for Help,buyondo,761870342,Fire in the above,COMMAND CENTER,COMMAND CENTER,NCCC Room,,,Closed,,
20221224094917326024,24/12/2022 09:49,Kamengo in Mpigi District,Fire,Male Fire,,Call or Ask for Help,Sarah,756595013,Reports Fire out break at the above address please respond,COMMAND CENTER,COMMAND CENTER,NCCC Room,,,Closed,,
20221224093945787028,24/12/2022 09:39,kanyogoga after Namuwongo within the industrial area.,Fire,Male Fire,,Call or Ask for Help,Rebbeca,700632534,there is fire out break on electrical pole at the above place,Jinja Road,Jinja Road,NCCC Room,,,Dispatched,32.62012,0.295217
20221223225330403014,23/12/2022 22:53,jinja council yard,Fire,Female Fire,,Call or Ask for Help,godfrey,758419065,Reports fire out break at the above adress,COMMAND CENTER,COMMAND CENTER,NCCC Room,,,Closed,33.2059,0.46737
20221223185500599014,23/12/2022 18:55,jinja mpya,Fire,Female Fire,,Call or Ask for Help,Arone,760634323,Reorts fire out break at the above location,COMMAND CENTER,COMMAND CENTER,NCCC Room,,,Closed,,
20221222191609264028,22/12/2022 19:16,kyengera,OTHER LAWS,All other Acts,,Call or Ask for Help,derrick,755612239,fire reported,COMMAND CENTER,COMMAND CENTER,NCCC Room,,,Closed,32.49658,0.307489
20221222183100513018,22/12/2022 18:31,mulimira kira road,Fire,Male Fire,,Call or Ask for Help,mahama,779199897,reports fire plz help,Kira Division,Kira Division,NCCC Room,,,Dispatched,,
20221222181141191017,22/12/2022 18:13,Mulimila-Kukisule- Bukoto,Fire,Male Fire,,Call or Ask for Help,ELVIS,778303491,[Acceptance Record] FIRE OUT BREAK REPORTED,COMMAND CENTER,COMMAND CENTER,NCCC Room,,,Dispatched,32.58991,0.349427
20221221132805618021,21/12/2022 13:28,kasanje in Nakawuka in Wakiso,Fire,Male Fire,,Call or Ask for Help,james,753085673,"fire at the above, respond.",Wakiso,Wakiso,NCCC Room,,,Accepted,,
20221221122024617017,21/12/2022 12:20,busega-kitaka zone near total,Fire,Male Fire,,Call or Ask for Help,Solomon,707269662,serious fire outbreak reported comply imm,COMMAND CENTER,COMMAND CENTER,NCCC Room,,,Accepted,,
20221219230135076028,19/12/2022 23:01,Shopright omega Entebbe opposite temple,HOMICIDES,Death(Fire Out Breaks),,Call or Ask for Help,Makweta,703769967,Fire outbreak at the above adress.,COMMAND CENTER,CPS Kampala,NCCC Room,,,Accepted,,
20221218152540896021,18/12/2022 15:25,kiwempe makindye katwe div,Fire,Male Fire,,Call or Ask for Help,simon,703086261,fire outbreak at the above address,Katwe,MAKINDYE,NCCC Room,,,Accepted,32.60312,0.283891
20221217212609623019,17/12/2022 21:26,Kamwokya Bulumira,Fire,,,Call or Ask for Help,Peter,774946459,fire outbreak at above address respond,Kiira Road,Kiira Rd,NCCC Room,,,Accepted,32.59182,0.346713
20221216194258534017,16/12/2022 19:42,Luwero District-lusangi,Fire,Male Fire,,Call or Ask for Help,RONALD,762135606,Transformer burning seriously needs police intervention,COMMAND CENTER,COMMAND CENTER,NCCC Room,,,Closed,,
20221215093401888013,15/12/2022 09:34,Kamwokya,Fire,Male Fire,,Call or Ask for Help,Benard,0780965190,Reports fire outbreak at Kamwokya.,Kiira Road,Kiira Rd,NCCC Room,,,Dispatched,,
20221212220112129024,12/12/2022 22:01,Mayangwa in kasangati,Fire,Male Fire,,Call or Ask for Help,Juliet,704366452,"Fire outbreak at the above address,respond.",Kasangati,Kasangati,NCCC Room,,,Accepted,32.6229,0.463789
20221210114608477027,10/12/2022 11:46,shop opposite watoto as you heading to kiseka market,HOMICIDES,Death(Fire Out Breaks),,Call or Ask for Help,alex,778126941,reporting fire out break at above address.,COMMAND CENTER,CPS Kampala,NCCC Room,,,Accepted,,
20221209214313584021,09/12/2022 21:43,LUGAZI KINYORO MARKET,Fire,Male Fire,,Call or Ask for Help,stephen,776047286,reports fire outbreak due to electricity..,COMMAND CENTER,COMMAND CENTER,NCCC Room,,,Closed,,
20221209211631122027,09/12/2022 21:16,NAKAWUKA,Fire,,,Call or Ask for Help,0702487035,0702487035,FIRE OUTBREAK,COMMAND CENTER,COMMAND CENTER,NCCC Room,,,Closed,,
20221207112320053025,07/12/2022 11:23,kira total near country hotel,Fire,Male Fire,,Call or Ask for Help,tom,784431243,fire outbreak reported,Kira Division,Kira Division,NCCC Room,,,Dispatched,32.62875,0.389242
20221207111908981023,07/12/2022 11:19,nagera kira near esera,Fire,Male Fire,,Call or Ask for Help,francis,774444630,a building on fire plz help,COMMAND CENTER,COMMAND CENTER,NCCC Room,,,Dispatched,32.62875,0.389242
20221206192332076014,06/12/2022 19:23,busabala wakiso,Fire,Female Fire,,Call or Ask for Help,odongo,755807286,called in and reported fire plz handle imm,COMMAND CENTER,COMMAND CENTER,NCCC Room,,,Dispatched,32.59541,0.229847
20221206181939276017,06/12/2022 18:19,kasubi via bweoyogerere- WAKISO DISTRICT,Fire,Male Fire,,Call or Ask for Help,NSEREKO,709145152,Fire outbreak reported comply imm,COMMAND CENTER,COMMAND CENTER,NCCC Room,,,Dispatched,32.67208,0.375046
20221205043427019028,05/12/2022 04:34,seeta mukono,Fire,Female Fire,,Call or Ask for Help,kirabo,788537597,fire reported,COMMAND CENTER,Mukono,NCCC Room,,,Dispatched,,
20221129205457201022,29/11/2022 20:54,matete in sembabule district,Fire,Male Fire,,Call or Ask for Help,Nakato,700715094,fore outbreak at the above address,COMMAND CENTER,COMMAND CENTER,NCCC Room,,,Accepted,32.58322,0.448842
20221127165932434025,27/11/2022 16:59,mutundwe,Fire,Male Fire,,Call or Ask for Help,Arnold,707070230,reported fire outbreak,COMMAND CENTER,COMMAND CENTER,NCCC Room,,,Dispatched,32.52449,0.283528
20221122195253673015,22/11/2022 19:52,"nasana inn, kasosi",Fire,Male Fire,,Call or Ask for Help,gerrad,755278701,reports a serious fire at above address,COMMAND CENTER,COMMAND CENTER,NCCC Room,,,Accepted,32.51343,0.369665
20221122091515010042,22/11/2022 09:15,HIOMA,Fire,,,Call or Ask for Help,JOSEPH,758444091,FIRE OUTBREAK NEAR PETROL STATION STABEX HIOMA,COMMAND CENTER,COMMAND CENTER,NCCC Room,,,Accepted,,
20221121113231736024,21/11/2022 11:32,kiira round about in kiira Division,HOMICIDES,Death (Traffic Accidents ),,Call or Ask for Help,Ronald,754872732,Fatal accident at the above adress,Kira Division,Kira Division,NCCC Room,,,Accepted,32.64132,0.399493
20221118130205557017,18/11/2022 13:02,Bulenga opposite the Mosque,Fire,Male Fire,,Call or Ask for Help,Elijah Sande,772462354,"An electric pole is on fire from the above,Handle.",COMMAND CENTER,COMMAND CENTER,NCCC Room,,,Closed,,
20221117160416362025,17/11/2022 16:04,gombe ss mpigi,HOMICIDES,Death(Fire Out Breaks),,Call or Ask for Help,mwonge,782108404,fire outbreak,COMMAND CENTER,COMMAND CENTER,NCCC Room,,,Closed,,
20221117144159852028,17/11/2022 14:41,kisubi mapera sch near kisubi hospital,Fire,Male Fire,,Call or Ask for Help,george,778902330,fire outbreak in one of the domintory at above sch handle imm.,Entebbe,Kisubi,NCCC Room,,,Closed,32.53882,0.138584
20221116121219558017,16/11/2022 12:12,Nsanji-OPP Pam ville P/S,Fire,Male Fire,,Call or Ask for Help,MOSES,788601351,Sparking electric wires and transformer needs help,COMMAND CENTER,COMMAND CENTER,NCCC Room,,,Closed,32.46535,0.276986
20221115194639290025,15/11/2022 19:46,Bunamwaya ngobe-katwe,Fire,Female Fire,,Call or Ask for Help,eva,706187695,fire outbreak pliz handle,Katwe,Katwe,NCCC Room,,,Accepted,32.54583,0.263975
20221115101200829017,15/11/2022 10:12,bulondo-kawempe,Fire,Male Fire,,Call or Ask for Help,Akim,705326098,transformer burning comply imm,COMMAND CENTER,COMMAND CENTER,NCCC Room,,,Dispatched,,
20221109183642316017,09/11/2022 18:36,Namugoona- Nakibinge OPP Church,Fire,Male Fire,,Call or Ask for Help,frank,709635266,fire out break reported,COMMAND CENTER,COMMAND CENTER,NCCC Room,,,Dispatched,,
20221108151158645017,08/11/2022 15:11,luuka town council-kiwunga,Fire,Male Fire,,Call or Ask for Help,Willy,773491939,fire out break reported,COMMAND CENTER,COMMAND CENTER,NCCC Room,,,Closed,33.35756,0.79888
20221108045623894022,08/11/2022 04:56,katooke along kisimu wamala road in nanasana.,Fire,Female Fire,,Call or Ask for Help,sebunya,774464282,"Fire out break at the above address,respond.",COMMAND CENTER,NANSANA,NCCC Room,,,Closed,,
20221107233505871018,07/11/2022 23:35,kirinya road jinja,Fire,Male Fire,,Call or Ask for Help,adam,772403497,reports a serous fire at the above address,COMMAND CENTER,COMMAND CENTER,NCCC Room,,,Closed,33.21373,0.428338
20221105092106283023,05/11/2022 09:21,carifonia plazer luumu street,Fire,Male Fire,,Call or Ask for Help,jingo,704222484,fire in the above place,COMMAND CENTER,COMMAND CENTER,NCCC Room,,,Accepted,,
20221103133606241014,03/11/2022 13:36,buziga water pump,Fire,Female Fire,,Call or Ask for Help,Zayoni,783401507,Reports Fire on an electic wires at the above abress,COMMAND CENTER,Kabalagala,NCCC Room,,,Accepted,32.6071,0.267245
20221025225320532024,25/10/2022 22:53,MAKINDYE SALAMA ROAD,HOMICIDES,Death(Fire Out Breaks),,Call or Ask for Help,ERIC,784248080,FIRE REPORTED IN THE ABOVE,COMMAND CENTER,COMMAND CENTER,NCCC Room,,,Accepted,,
20221024191619789025,24/10/2022 19:16,kalerwe mawanda road,Fire,Male Fire,,Call or Ask for Help,kasasa,701633389,fire at the above address,Kiira Road,Kiira Rd,NCCC Room,,,Accepted,32.5724,0.35066
20221022014944863017,22/10/2022 01:49,Old Kakira road Jinja,Fire,Male Fire,,Call or Ask for Help,Twine Rweco,701772727,"Fire out break at the above,Handle immediately.",COMMAND CENTER,COMMAND CENTER,NCCC Room,,,Closed,,
20221021121554272014,21/10/2022 12:15,bunga trading center big god church,Fire,Male Fire,,Call or Ask for Help,nenly james,703514347,called in and reported fire at the above place plz handle imm,COMMAND CENTER,COMMAND CENTER,NCCC Room,,,Closed,32.6165,0.238812
20221020192516213037,20/10/2022 19:25,old kiIra road near nup offices,Fire,Male Fire,,Call or Ask for Help,INNOCENT,707992057,REPORTS THE TRANSFORMER THAT HAS CAUGHT FIRE HANDLE IMM.,COMMAND CENTER,Kiira Road,NCCC Room,,,Closed,,
20221019202943536028,19/10/2022 20:29,opportunity bank kamwokya,Fire,Male Fire,,Call or Ask for Help,angodia,0716800218,fire reported,Kiira Road,Kiira Rd,NCCC Room,,,Closed,,
20221019124652124027,19/10/2022 12:46,kibuka memorial shc at st luke cou mpigi,Fire,Female Fire,,Call or Ask for Help,charles,702511181,reported transformer burning at the above,COMMAND CENTER,COMMAND CENTER,NCCC Room,,,Closed,,
20221018222942323028,18/10/2022 22:29,Kyaliwajala Ishazi super market kimbeja road Kira division,HOMICIDES,Death(Fire Out Breaks),,Call or Ask for Help,Emma,706666098,Transformer which has caught fire at the above adress.,Old Kampala,Old Kampala,NCCC Room,,,Accepted,32.64378,0.380895
20221018083814358017,18/10/2022 08:38,Kazo Yudesi primary Wakiso District,Fire,Male Fire,,Call or Ask for Help,Mariam,756989966,"Fire at the above,Handle.",Wakiso,Wakiso,NCCC Room,,,Dispatched,32.54445,0.364673
20221017195219658020,17/10/2022 19:52,Kalerwe round about,Fire,Male Fire,,Call or Ask for Help,Alex,708912774,Reports fire outbreak due transformer.,Kawempe,Kawempe,NCCC Room,,,Accepted,32.47256,0.086131
20221017094117663014,17/10/2022 09:41,Nabingo- Nsangi,Fire,Female Fire,,Call or Ask for Help,David,708742661,Reports fire-outbreak on a Transformer at the above location,Nsangi,Nsangi,NCCC Room,,,Dispatched,32.4752,0.278152
20221017020805896018,17/10/2022 02:08,Kinawataka mbuya in Jinja rd,Fire,Female Fire,,Call or Ask for Help,Okello,757626373,Reports fire at Kinawataka mbuya please respond,Jinja Road,Jinja Road,NCCC Room,,,Accepted,32.62328,0.336164
20221015190307126019,15/10/2022 19:03,NAMUGOGO JANDA,Fire,Male Fire,,Call or Ask for Help,HARRIET,788075254,FIRE OUTBREAK RESPOND IMM,Kira Division,Kira Division,NCCC Room,,,Accepted,32.65929,0.390186
20221015190001791019,15/10/2022 19:00,MBUYA KUNYA KIREKA ROAD,Fire,Male Fire,,Call or Ask for Help,EMMANUAL,770847024,FIRE ON AN ELECTRIC POLE RESPOND IMM,Jinja Road,Kitintale,NCCC Room,,,Accepted,32.64487,0.327208
20221014195855135035,14/10/2022 19:58,Oweno,Fire,Male Fire,,Call or Ask for Help,Isma,704382390,Reports fire at the above address,Old Kampala,Old Kampala,NCCC Room,,,Closed,,
20221014094029575020,14/10/2022 09:40,"kyaliwajala,namugongo",Fire,Male Fire,,Call or Ask for Help,harriet,774234503,"fire outbreak in the above place,respd imm.",Kira Division,Kira Division,NCCC Room,,,Closed,32.65285,0.385637
20221013103207891018,13/10/2022 10:32,Kamuli rd Kireka,Fire,Male Fire,,Call or Ask for Help,Abdul,703873484,Reports fire out break please respond,Kira Division,Kira Division,NCCC Room,,,Dispatched,32.6428,0.361293
20221012130302859019,12/10/2022 13:03,KIIRA KYALIWAJANLA,Fire,Male Fire,,Call or Ask for Help,Amili,772480174,There a car on fire near a patrol station,Kira Division,Kira Division,NCCC Room,,,Closed,,
20221012000539585031,12/10/2022 00:05,jinja wanyange,Fire,Male Fire,,Call or Ask for Help,hassan,776401108,fire out break reported at the above adress,COMMAND CENTER,COMMAND CENTER,NCCC Room,,,Closed,33.24064,0.468003
20221011190318980028,11/10/2022 19:03,nankulabye,Fire,,,Call or Ask for Help,ian,0706851762,fire reported please respond,COMMAND CENTER,COMMAND CENTER,NCCC Room,,,Closed,,
20221011190244207037,11/10/2022 19:02,nakulabye baptist church makerere opposite kobil petrol stsation,Fire,Male Fire,,Call or Ask for Help,kakembo,700121889,reports the transformer that has caught fire handle imm.,Wandegeya,Makerere,NCCC Room,,,Closed,,
20221011182428613024,11/10/2022 18:24,Busega,Fire,Male Fire,,Call or Ask for Help,Billy,775424848,"Transformer has caught fire at the above address,handle.",Katwe,Natete,NCCC Room,,,Closed,32.51492,0.297629
20221011072653923019,11/10/2022 07:26,KABALE BUTOBERE,Fire,Male Fire,,Call or Ask for Help,YAHAYA,788522032,FIRE OUTBREAK RESPOND IMM,COMMAND CENTER,COMMAND CENTER,NCCC Room,,,Closed,,
20221010134311793023,10/10/2022 13:43,wakiso kasengeeje road,Fire,Male Fire,,Call or Ask for Help,moses,703044861,Fire outbreak at the above place plz handle imm.,Wakiso,Wakiso,NCCC Room,,,Dispatched,,
20221010034030244024,10/10/2022 03:40,makerere road near rubbizi petro station,HOMICIDES,Death(Fire Out Breaks),,Call or Ask for Help,kamusiime,701383451,fire reported in the above,COMMAND CENTER,COMMAND CENTER,NCCC Room,,,Accepted,,
20221008074458093035,08/10/2022 07:44,nyakunyusi kiganda salama road,Fire,Male Fire,,Call or Ask for Help,mark,778177551,reports the transformer that has caught fire handle imm.,COMMAND CENTER,Katwe,NCCC Room,,,Accepted,32.58994,0.272588
20221007210403921016,07/10/2022 21:04,american super market jinja,Fire,Male Fire,,Call or Ask for Help,mugerwa,772416336,fire outbreak plz respond,COMMAND CENTER,COMMAND CENTER,NCCC Room,,,Accepted,33.20901,0.432329
20221006103341851029,06/10/2022 10:33,kiwatule church of uganda,Fire,Male Fire,,Call or Ask for Help,Erick,772411054,fire at the above address handle,Jinja Road,Jinja Road,NCCC Room,the was outbreak was monitored as a huge smoke at around 1026/c via kiwatule cps 016 F02 camera,Treated as Criminal Case,Fed back,32.59414,0.319988
20221006021705322017,06/10/2022 02:17,Mukitete-Near st peters-Mukono District,Fire,Male Fire,,Call or Ask for Help,Juuko,708202183,reports transformer that has caught fire needs help,COMMAND CENTER,COMMAND CENTER,NCCC Room,,,Closed,32.76846,0.361023
20221005211017838017,05/10/2022 21:12,lubugumu -Ndejje-wakiso district,Fire,Male Fire,,Call or Ask for Help,HANNINGTON,780288701,[Acceptance Record] FIRE OUTBREAK,COMMAND CENTER,COMMAND CENTER,NCCC Room,,,Closed,32.77449,0.358736
20221005085106836020,05/10/2022 08:51,MENGO HILLROAD,Fire,Male Fire,,Call or Ask for Help,HUSSEIN,703351341,REPORTS FIRE OUTBREAK DUE TRANSFORMER,Old Kampala,Old Kampala,NCCC Room,,,Dispatched,,
20221004141941624021,04/10/2022 14:19,brainstom school nyakambu kaabale,Fire,,,Call or Ask for Help,elvis,762740994,Fire at brainstom school in kabale munisipality,COMMAND CENTER,COMMAND CENTER,NCCC Room,,,Closed,,
20221004090922732025,04/10/2022 09:09,mubende main market,Fire,Male Fire,,Call or Ask for Help,jackson,775716348,fire outbreak,COMMAND CENTER,COMMAND CENTER,NCCC Room,,,Closed,31.39178,0.545229
20221003165050747017,03/10/2022 16:50,kiganda-kasokoso,Fire,Male Fire,,Call or Ask for Help,DAVID,784289160,FIRE OUT BREAK REPORTED COMPLY IMM,COMMAND CENTER,COMMAND CENTER,NCCC Room,,,Closed,32.64611,0.330555
20221003144106940013,03/10/2022 14:41,kamwokya,HOMICIDES,Death(Fire Out Breaks),,Call or Ask for Help,Andrew,0700226735,fire out break at kamokya,Kiira Road,Kiira Rd,NCCC Room,,,Closed,,
20221003131424353017,03/10/2022 13:14,ARUA - ADUMI ROAD OPP- ABACUS PHARMACY,Fire,Female Fire,,Call or Ask for Help,AMINAH,726315869,FIRE OUT BREAK REPORTED COMPLY IMM,COMMAND CENTER,COMMAND CENTER,NCCC Room,,,Closed,,
20221002203655557036,02/10/2022 20:36,KIBOGA SASA MUDWALIRO,Fire,,,Call or Ask for Help,ZULAIMAN,782570626,FIRE OUTBREAK,COMMAND CENTER,COMMAND CENTER,NCCC Room,,,Closed,31.7722,0.915374
20221002202757765031,02/10/2022 20:27,hiden tracer secondary school in kiboga,Fire,Male Fire,,Call or Ask for Help,omuron,0776455606,Reported fire out break at tha above adress,COMMAND CENTER,COMMAND CENTER,NCCC Room,,,Closed,32.5905,0.250303
20221001071019475017,01/10/2022 07:10,Ntinda- kiwatule -ballistic bar,Fire,Male Fire,,Call or Ask for Help,Johnathan,702291457,FIRE OUTBREAK REPORTED COMPLY IMM,COMMAND CENTER,COMMAND CENTER,NCCC Room,,,Dispatched,32.61589,0.35876
20220930132605092014,30/09/2022 13:26,kansanga,Fire,Female Fire,,Call or Ask for Help,Alexander,772365147,Reports fire out break at the above point,Kabalagala,Kabalagala,NCCC Room,,,Accepted,32.60807,0.285226
20220930130747902014,30/09/2022 13:07,nalumunye jumai,Fire,Female Fire,,Call or Ask for Help,haira,703938982,Reports fire out break at the above point,Wakiso,Wakiso,NCCC Room,,,Accepted,32.53096,0.265932
20220929102603707027,29/09/2022 10:26,kafu along kizito farm in nakasongola district.,HOMICIDES,Other Death (Not Specified above),,Call or Ask for Help,sande,761746338,"reporting electricity pole and the wire is down at above address,plze handle it.",COMMAND CENTER,COMMAND CENTER,NCCC Room,,,Accepted,,
20220927193713166014,27/09/2022 19:37,masaja-gangu busabala rd,Fire,,,Call or Ask for Help,ssenyana,709593928,called in and reported fire at the above place burning the school Dormitry plz help,COMMAND CENTER,COMMAND CENTER,NCCC Room,,,Accepted,32.59107,0.254201
20220927012944513017,27/09/2022 01:29,kitunzi-LUngujja,Fire,Female Fire,,Call or Ask for Help,Milly,705760620,Serious fire outbreak reported comply imm,COMMAND CENTER,COMMAND CENTER,NCCC Room,,,Accepted,32.53931,0.307968
20220925172433139018,25/09/2022 17:24,Lake View Luzira,OTHER LAWS,Traffic and Road Safety Act (Not categorised),,Call or Ask for Help,Derik,779038155,Reports an accident at the above address please respond,Jinja Road,Jinja Road,NCCC Room,,,Dispatched,32.65459,0.30236
20220924222249615014,24/09/2022 22:22,Gayaza road - kasangati,Fire,Female Fire,,Call or Ask for Help,alex,707532392,Reports fire out break at the above location,Kasangati,Kasangati,NCCC Room,,,Dispatched,32.59622,0.417454
20220923093356039036,23/09/2022 09:33,kiwatule in najara road,Fire,Male Fire,,Call or Ask for Help,godgrey,762092494,fire respond,COMMAND CENTER,COMMAND CENTER,NCCC Room,,,Accepted,,
20220922233833136028,22/09/2022 23:38,mile 6 bushenyi road mbarara district,OTHER LAWS,Traffic and Road Safety Act (Not categorised),,Call or Ask for Help,vincent,726133131,serious accident reported please respond.,COMMAND CENTER,COMMAND CENTER,NCCC Room,,,Accepted,,
20220921150426933029,21/09/2022 15:04,rubaga road after red cross,Fire,Male Fire,,Call or Ask for Help,ERICK,788224185,reports fire outbreak at above place,Old Kampala,Old Kampala,NCCC Room,,,Accepted,32.55848,0.304506
20220921114839647029,21/09/2022 11:48,Rasian emmabsy lugogo,Fire,Male Fire,,Call or Ask for Help,christ,782521280,REPORT FIREOUT BREAK AT ABOVE PLACE,Jinja Road,Jinja Road,NCCC Room,,,Accepted,32.60075,0.334461
20220917151809167020,17/09/2022 15:18,buzika njenru nyenga road buikwe district,Fire,Male Fire,,Call or Ask for Help,byansi,751615094,Reports outbreak due to electric pole .,COMMAND CENTER,COMMAND CENTER,NCCC Room,,,Accepted,33.17282,0.39906
20220916092744424021,16/09/2022 09:27,luzira stars of hope nursary school,HOMICIDES,Death(Fire Out Breaks),,Call or Ask for Help,juliet,781849447,serious fire outbreak,COMMAND CENTER,Jinja Road,NCCC Room,,,Accepted,32.64413,0.306512
20220914015320260014,14/09/2022 01:53,kyebando near akamwesi,Fire,Female Fire,,Call or Ask for Help,charles,754599201,Reports fireout break at the above location,Kawempe,Kawempe,NCCC Room,,,Closed,,
20220912202450837017,12/09/2022 20:24,mujoloto mbale,Fire,Male Fire,,Call or Ask for Help,charlis,772488429,,COMMAND CENTER,COMMAND CENTER,NCCC Room,,,Closed,34.17059,1.099867
20220911162518732028,11/09/2022 16:25,"luuka parents primary school, luuka district",Fire,Male Fire,,Call or Ask for Help,herbert,779958249,fire reported at the above please respond.,COMMAND CENTER,COMMAND CENTER,NCCC Room,,,Closed,33.37932,0.734818
20220910094958007024,10/09/2022 09:49,Ndeje mirimu zone opp ndejje health centre 3.,Fire,Male Fire,,Call or Ask for Help,Diana,702866202,"Areport of fire at the above address,respond.",Katwe,Katwe,NCCC Room,,,Accepted,,
20220909051550473017,09/09/2022 05:15,Kitagobwa-Wakiso District,Fire,Male Fire,,Call or Ask for Help,ALI,752669075,SERIOUS FIRE OUTBREAK COMPLY IMM,COMMAND CENTER,COMMAND CENTER,NCCC Room,,,Accepted,32.57661,0.440935
20220908114848750018,08/09/2022 11:48,six street near national water headquarter.,Fire,Male Fire,,Call or Ask for Help,dan,753346972,caller reported fire.,COMMAND CENTER,COMMAND CENTER,NCCC Room,,,Delivered,32.59933,0.316347
20220908110317348017,08/09/2022 11:03,KITINTALE,Fire,Female Fire,,Call or Ask for Help,NUASA,782967378,FIRE OUT BRAKE,Jinja Road,Kitintale,NCCC Room,,,Delivered,32.59304,0.394789
20220907195228499041,07/09/2022 19:52,nsambya,Fire,Male Fire,,Call or Ask for Help,ngom,776358753,called in and reported fire by transfomer plz help,COMMAND CENTER,COMMAND CENTER,NCCC Room,,,Dispatched,,
20220906232923517028,06/09/2022 23:29,jinja opposite shell,Fire,Male Fire,,Call or Ask for Help,aggrey,787123586,serious fire reported please respond.,COMMAND CENTER,COMMAND CENTER,NCCC Room,,,Closed,33.2195,0.435612
20220906193814620013,06/09/2022 19:38,KIKAYA BULENGA WAKISO,HOMICIDES,Death (Aggravated Domestic Violence),,Call or Ask for Help,GEAORGE,782483154,fire in the above place,COMMAND CENTER,COMMAND CENTER,NCCC Room,,,Closed,,
20220906191328785031,06/09/2022 19:13,acholi quatras kyiganda in kiira divisio,Fire,Male Fire,,Call or Ask for Help,isaach,785730361,Reported fire out break at tha above adress,Kira Division,Kira Division,NCCC Room,,,Closed,,
20220905131703819041,05/09/2022 13:17,buvuma,Fire,Male Fire,,Call or Ask for Help,JAMES,703291392,THERES FIRE PLZ RESPOND,COMMAND CENTER,COMMAND CENTER,NCCC Room,,,Closed,32.98695,0.293239
20220905100504298017,05/09/2022 10:06,Nantabulira-trading center-MUKONO DISTRICT,Fire,Male Fire,,Call or Ask for Help,JAMADA,758690637,[Acceptance Record] FIRE OUT BREAK COMPLY IMM,COMMAND CENTER,COMMAND CENTER,NCCC Room,,,Closed,,
20220904223324382023,04/09/2022 22:33,njeru naminya,OTHER LAWS,Traffic and Road Safety Act (Not categorised),,Call or Ask for Help,grora,701649573,fire in njeru,COMMAND CENTER,COMMAND CENTER,NCCC Room,,,Closed,,
20220904180021997041,04/09/2022 18:00,kinawataka mukatoogo,Fire,,,Call or Ask for Help,robert,704369364,called in and reported fire at the above place,COMMAND CENTER,COMMAND CENTER,NCCC Room,,,Closed,32.63144,0.33775
20220901044509773017,01/09/2022 04:47,Nile -Katugo-NAKASONGOLA DISTRICT,Fire,Male Fire,,Call or Ask for Help,IVAN,708635400,[Acceptance Record] SERIOUS FIRE OUT BREAK REPORTED COMPLY IMM,COMMAND CENTER,COMMAND CENTER,NCCC Room,,,Accepted,,
20220831113207880035,31/08/2022 11:32,Mbale Garage in Mbale district,HOMICIDES,Death(Fire Out Breaks),,Call or Ask for Help,Emanuel,0789440465,Fire out break at the above adress.,COMMAND CENTER,COMMAND CENTER,NCCC Room,,,Accepted,,
20220831081019518017,31/08/2022 08:10,Lawanda bombo road,Fire,Female Fire,,Call or Ask for Help,Ashim,742827446,fire out brake,Kawempe,Kawempe,NCCC Room,,,Dispatched,,
20220831042010288017,31/08/2022 04:21,KATALE KIREKA OPP SHELL MOGAS,Fire,Male Fire,,Call or Ask for Help,MEDI,707877370,[Acceptance Record] FIRE OUTBREAK,COMMAND CENTER,COMMAND CENTER,NCCC Room,,,Accepted,32.64092,0.345153
20220830123023380019,30/08/2022 12:30,nansana milogoti,Fire,Female Fire,,Call or Ask for Help,MUkasa,703154358,fire out brake,COMMAND CENTER,NANSANA,NCCC Room,,,Dispatched,,
20220829204142892017,29/08/2022 20:43,Danida OPP Market-JINJA CITY,Fire,Male Fire,,Call or Ask for Help,HASSAN,741041563,[Acceptance Record] FIRE OUT BREAK REPORTED COMPLY IMM,COMMAND CENTER,COMMAND CENTER,NCCC Room,,,Accepted,,
20220828132900953023,28/08/2022 13:28,Full gospel Church in rubanga,Fire,Male Fire,,Call or Ask for Help,Gerald,701986509,Reports at the above address.,Old Kampala,Old Kampala,NCCC Room,,,Accepted,33.21957,0.447302
20220827132730635016,27/08/2022 13:27,SONDENDYE NAMUGONGO,Fire,Male Fire,,Call or Ask for Help,MOSESE,752916016,FIRE OUT BREAK.,COMMAND CENTER,COMMAND CENTER,NCCC Room,,,Dispatched,32.67744,0.40859
20220827132033851017,27/08/2022 13:25,JINJA MISINDYE-MUKONO DISTRICT,Fire,Male Fire,,Call or Ask for Help,GODFREY,701911983,[Acceptance Record] SERIOUS FIREOUT BREAK,COMMAND CENTER,COMMAND CENTER,NCCC Room,,,Accepted,32.67697,0.408863
20220825114446446013,25/08/2022 11:44,KASANGATI NEAR PRISON,HOMICIDES,Death(Fire Out Breaks),,Call or Ask for Help,MWANJJE,703711502,Fire reported in the above,COMMAND CENTER,COMMAND CENTER,NCCC Room,,,Accepted,32.60808,0.454171
20220823194621550020,23/08/2022 19:46,YOANA MARIA ZONE ONE MENGO PARISH,Fire,Male Fire,,Call or Ask for Help,fred,707493545,Reports fire outbreak due to electricity,Old Kampala,Old Kampala,NCCC Room,,,Accepted,,
20220822191801168021,22/08/2022 19:18,kasubi munaku,Fire,Male Fire,,Call or Ask for Help,moses,755923741,fire case,COMMAND CENTER,COMMAND CENTER,NCCC Room,,,Dispatched,,
20220822063732327017,22/08/2022 06:37,BAAJO-OPP CATHOLIC CHURCH-MUKONO DISTRICT VIA SEETA,Fire,Male Fire,,Call or Ask for Help,CHARLES,703842266,FIRE OUTBREAK REPORTED PLZ COMPLY,COMMAND CENTER,COMMAND CENTER,NCCC Room,,,Accepted,32.71879,0.387402
20220821200909509036,21/08/2022 20:09,mukono ngandu,Fire,Male Fire,,Call or Ask for Help,david,700257045,fire case.,Mukono,Mukono,NCCC Room,,,Accepted,,
20220819032024463017,19/08/2022 03:20,Ntinda opposite St Francis Primary school,Fire,Male Fire,,Call or Ask for Help,Ingrid,726201643,"Fire out break at the above place,Handle.",Kiira Road,Kiira Rd,NCCC Room,,,Accepted,,
20220817104051002031,17/08/2022 10:40,mbuya near bright junior school kinawataka,Fire,Male Fire,,Call or Ask for Help,junior,708167882,reported fire outbreak,Jinja Road,Jinja Road,NCCC Room,,,Dispatched,32.62958,0.34
20220814124332781023,14/08/2022 12:43,masanafu,GENERAL CRIMES,Sex Related Offences,,Call or Ask for Help,jose,704836395,fire in masanafu,COMMAND CENTER,COMMAND CENTER,NCCC Room,,,Accepted,,
20220812234032331015,12/08/2022 23:40,mbarara near central mkt,Fire,Male Fire,,Call or Ask for Help,martine,703683130,fire out break.,COMMAND CENTER,COMMAND CENTER,NCCC Room,,,Accepted,30.66448,-0.605746
20220812202407503017,12/08/2022 20:24,KU MUSANVU-JINJA DISTRICT,Fire,Male Fire,,Call or Ask for Help,SEKAMANYA,701858307,Fire outbreak reported in the above,COMMAND CENTER,COMMAND CENTER,NCCC Room,,,Accepted,33.16569,0.444378
20220811225318580016,11/08/2022 22:53,NDEEBA NEAR VICTORY CHURCH,Fire,Male Fire,,Call or Ask for Help,GEAFREY,742179940,FIRE OUTBREAK PLZ RESPOND IMM,COMMAND CENTER,COMMAND CENTER,NCCC Room,,,Accepted,,
20220811155333440041,11/08/2022 15:53,bwaise total opposite lagrandi,Fire,,,Call or Ask for Help,ssenzi,705148494,fire at the above address,COMMAND CENTER,COMMAND CENTER,NCCC Room,,,Dispatched,,
20220811110103609017,11/08/2022 11:01,mengo sir apol kagwa pri school,Fire,,,Call or Ask for Help,SEMUJU,701868350,Fire out brake,Old Kampala,Old Kampala,NCCC Room,,,Dispatched,,
20220811030751405023,11/08/2022 03:07,kayunga road mukono,Fire,Male Fire,,Call or Ask for Help,john,704750876,FIRE IN MUKONO KAYUNGA ROAD,COMMAND CENTER,COMMAND CENTER,NCCC Room,,,Accepted,,
20220811023854288031,11/08/2022 02:38,kabembe in mukono,Fire,Male Fire,,Call or Ask for Help,desmond,701102649,Fire out break at the above adress pliz repond imm.,COMMAND CENTER,COMMAND CENTER,NCCC Room,,,Accepted,,
20220810065915293034,10/08/2022 06:59,KIREKA KAMULI ROAD,Fire,Male Fire,,Call or Ask for Help,SHARIFA,706516094,FIRE OUTBREAK AT ABOVE PLACE RESPOND IMM,Kira Division,Kira Division,NCCC Room,,,Closed,,
20220809232429189017,09/08/2022 23:24,Banda Kyambogo University Small,Fire,Male Fire,,Call or Ask for Help,Marvin,707437885,Fire at the above mentioned Handle.,COMMAND CENTER,COMMAND CENTER,NCCC Room,,,Closed,,
20220807115044709018,07/08/2022 11:50,maketus factory,Fire,Male Fire,,Call or Ask for Help,isaac,789559180,serious fire plz help,COMMAND CENTER,COMMAND CENTER,NCCC Room,,,Accepted,33.2148,0.427362
20220806162849629017,06/08/2022 16:28,Wanyange - Bugembe Jinja,Fire,Male Fire,,Call or Ask for Help,Lokesh David,0702841570,Fire out break at the above area.Handle,COMMAND CENTER,COMMAND CENTER,NCCC Room,,,Accepted,,
20220805200034574012,05/08/2022 20:00,WALIGAMBO,Fire,,,Call or Ask for Help,JOHN,775601203,There is fire on electric pole in Waligambu trading centre makindye,Kabalagala,Kabalagala,NCCC Room,,,Accepted,32.6062,0.313121
20220803183513438017,03/08/2022 18:39,Sir Apollo- OPP BWAISE-MUZURI BUILDINDS,Fire,Male Fire,,Call or Ask for Help,Vincent,702422673,[Acceptance Record] FIRE OUTBREAK,COMMAND CENTER,COMMAND CENTER,NCCC Room,,,Accepted,,
20220728210429873028,28/07/2022 21:04,KASAGATI ROAD BESIGYES ROAD,Fire,Female Fire,,Call or Ask for Help,ALLEN,789557968,,COMMAND CENTER,Kasangati,NCCC Room,,,Dispatched,,
20220728201056591020,28/07/2022 20:10,Seeta forest kindergarten seeta,Fire,Male Fire,,Call or Ask for Help,paul,701218877,Reports fireoutbreak,Mukono,Mukono,NCCC Room,,,Dispatched,,
20220727034257635036,27/07/2022 03:42,kawanda opposite batanda primary school,Fire,Male Fire,,Call or Ask for Help,Habert,707649131,Fire at the above address respond imm.,Kawempe,Kawempe,NCCC Room,,,Closed,,
20220725185754752016,25/07/2022 18:57,Kitende Wobulenzi,Fire,Female Fire,,Call or Ask for Help,Suzan,776385781,Fire outbreak at above place respond imm,COMMAND CENTER,COMMAND CENTER,NCCC Room,,,Closed,32.51983,0.713071
20220725035238045017,25/07/2022 03:56,KAYANJA-MUKONO DISTRICT,Fire,Female Fire,,Call or Ask for Help,DEBORAH,781786629,[Acceptance Record] FIRE OUT BREAK RESPOND IMM,COMMAND CENTER,COMMAND CENTER,NCCC Room,,,Closed,,
20220724184235926017,24/07/2022 18:42,Mbuya-kinawataka Via Reach Out,Fire,Female Fire,,Call or Ask for Help,AISHA,700123778,FIRE OUTBREAK REPORTED RESPOND IMM,COMMAND CENTER,COMMAND CENTER,NCCC Room,,,Closed,,
20220723200030515027,23/07/2022 20:00,lobwa muslim in kawempe division,HOMICIDES,Death(Fire Out Breaks),,Call or Ask for Help,nathan,706736491,"reporting fire out break at above address,plze handle it imm.",Kawempe,Kawempe,NCCC Room,,,Closed,,
20220722223154220036,22/07/2022 22:31,kwapa centre tororo,Fire,,,Call or Ask for Help,Okot felix,778979020,reports fire outbreak handle imm.,COMMAND CENTER,COMMAND CENTER,NCCC Room,,,Closed,34.14001,0.823567
20220722082430351017,22/07/2022 08:24,NABWERU-KAFUNDA,Fire,Male Fire,,Call or Ask for Help,ROBERT,702139364,FIRE OUTBREAK,COMMAND CENTER,COMMAND CENTER,NCCC Room,,,Accepted,,
20220721122252679012,21/07/2022 12:22,katwe,GENERAL CRIMES,,,Call or Ask for Help,kirusa,782202133,fire in katwe,COMMAND CENTER,COMMAND CENTER,NCCC Room,,,Dispatched,32.57661,0.297843
20220719212137704015,19/07/2022 21:21,"mulago 3, kivumbira 2",Fire,Male Fire,,Call or Ask for Help,david,704567887,reports electric pole on fire at the above address,COMMAND CENTER,COMMAND CENTER,NCCC Room,,,Closed,,
20220719010600745020,19/07/2022 01:06,Wanyama bugembe jinja,Fire,Male Fire,,Call or Ask for Help,otala,754617933,Reports fire oubreak,COMMAND CENTER,COMMAND CENTER,NCCC Room,,,Closed,,
20220718205103145018,18/07/2022 20:51,Nabulagala,Fire,Male Fire,,Call or Ask for Help,Kimera,706151988,Reports fire out break at Nabulagala,Old Kampala,Old Kampala,NCCC Room,,,Dispatched,,
20220718145442624019,18/07/2022 14:54,kyengera kazinga tembo road,Fire,Male Fire,,Call or Ask for Help,Hadad,708615290,Fire outbreak at the above address.,Nsangi,Nsangi,NCCC Room,,,Closed,,
20220717161905224029,17/07/2022 16:19,mukono-kilwooza.,Fire,,,Call or Ask for Help,herbert,706351464,"Male fire in the above address,plz respond imm.",Mukono,Mukono,NCCC Room,,,Dispatched,,
20220717032523055035,17/07/2022 03:25,St jude primary school bugembe in jinja district,Fire,Male Fire,,Call or Ask for Help,mukisa,774108169,Fire out break at the above address plz respond.,COMMAND CENTER,COMMAND CENTER,NCCC Room,,,Closed,33.17897,0.469698
20220716210012532015,16/07/2022 21:00,VELOCITY HOTEL KYANJA WHEN YOU GO TO NTINDA,Fire,Male Fire,,Call or Ask for Help,COLINCE,776582186,FIRE OUT BREAK.,COMMAND CENTER,COMMAND CENTER,NCCC Room,,,Dispatched,32.59304,0.394789
20220716042352605024,16/07/2022 04:23,Ndeeba near by railways,Fire,Male Fire,,Call or Ask for Help,Angela,784574107,fire at the above address,Kajjansi,Kajjansi,NCCC Room,,,Closed,32.56848,0.291106
20220715211127074026,15/07/2022 21:11,mutundwe mukababo nalukulongo,Fire,Male Fire,,Call or Ask for Help,toola issa,784178183,fire at the above address handle imm,Old Kampala,Old Kampala,NCCC Room,,,Closed,32.53878,0.289121
20220714195951073024,14/07/2022 19:59,bukerere namasiga,Fire,Male Fire,,Call or Ask for Help,sekitoleko,704457618,fire at the above area,COMMAND CENTER,COMMAND CENTER,NCCC Room,,,Closed,,
20220714152321495017,14/07/2022 15:23,Bwebaja akright-bubai,Fire,Male Fire,,Call or Ask for Help,ABDUAL,704811535,FIRE OUTBREAK REPORTED RESPOND IMM,COMMAND CENTER,COMMAND CENTER,NCCC Room,,,Closed,,
20220714152014101036,14/07/2022 15:20,"UBAI islamic secondary school,along enteebbe bwebajja road",Fire,Male Fire,,Call or Ask for Help,AIDAH KAWUMA,782874105,fire out break at above,COMMAND CENTER,COMMAND CENTER,NCCC Room,,,Dispatched,32.52599,0.171307
20220714032530054026,14/07/2022 03:25,william street church house near radio one,Fire,Male Fire,,Call or Ask for Help,nikugude,781334999,fire,CPS Kampala,Kampala CPS,NCCC Room,,,Accepted,32.57931,0.312542
20220713211851805021,13/07/2022 21:18,mubende,Fire,Male Fire,,Call or Ask for Help,shaque,700759568,fire outbreak reported at above place,COMMAND CENTER,COMMAND CENTER,NCCC Room,,,Accepted,,
20220712124859455015,12/07/2022 12:48,MITYANA NEAR FOREST PARK,Fire,,,Call or Ask for Help,RICHARD,781329855,,COMMAND CENTER,COMMAND CENTER,NCCC Room,,,Accepted,,
20220711201031198016,11/07/2022 20:10,Ganda nansana,Fire,Male Fire,,Call or Ask for Help,Joan,758923402,Reports fire outbreak on aschool,COMMAND CENTER,NANSANA,NCCC Room,,,Dispatched,,
20220711133941755015,11/07/2022 13:39,kitezi kiganda,Fire,Male Fire,,Call or Ask for Help,cythia,775041062,fire out break plz comply,COMMAND CENTER,COMMAND CENTER,NCCC Room,,,Dispatched,32.58399,0.420291
20220709173017071036,09/07/2022 17:30,manafa bubulo,Fire,Male Fire,,Call or Ask for Help,philip,758366030,reports fire outbreak handle imm.,COMMAND CENTER,COMMAND CENTER,NCCC Room,,,Closed,,
20220709151616076012,09/07/2022 15:16,mengo victoria ss,Fire,Male Fire,,Call or Ask for Help,were,772435042,there is fire at the above location respond imm,Old Kampala,Old Kampala,NCCC Room,,,Closed,32.563,0.30839
20220709113204076032,09/07/2022 11:32,katwe,Fire,Male Fire,,Call or Ask for Help,henry,783297762,fire in katwe near total petrol station,COMMAND CENTER,Katwe,NCCC Room,,,Closed,32.57661,0.300128
20220709034148374013,09/07/2022 03:41,bwayise,ECONOMIC CRIMES,Other Economic crimes,,Call or Ask for Help,kibalabye,705148444,fire in bweyise,COMMAND CENTER,COMMAND CENTER,NCCC Room,,,Dispatched,,
20220708222923737013,08/07/2022 22:29,sabya baracks,GENERAL CRIMES,Other Crimes in General,other penal code offences (not categorized),Call or Ask for Help,Unknown,782435876,fire in nsambya,COMMAND CENTER,COMMAND CENTER,NCCC Room,,,Dispatched,,
20220707212134746015,07/07/2022 21:21,WAKISO BULENGA,Fire,Male Fire,,Call or Ask for Help,MARK,742314251,THJERE IS FIRE OUTBREAT AT ABOVE PLACE RESPOND IMM,Wakiso,Wakiso,NCCC Room,,,Dispatched,,
20220706053217952026,06/07/2022 05:32,kyebando fly over,Fire,Male Fire,,Call or Ask for Help,julious,788303430,fire out break,COMMAND CENTER,COMMAND CENTER,NCCC Room,,,Accepted,,
20220706053012324023,06/07/2022 05:30,kyebando fly over,HOMICIDES,Death(Fire Out Breaks),,Call or Ask for Help,dekison,704612083,fire out break,Kawempe,Kawempe,NCCC Room,,,Accepted,,
20220705111130326020,05/07/2022 11:11,old taxpark,Fire,,,Call or Ask for Help,wafula stephen,774990199,there is fire outbreak at old taxipark,CPS Kampala,Kampala CPS,NCCC Room,,,Delivered,34.09197,0.466061
20220705102307953013,05/07/2022 10:23,BUGOLOBI,GENERAL CRIMES,Other Crimes in General,other penal code offences (not categorized),Call or Ask for Help,EVA,392725709,FIRE IN BUGOLOBI,COMMAND CENTER,COMMAND CENTER,NCCC Room,,,Received,,
20220705040418686017,05/07/2022 04:04,Kisugu Junior Katwe Division,Fire,Male Fire,,Call or Ask for Help,Cosmas,772496373,"Fire out break from the above,RESPOND.",Katwe,Katwe,NCCC Room,,,Accepted,32.60577,0.307606
20220705032606878018,05/07/2022 03:26,Kisasi NDUNGU zONE,Fire,Male Fire,,Call or Ask for Help,jOAN,787953010,fIRE out break from the above.,Kiira Road,Kiira Rd,NCCC Room,,,Accepted,32.59521,0.377022
20220703222424569013,03/07/2022 22:24,Hardware world ntinda,Fire,Male Fire,,Call or Ask for Help,Patrick,779761804,Fire out break,COMMAND CENTER,COMMAND CENTER,NCCC Room,,,Arrived,32.61088,0.354792
20220702042724237021,02/07/2022 04:27,Nakifuma Mukono,Fire,Male Fire,,Call or Ask for Help,Edungu,786171437,"Fire reported at the above,respond.",Mukono,Mukono,NCCC Room,,,Dispatched,,
20220629192942095023,29/06/2022 19:29,laweru rubiji road nansana,Fire,,,Call or Ask for Help,Byamukama,771404568,fire out break at laweru nasana,COMMAND CENTER,NANSANA,NCCC Room,,,Accepted,32.54112,0.355414
20220629095441597017,29/06/2022 09:54,Gaba landing site,Fire,Male Fire,,Call or Ask for Help,MICHEAL,742794537,FIRE OUTBREAK REPORTED IN THE ABOVE AREA RESPOND IMM,COMMAND CENTER,COMMAND CENTER,NCCC Room,,,Accepted,,
20220629085100759034,29/06/2022 08:51,mpererwe,Fire,Female Fire,,Call or Ask for Help,goret,708253728,shes reporting of fire outbreak at the above place,COMMAND CENTER,COMMAND CENTER,NCCC Room,,,Accepted,,
20220629021630757017,29/06/2022 02:16,Kabalagala behind equity bank,Fire,,,Call or Ask for Help,Maria,704518065,Reports fire outbreak.,Kabalagala,Kabalagala,NCCC Room,,,Accepted,,
20220629003026334028,29/06/2022 00:30,boston around seeta along salama road,Fire,Male Fire,,Call or Ask for Help,,703832677,serious fire reported at the above adress,COMMAND CENTER,COMMAND CENTER,NCCC Room,,,Accepted,,
20220628145712374023,28/06/2022 14:57,mengo going kalanda kikandwa,Fire,Male Fire,,Call or Ask for Help,johnson,701265913,called in and reported fire at the above place plz handle imm,COMMAND CENTER,COMMAND CENTER,NCCC Room,,,Dispatched,,
20220628104628445021,28/06/2022 10:46,kitende malachi eco lodge,Fire,Male Fire,,Call or Ask for Help,baron,784293036,reports fire respond imm,Kasangati,Kasangati,NCCC Room,,,Closed,32.53856,0.193387
20220628062608400017,28/06/2022 06:26,KAMWOKYA OPP ACCIA MALL,Fire,Male Fire,,Call or Ask for Help,MOSES,774441770,FIRE OUTBREAK REPORTED IN THE ABOVE,COMMAND CENTER,COMMAND CENTER,NCCC Room,,,Accepted,,
20220628061436411017,28/06/2022 06:14,world health organization kololo Near rohana p/s,Fire,Male Fire,,Call or Ask for Help,CHARLES,774847327,SERIOUS FIREOUTBREAK REPORTED RESPOND IMM,COMMAND CENTER,COMMAND CENTER,NCCC Room,,,Accepted,32.59163,0.341735
20220628043855078017,28/06/2022 04:38,kikajjo pentagon stage namasuba makindye,Fire,Male Fire,,Call or Ask for Help,sarah,772844720,Reports fire outbreak,Katwe,MAKINDYE,NCCC Room,,,Accepted,32.5836,0.258801
20220627185038604015,27/06/2022 18:50,ntinda near shell,Fire,Male Fire,,Call or Ask for Help,tenywa,772960284,fire at above.,COMMAND CENTER,COMMAND CENTER,NCCC Room,,,Accepted,,
20220627122606450020,27/06/2022 12:26,NAJJERA,GENERAL CRIMES,,,Call or Ask for Help,OWEN,701573957,FIRE OUTBREAK AT ABOVE PLACE PLZ REPOND IMM,Kira Division,Kira Division,NCCC Room,,,Accepted,,
20220626064709863013,26/06/2022 06:47,kitende entebe road,ECONOMIC CRIMES,Other Economic crimes,,Call or Ask for Help,godfrey,782783456,electric dangoling in kitende,COMMAND CENTER,COMMAND CENTER,NCCC Room,,,Dispatched,,
20220624154014609015,24/06/2022 15:40,KYALIWAJALA,Fire,Male Fire,,Call or Ask for Help,ANGELLA,784404586,REPORTS FIRE OUTBREAK AT ABOVE ADDRESS,COMMAND CENTER,COMMAND CENTER,NCCC Room,,,Dispatched,32.64648,0.387794
20220622155758569017,22/06/2022 15:57,Madirisa Bahind makindye kcca,Fire,Male Fire,,Call or Ask for Help,SILVER,788049439,Reports fire outbreak,Katwe,MAKINDYE,NCCC Room,,,Accepted,,
20220621234440081017,21/06/2022 23:44,INDUSTRIAL AREA- JINJA CITY,Fire,Female Fire,,Call or Ask for Help,MARTHA,741986593,SERIOUS FIRE OUTBREAK REPORTED RESPOND IMM,COMMAND CENTER,COMMAND CENTER,NCCC Room,,,Accepted,,
20220620172623110021,20/06/2022 17:26,mwaiare-wabiga,Fire,Male Fire,,Call or Ask for Help,martine,772933181,fire reported at the above place,COMMAND CENTER,COMMAND CENTER,NCCC Room,,,Delivered,32.60092,0.308948
20220620172440267023,20/06/2022 17:24,kibuli wabigalo kisugu in kabalagala,HOMICIDES,Death(Fire Out Breaks),,Call or Ask for Help,tusigejiye,703890557,Fire out break at the above adress,Kabalagala,Kabalagala,NCCC Room,,,Received,,
20220617111312457021,17/06/2022 11:13,seeta mukono,Fire,Male Fire,,Call or Ask for Help,oliver,704726113,reports fire,Mukono,Mukono,NCCC Room,,,Closed,,
20220616231231091036,16/06/2022 23:12,ST CATHERINE KAWEMPE,Fire,Male Fire,,Call or Ask for Help,ISAAC,788393906,REPORTS FIRE OUTBREAK HANDLE IMM.,COMMAND CENTER,Kawempe,NCCC Room,,,Accepted,32.55674,0.380927
20220615104304739011,15/06/2022 10:43,bitina resort in bushenyi,Fire,Male Fire,,Call or Ask for Help,frank betina,741823421,there is fire at the above location please respond,COMMAND CENTER,COMMAND CENTER,NCCC Room,,,Closed,,
20220614105750965035,14/06/2022 10:57,kawempe after equity bank.,Fire,Male Fire,,Call or Ask for Help,jacky,700436793,"male fire in the above place,respond imm.",Kawempe,Kawempe,NCCC Room,,,Dispatched,,
20220612152258234035,12/06/2022 15:22,Masese 1-kadaga road-Jinj district.,OTHER LAWS,All other Acts,,Call or Ask for Help,jackson,702606326,male fire in the above location respond imm.,COMMAND CENTER,COMMAND CENTER,NCCC Room,,,Accepted,,
20220611134929977036,11/06/2022 13:49,makindye near shell petro city,Fire,Male Fire,,Call or Ask for Help,shadrack,700485548,fire reported,Katwe,MAKINDYE,NCCC Room,,,Closed,,
20220611094547711036,11/06/2022 09:45,MAKINDYE OPP MILITARY BARRACKS,Fire,Male Fire,,Call or Ask for Help,MARTINE,702695459,Serious fire outbreak reported at the above pliz handle,Katwe,MAKINDYE,NCCC Room,,,Closed,,
20220609170148939015,09/06/2022 17:01,kibuli near barracks,Fire,Male Fire,,Call or Ask for Help,james,708192154,fire case.,COMMAND CENTER,COMMAND CENTER,NCCC Room,,,Dispatched,,
20220607113716713017,07/06/2022 11:37,Along Magee road in kasangati,Fire,Female Fire,,Call or Ask for Help,PAUL,704010581,"Fire out break at the above address,respond.",Kasangati,Kasangati,NCCC Room,,,Dispatched,,
20220605182315815015,05/06/2022 18:23,tunde road in ntinda,Fire,Male Fire,,Call or Ask for Help,ronald,706134812,fire case,COMMAND CENTER,COMMAND CENTER,NCCC Room,,,Accepted,,
20220604142558538011,04/06/2022 14:25,nansana kumuzigiti,Fire,Male Fire,,Call or Ask for Help,majorine,755496933,there is fire at the above location please respond,COMMAND CENTER,NANSANA,NCCC Room,,,Accepted,,
20220531231343020030,31/05/2022 23:13,BUWENGE POLICE POST JINJA,HOMICIDES,Death(Fire Out Breaks),,Call or Ask for Help,NAIGAGA,740211091,fire reported in the above,COMMAND CENTER,COMMAND CENTER,NCCC Room,,,Closed,,
20220531071303666036,31/05/2022 07:13,nalukolongo,ECONOMIC CRIMES,Other Economic crimes,,Call or Ask for Help,mustafa,726129949,fire in nalukolongo,COMMAND CENTER,COMMAND CENTER,NCCC Room,,,Closed,,
20220531001317780018,31/05/2022 00:13,mulimera kamwokya,Fire,Male Fire,,Call or Ask for Help,ADRIAN,759024535,FIRE outbreak please responds,COMMAND CENTER,COMMAND CENTER,NCCC Room,,,Closed,,
20220530125020315017,30/05/2022 12:50,Najera bulabira 1 road in kiira division,Fire,Male Fire,,Call or Ask for Help,Emilly,700273479,"Fire reported at the above address,respond.",Kira Division,Kira Division,NCCC Room,,,Closed,,
20220529122239385017,29/05/2022 12:22,Nyanama zana in katwe,Fire,Male Fire,,Call or Ask for Help,mark,741839323,"Fire reported at the above address,respond.",Katwe,Katwe,NCCC Room,,,Accepted,,
20220528045458269036,28/05/2022 04:54,kigayaza kasawo,HOMICIDES,Death (by shooting),,Call or Ask for Help,mark,751214961,an accideni in kigayaza,COMMAND CENTER,COMMAND CENTER,NCCC Room,,,Accepted,,
20220527124002635014,27/05/2022 12:40,kiyndda A mityiana,Fire,Male Fire,,Call or Ask for Help,mugwanya,742098852,Reports fire at an electric pole at the above adress,COMMAND CENTER,COMMAND CENTER,NCCC Room,,,Accepted,,
20220526041831507036,26/05/2022 04:18,aponye buliding nakasero in bank,HOMICIDES,Death (Suicide ),,Call or Ask for Help,Unknown,0717800910,fire in nakasero aponye buliding in bank,COMMAND CENTER,COMMAND CENTER,NCCC Room,,,Accepted,,
20220519133214945036,19/05/2022 13:32,kamukamu entebe road,GENERAL CRIMES,Other Crimes in General,other penal code offences (not categorized),Call or Ask for Help,sam,0414232620,male fire on entebe road,COMMAND CENTER,COMMAND CENTER,NCCC Room,,,Closed,,
20220518213751604017,18/05/2022 21:37,Natete market,Fire,Male Fire,,Call or Ask for Help,GEOFREY,752203230,SERIOUS FIRE OUTBREAK ON A LINK BUS PLZ RESPOND IMM,COMMAND CENTER,COMMAND CENTER,NCCC Room,,,Dispatched,32.5345,0.301047
20220518133646322015,18/05/2022 13:36,bwaise near traffic light,Fire,Male Fire,,Call or Ask for Help,viani,759332538,fire case at above.,COMMAND CENTER,COMMAND CENTER,NCCC Room,,,Accepted,,
20220516025535488017,16/05/2022 02:55,bosega around petrol city,Fire,Male Fire,,Call or Ask for Help,nabageleka,702424573,fire out break,COMMAND CENTER,COMMAND CENTER,NCCC Room,,,Accepted,,
20220513211414213036,13/05/2022 21:14,kisilamu islamic mityana,GENERAL CRIMES,Other Crimes in General,other penal code offences (not categorized),Call or Ask for Help,moses,751723953,fire in mityana,COMMAND CENTER,COMMAND CENTER,NCCC Room,,,Accepted,,
20220512210307488034,12/05/2022 21:03,Ndejje Lubugumu in Katwe,Fire,Male Fire,,Call or Ask for Help,lubega,704197909,"Fire Out break at the above address,respond.",Katwe,Katwe,NCCC Room,,,Dispatched,,
20220512164130475017,12/05/2022 16:41,NAJERA 2- OPP TOSHA PETROL STATION,Fire,Female Fire,,Call or Ask for Help,AGNES,701783322,FIRE OUTBREAK REPORTED IN THE ABOVE AREA,COMMAND CENTER,COMMAND CENTER,NCCC Room,,,Dispatched,,
20220511095832916017,11/05/2022 09:58,KASOKOSO-MUTUNGO,Fire,Female Fire,,Call or Ask for Help,OLIVIA,701704930,FIRE OUTBREAK REPORTED PLZ RESPOND IMM,COMMAND CENTER,COMMAND CENTER,NCCC Room,i have informed the oc station and he has told me that is going to inform kira div oc as the place is in his area,Treated as Criminal Case,Fed back,32.65339,0.330632
20220507192514733014,07/05/2022 19:25,nabugabo street victor,Fire,Male Fire,,Call or Ask for Help,derict,753960888,Reports fire out break at the above adress,CPS Kampala,Kampala CPS,NCCC Room,,,Delivered,32.57455,0.314945
20220506083125673014,06/05/2022 08:31,bombo road kawempe,Fire,Male Fire,,Call or Ask for Help,patrict,700751607,fire out break,Kawempe,Kawempe,NCCC Room,,,Accepted,32.55821,0.381295
20220506042718811024,06/05/2022 04:27,LUNGUJJA NEAR LUNGUJJA POLICE POST,Fire,Male Fire,,Call or Ask for Help,KIZITO,701143692,Fire at the above address please resopnd IMM,Nsangi,Nsangi,NCCC Room,,,Accepted,32.55241,0.305855
20220505060055768017,05/05/2022 06:00,KITINTALE ZONE 12- MUTUNGO,Fire,Male Fire,,Call or Ask for Help,TABALO. ISA,705399875,SERIOUS FIRE OUTBREAK REPORTED RESPOND IMM,COMMAND CENTER,COMMAND CENTER,NCCC Room,,,Accepted,32.63504,0.30997
20220504171113155025,04/05/2022 17:11,KATOKE NEAR THE BARRACKS IN NABWERU,Fire,,,Call or Ask for Help,JUMA,754884409,Fire outbreak is reported at the above adress,COMMAND CENTER,NANSANA,NCCC Room,,,Accepted,32.54166,0.399411
20220503022218890024,03/05/2022 02:22,masaka rd nakasosi buddo wakiso div,Fire,Male Fire,,Call or Ask for Help,Mutebi,704173234,fire outbreak at the above address,Wakiso,Wakiso,NCCC Room,,,Accepted,32.49144,0.276519
20220502001619169036,02/05/2022 00:16,namuwongo,GENERAL CRIMES,Other Crimes in General,other penal code offences (not categorized),Call or Ask for Help,agasitn,702568572,fire in namuwongo,COMMAND CENTER,COMMAND CENTER,NCCC Room,,,Accepted,32.61591,0.302266
20220429225957059015,29/04/2022 22:59,bweyogerere at unique hotel,Fire,Male Fire,,Call or Ask for Help,hasan,705159055,"fire case at above,",Kira Division,Bweyogerere,NCCC Room,,,Dispatched,32.65798,0.351511
20220427160006719023,27/04/2022 16:00,BWEYOGERE NEAR NAMBOLE,Fire,Male Fire,,Call or Ask for Help,KAYONGO,702438775,FIRE OUT BREAK AT BWEYOGERE NEAR NAMBOLE,Kira Division,Bweyogerere,NCCC Room,,,Accepted,32.64194,0.344676
20220427100556119017,27/04/2022 10:05,fire at Supreme court,Fire,Male Fire,,Call or Ask for Help,zana,702196901,fire at Supreme court kololo,COMMAND CENTER,COMMAND CENTER,NCCC Room,,,Accepted,,
20220426122511041023,26/04/2022 12:25,Namwongo opp mirembe pri s ch,Fire,,,Call or Ask for Help,ABDU,752980899,A high voltage wire is dangoling at Namwongo opposite Mirembe primary school,Kabalagala,Kabalagala,NCCC Room,,,Accepted,32.61585,0.302206
20220424230056227025,24/04/2022 23:00,busabala junction munyonyo,Fire,Male Fire,,Call or Ask for Help,kevin,701875340,fire outbreak reported,Kabalagala,Kabalagala,NCCC Room,,,Accepted,32.61322,0.214389
20220423150649469015,23/04/2022 15:06,kibakosi arua city,Fire,Male Fire,,Call or Ask for Help,bashiri,702050401,fire case.,COMMAND CENTER,COMMAND CENTER,NCCC Room,,,Accepted,30.9242,3.02511
20220421040144382016,21/04/2022 04:01,lugazi as yr ending mabira,Fire,Male Fire,,Call or Ask for Help,kalure,700319070,fire out break in a vehicle plz respond,COMMAND CENTER,COMMAND CENTER,NCCC Room,,,Accepted,32.97613,0.38927
20220420204542327034,20/04/2022 20:45,East Gate Makerere opposit Shell petrol station,Fire,Male Fire,,Call or Ask for Help,Samuel,750316012,"Reported that is on the Trnsformer at the above reference, please handle.",Wandegeya,Makerere,NCCC Room,,,Accepted,,
20220417101324834023,17/04/2022 10:13,barikudembe nansana,Fire,Male Fire,,Call or Ask for Help,kigundo,705140651,called in and reported fire at the above place plz handle,COMMAND CENTER,COMMAND CENTER,NCCC Room,,,Closed,,
20220416220742979020,16/04/2022 22:07,7 sisters nansana,Fire,Male Fire,,Call or Ask for Help,joseph,789991887,a transformer has caught fire,COMMAND CENTER,COMMAND CENTER,NCCC Room,,,Closed,32.5306,0.351402
20220415110343858026,15/04/2022 11:03,BUSHENYI LUTOCI,Fire,,,Call or Ask for Help,DANIAL,757161816,A tranformer has cought fire at Lutoci in Bushenyi,COMMAND CENTER,COMMAND CENTER,NCCC Room,,,Closed,29.97409,-0.561478
20220413090810522024,13/04/2022 09:08,Rain aduku road near yellow house lira district,OTHER LAWS,Traffic and Road Safety Act (Not categorised),,Call or Ask for Help,PETRA,0760831041,Accident at the above adress,COMMAND CENTER,COMMAND CENTER,NCCC Room,,,Accepted,,
20220411233543632026,11/04/2022 23:35,wabigalo kisugu in kabalagala,Fire,Male Fire,,Call or Ask for Help,oluka,708708243,"Fire out break at the above address,respond.",Kabalagala,Kisugu,NCCC Room,,,Dispatched,,
20220411212415545024,11/04/2022 21:24,nabingo kyengera masaka road Nateete katwe division,Fire,Female Fire,,Call or Ask for Help,ssentongo,770689339,A transformer is sparkling at the above address,Katwe,Natete,NCCC Room,,,Accepted,32.60527,0.228084
20220410223639391026,10/04/2022 22:36,Opp Spear motor along the road to URA.,Fire,Female Fire,,Call or Ask for Help,Abraham,704929902,Avehicle has caught fire at the above address respond.,Jinja Road,Jinja Road,NCCC Room,,,Received,33.21748,0.478324
20220410091013649017,10/04/2022 09:10,kawempe-Bombo road,Fire,Male Fire,,Call or Ask for Help,gilbert,779954362,FIRE OUTBREAK REPORTED,COMMAND CENTER,COMMAND CENTER,NCCC Room,,,Closed,32.56021,0.366368
20220409041429374034,09/04/2022 04:14,Fire Outbreak at Kkubo,Fire,Male Fire,,Call or Ask for Help,Steward,773877020,Reports fire Outbreak at the above mentioned referenced.,CPS Kampala,Kampala CPS,NCCC Room,,,Accepted,32.57476,0.314891
20220408105442713025,08/04/2022 10:54,kyengera.,Fire,Male Fire,,Call or Ask for Help,margret,782326170,fire outbreak at the above place.,COMMAND CENTER,COMMAND CENTER,NCCC Room,The Rentals at Kaziga Kyengera Town council which caught fire and No death case reported accept properties were damaged and burnt. by the flames of fire.,Rescue Service,Fed back,32.49949,0.282555
20220406204105091019,06/04/2022 20:41,spare motto-near the market in jinja,Fire,Male Fire,,Call or Ask for Help,abubakar,705321692,serious fire outbreak pliz handle,COMMAND CENTER,COMMAND CENTER,NCCC Room,,,Accepted,33.21273,0.425573
20220405224636656017,05/04/2022 22:46,Washing Bay- Kayabwe-MPIGI DISTRICT,Fire,Female Fire,,Call or Ask for Help,Unknown,773576755,Fire Outbreak reported,COMMAND CENTER,COMMAND CENTER,NCCC Room,,,Accepted,,
20220402185945143014,02/04/2022 18:59,nakigalala kajansi,Fire,Male Fire,,Call or Ask for Help,joseph,702160505,Reports fire out break at the above adress act imm,Kajjansi,Kajjansi,NCCC Room,,,Dispatched,32.52307,0.211163
20220402185649634017,02/04/2022 18:56,NSANGI LOLENSIA SCHOOL,Fire,Male Fire,,Call or Ask for Help,MR NTAMBI,772583279,REPORTS FIRE OUTBREAK,Nsangi,Nsangi,NCCC Room,,,Delivered,,
20220402164753093013,02/04/2022 16:47,KAWALA,Fire,Male Fire,,Call or Ask for Help,dungu,708887946,fire out break pliz handle,Old Kampala,Kawaala,NCCC Room,,,Closed,,
20220402114521441024,02/04/2022 11:45,Kawempe mboga near the mosque,Fire,Female Fire,,Call or Ask for Help,SOWEDI,704370338,Fire from electric pole at the above adress,Kawempe,Kawempe,NCCC Room,,,Closed,,
20220329093913671023,29/03/2022 09:39,maya after london college Wakiso,Fire,Male Fire,,Call or Ask for Help,Lillian,753471762,fire outbreak at the above place,Wakiso,Wakiso,NCCC Room,,,Accepted,32.43531,0.265193
20220328013359537012,28/03/2022 01:33,kawempe regional referal at the pharmercy,Fire,Male Fire,,Call or Ask for Help,MONICA,759058825,the above reports fire comply.,COMMAND CENTER,Kawempe,NCCC Room,,,Accepted,,
20220327190225960021,27/03/2022 19:02,gaba,Fire,Female Fire,,Call or Ask for Help,sekamate,774768310,reports wire of electricity has cougt fire plz respond,Kabalagala,Ggaba,NCCC Room,,,Closed,33.34567,0.643111
20220326192636245023,26/03/2022 19:26,bugolobi,Fire,,,Call or Ask for Help,kasimire,754523939,Electric burning pole at bugolobi mbuya,Jinja Road,MUBS,NCCC Room,,,Closed,33.01913,0.712828
20220326130852649017,26/03/2022 13:08,Kayunga district nakaliro near the borehole,Fire,Male Fire,,Call or Ask for Help,ssegirinya mathius,704581326,Reports fire outbreak at the above area please find out.,COMMAND CENTER,COMMAND CENTER,NCCC Room,,,Closed,32.90566,0.705622
20220326003355197020,26/03/2022 00:33,luzira sipula,Fire,Male Fire,,Call or Ask for Help,frank,726317020,fire out break plz respond,COMMAND CENTER,COMMAND CENTER,NCCC Room,,,Closed,,
20220325144006300014,25/03/2022 14:40,centinary park next to nakumat,Fire,Male Fire,,Call or Ask for Help,john,784690923,fire reported at the above place,CPS Kampala,Kampala CPS,NCCC Room,"situation is under control, however fire brigades UP9421 commanded by SGT Wakadala on 0716017780, UP9107 commanded by CPL Ibanda Yusuf on 0772383141 and other four fire brigades on ground to covert the situation.",Treated as Criminal Case,Fed back,,
20220324115856384028,24/03/2022 11:58,namungona luonja center old kla,Fire,Male Fire,,Call or Ask for Help,thomass,701335194,fire outbreak,Old Kampala,Old Kampala,NCCC Room,,,Arrived,,
20220324004808484017,24/03/2022 00:48,kabuma-Salaama road-Katwe- Wakiso district,Fire,Male Fire,,Call or Ask for Help,EDWARD,726236505,SERIOUS FIRE O0UTBREAK RESPOND IMM,COMMAND CENTER,COMMAND CENTER,NCCC Room,,,Dispatched,,
20220323205356650020,23/03/2022 20:53,palisa girls primary school in palisa,Fire,Male Fire,,Call or Ask for Help,muhereza,781043757,fire in the above school plz,COMMAND CENTER,COMMAND CENTER,NCCC Room,,,Accepted,32.58215,0.320814
20220321204526382024,21/03/2022 20:45,lugala next to pastor namutebi church in old kampala,Fire,Male Fire,,Call or Ask for Help,paul,705030748,fire out break at the above adress pliz handle imm.,Old Kampala,Old Kampala,NCCC Room,,,Received,,
20220321145914282021,21/03/2022 14:59,nakuwadde,Fire,Male Fire,,Call or Ask for Help,juliet,703047771,reports fire,Wakiso,Wakiso,NCCC Room,,,Accepted,,
20220320204901546014,20/03/2022 20:48,masozi p/s bukasa kirinya,Fire,Male Fire,,Call or Ask for Help,Anjella,786840531,Reports fire out break on an electric pole in the above adress act imm,Kira Division,Kira Division,NCCC Room,,,Dispatched,,
20220320123008565025,20/03/2022 12:30,NAKULABYE,OTHER LAWS,Traffic and Road Safety Act (Not categorised),,Call or Ask for Help,JOHN,771662687,UNCONSIOUS PERSON AT NAKULABYE BEIN HIT BY UMEME PLSE ACT.,COMMAND CENTER,Old Kampala,NCCC Room,,,Closed,32.56052,0.32356
20220318124613084035,18/03/2022 12:46,Masaja wakiso,Fire,Male Fire,,Call or Ask for Help,baluku,702710716,fire out break plz respond imm,Wakiso,Wakiso,NCCC Room,,,Accepted,32.59575,0.248634
20220318114130257021,18/03/2022 11:41,nambole as you going to bukasa,Fire,Male Fire,,Call or Ask for Help,TIMOTHY,752565765,"FIRE AT THE ABOVE,RESPOND.",COMMAND CENTER,COMMAND CENTER,NCCC Room,,,Dispatched,32.66106,0.342816
20220317034113767011,17/03/2022 03:41,Bukoto,OTHER LAWS,Traffic and Road Safety Act (Not categorised),,Call or Ask for Help,Unknownrobert,701659520,"a serious accident at bukoto, plz respond",COMMAND CENTER,COMMAND CENTER,NCCC Room,,,Accepted,32.60264,0.359772
20220315175637803023,15/03/2022 17:56,masanafu AT ROUND ABOUT NORTHER BYPASS,Fire,,,Call or Ask for Help,ABDU,701954050,FIRE OUT BRAKE,Kawempe,Kawempe,NCCC Room,,,Dispatched,,
20220315100222001041,15/03/2022 10:02,gulu high school in gulu city,Fire,Male Fire,,Call or Ask for Help,otoo,772841198,fire outbreak reported at above handle imm.,COMMAND CENTER,COMMAND CENTER,NCCC Room,,,Closed,,
20220315040805199036,15/03/2022 04:08,kalelwe,GENERAL CRIMES,Other Crimes in General,other penal code offences (not categorized),Call or Ask for Help,sam,759446050,fire at kalelwe,COMMAND CENTER,COMMAND CENTER,NCCC Room,,,Closed,,
20220314190420900021,14/03/2022 19:04,namwongo soweto,Fire,Female Fire,,Call or Ask for Help,juma,785717779,reports that a electric pole has fallen on peoples houses plz handle,Kabalagala,Kabalagala,NCCC Room,,,Dispatched,32.61109,0.294592
20220314145808869015,14/03/2022 14:58,LUKAMBWA NAZIGO KAYUNGA DISTRICT,Fire,Male Fire,,Call or Ask for Help,TINKASIMILE,757708565,REPORTS FIRE OUT BREAK AT A TRANSFORMER AT THE ABOVE ADRESS,COMMAND CENTER,COMMAND CENTER,NCCC Room,,,Closed,33.03722,0.68322
20220314043648300012,14/03/2022 04:36,MBALE GARAGE,Fire,Male Fire,,Call or Ask for Help,TRAVOR,774107395,SERIOUS FIRE OUTBREAK REPORTED,COMMAND CENTER,COMMAND CENTER,NCCC Room,,,Closed,,
20220314002026485018,14/03/2022 00:20,opp total nsambya road near clock tower,Fire,Male Fire,,Call or Ask for Help,ogwanga,770889991,fire out break,COMMAND CENTER,COMMAND CENTER,NCCC Room,,,Closed,32.57869,0.308765
20220312045414986015,12/03/2022 04:54,"kisoga,mukono",Fire,Male Fire,,Call or Ask for Help,Unknown,705633299,fire case.,Mukono,Mukono,NCCC Room,,,Dispatched,32.81754,0.253772
20220312042912471024,12/03/2022 04:29,kawala opposite kawala hospital,GENERAL CRIMES,Other Crimes in General,other penal code offences (not categorized),Call or Ask for Help,moses,774998002,serious fire reported plz respond imm,COMMAND CENTER,COMMAND CENTER,NCCC Room,,,Dispatched,32.55624,0.342475
20220311203635688012,11/03/2022 20:36,Buziga-Gaba road- Near Mohozi residence,Fire,Male Fire,,Call or Ask for Help,ADRIAN,772376002,FIRE REPORTED,COMMAND CENTER,COMMAND CENTER,NCCC Room,,,Accepted,33.02156,0.574401
20220311182211361036,11/03/2022 18:22,kazo kukisawe in kazo district,HOMICIDES,Death(Fire Out Breaks),,Call or Ask for Help,simon,726318072,Fire outbreak at the above adress,COMMAND CENTER,COMMAND CENTER,NCCC Room,,,Accepted,,
20220310223108774021,10/03/2022 22:31,NALUVULE,HOMICIDES,Death(Fire Out Breaks),,Call or Ask for Help,gim,703700922,Fire out break in the above place,COMMAND CENTER,COMMAND CENTER,NCCC Room,,,Dispatched,32.53009,0.389068
20220310205105131014,10/03/2022 20:51,slama road moon lite,Fire,Male Fire,,Call or Ask for Help,majorine,704843629,Report fire out break at the above adress 2dead act imm,Katwe,Katwe,NCCC Room,fire and control unit responded at the scene and managed to control the situation but 2 kids died in the fire and other properties,Treated as Criminal Case,Fed back,32.57323,0.282216
20220310104906064026,10/03/2022 10:49,lugonjo near queen high school in ent,Fire,Male Fire,,Call or Ask for Help,stella,772594570,reported a house which has cought fire at above handle.,Entebbe,Entebbe,NCCC Room,,,Accepted,32.5785,0.331221
20220308223603971036,08/03/2022 22:36,NDEBA NEAR DIAMOND TRUST BANK ALONG MASAKA ROAD,Fire,Male Fire,,Call or Ask for Help,SAMULA,753522573,REPORTS FIRE OUTBREAK IN THE ABOVE PLACE HANDLE IMM.,COMMAND CENTER,Katwe,NCCC Room,,,Delivered,32.55944,0.291664
20220308125615082029,08/03/2022 12:56,kalangalu tranding center in mityana district,Fire,Male Fire,,Call or Ask for Help,micheal,752444215,fire out break at above adress,COMMAND CENTER,COMMAND CENTER,NCCC Room,,,Closed,31.96475,0.555407
20220304150537966034,04/03/2022 15:05,NAGURU GODOWN,Fire,Male Fire,,Call or Ask for Help,SELERCTOR,789251612,REPORT FIRE OUTBREAK AT ABOVE PLACE,Jinja Road,Jinja Road,NCCC Room,,,Dispatched,32.60326,0.328002
20220304132632813024,04/03/2022 13:26,naguru go down in the market jinja road,Fire,Male Fire,,Call or Ask for Help,anthony,752406878,Reported fire out break at the above adress,Jinja Road,Jinja Road,NCCC Room,,,Dispatched,,
20220304115829814027,04/03/2022 11:58,equity in mukono,HOMICIDES,Death(Fire Out Breaks),,Call or Ask for Help,were peter,708393052,reporting fire out break at above address.,Mukono,Mukono,NCCC Room,,,Dispatched,32.74857,0.367704
20220303144552325013,03/03/2022 14:45,pANAMELA NAGURU OOP KAMPALA PARENTS,HOMICIDES,Death(Fire Out Breaks),,Call or Ask for Help,KAGONYERA,704000000,FIRE REPORTED IN THE ABOVE,COMMAND CENTER,COMMAND CENTER,NCCC Room,the oc station is going to respond,Treated as Criminal Case,Closed,,
20220302205833133023,02/03/2022 20:58,Mukono sasa road near mid way super mkt mukono,Fire,,,Call or Ask for Help,OUMA,752893109,Fire out brake at mukono,Mukono,Mukono,NCCC Room,,,Closed,,
20220301181721496012,01/03/2022 18:17,Bunamwaya along Kitebi,Fire,Male Fire,,Call or Ask for Help,SETIMBA KASIM,705348860,SERIOUS FIRE OUT BREAK REPORTED,COMMAND CENTER,COMMAND CENTER,NCCC Room,,,Closed,32.54627,0.2535
20220228132618504027,28/02/2022 13:26,Kireka opp port bel super market,Fire,Male Fire,,Call or Ask for Help,Brian,700670004,report a serious fire at the above said adress please assist him imm,Jinja Road,Jinja Road,NCCC Room,,,Accepted,32.64948,0.346555
20220227203237214027,27/02/2022 20:32,BWAISE BILALI,Fire,,,Call or Ask for Help,JOSEPH,756313979,Reports fire outbreak at the above adress,Kawempe,Kawempe,NCCC Room,,,Dispatched,,
20220226085403883021,26/02/2022 08:54,BUSIKA CENTER,Fire,Male Fire,,Call or Ask for Help,MUSISI PETER,782813955,FIR EOUTBREAK PLZ RESPOND,Kasangati,Kasangati,NCCC Room,,,Accepted,32.65439,0.573446
20220225150448262018,25/02/2022 15:04,Bulindo in Kira Division,Fire,Female Fire,,Call or Ask for Help,patrick,756636850,Electric pole has follen and its sparking please help.,Kira Division,Kira Division,NCCC Room,,,Accepted,32.68516,0.387515
20220223200647115020,23/02/2022 20:06,NAKULABYE,GENERAL CRIMES,,,Call or Ask for Help,ANDRE,774079018,FIRE AT THE POLE OF ELECTRICITY RESPOND IMM,Old Kampala,Old Kampala,NCCC Room,according to information from the caller the fire from the electric pole was managed to stop it.,Treated as Criminal Case,Fed back,,
20220219111641351017,19/02/2022 11:16,Namulonge kasambya busukuma kasanganti,Fire,Male Fire,,Call or Ask for Help,Dr mulungi Mariam,773237119,Reports fire outbreak,Wakiso,Wakiso,NCCC Room,,,Dispatched,,
20220219012528240023,19/02/2022 01:25,kisenyi opp rubis petrol fortfortal,Fire,,,Call or Ask for Help,jaction,779328197,fire outbreak,COMMAND CENTER,COMMAND CENTER,NCCC Room,,,Closed,,
20220219000646429036,19/02/2022 00:06,kisenyi,GENERAL CRIMES,Other Crimes in General,other penal code offences (not categorized),Call or Ask for Help,beatrace,770582359,fire in kesenyi fortpoto,COMMAND CENTER,COMMAND CENTER,NCCC Room,,,Closed,30.26628,0.658042
20220218004200160020,18/02/2022 00:41,naguru drive,Fire,Male Fire,,Call or Ask for Help,kevin,702316553,fire at above,COMMAND CENTER,COMMAND CENTER,NCCC Room,,,Dispatched,32.61019,0.33778
20220216163855598024,16/02/2022 16:38,TICK HOTEL KAWEMPE DIV,Fire,Male Fire,,Call or Ask for Help,BEN,701453567,FIRE OUTBREAK AT THE ABOVE ADDRESS,Kawempe,Kawempe,NCCC Room,,,Accepted,,
20220216105632664023,16/02/2022 10:56,maya stage mpiringisa,Fire,Male Fire,,Call or Ask for Help,AUGUSTINE,702675114,House burning at the above .,Nsangi,Nsangi,NCCC Room,,,Dispatched,32.48449,0.415129
20220216023026133041,16/02/2022 02:30,HAM SHOPING CENTRE NAMIREMBE ROAD,Fire,,,Call or Ask for Help,JOHN,755437750,Fire outbreak is reported at the abobve adress,Kira Division,Kira Division,NCCC Room,,,Accepted,,
20220213201505733013,13/02/2022 20:15,Samona buiding nateete,HOMICIDES,Death(Fire Out Breaks),,Call or Ask for Help,Paul Mugeme,702539279,Fire reported in the above,COMMAND CENTER,COMMAND CENTER,NCCC Room,,,Dispatched,32.53969,0.300106
20220212154334798036,12/02/2022 15:43,mengo plaza,Fire,Male Fire,,Call or Ask for Help,bulee,774947136,fire in mengo,COMMAND CENTER,COMMAND CENTER,NCCC Room,,,Accepted,32.57549,0.306222
20220211133516502015,11/02/2022 13:35,"bunyonyo pri, sch makindye",Fire,Male Fire,,Call or Ask for Help,GEARID,0760411004,FIRE CASE PLZ,COMMAND CENTER,COMMAND CENTER,NCCC Room,,,Delivered,,
20220210135214640019,10/02/2022 13:52,kindi zone -kla central divison nankolabye,Fire,Male Fire,,Call or Ask for Help,kansime,782853121,,COMMAND CENTER,COMMAND CENTER,NCCC Room,,,Accepted,32.57024,0.327798
20220210115600288020,10/02/2022 11:55,bweyogerere near UNBS,Fire,Male Fire,,Call or Ask for Help,Peruth,782974015,FIRE ABOVE,COMMAND CENTER,COMMAND CENTER,NCCC Room,,,Accepted,32.65993,0.367452
20220206234432156036,06/02/2022 23:44,wamala taba kasumba,Fire,Male Fire,,Call or Ask for Help,natukunda,778678662,fire in wamala taba,COMMAND CENTER,COMMAND CENTER,NCCC Room,,,Accepted,32.53633,0.399595
20220205020658580017,05/02/2022 02:06,KABOWA CENTER OPP TRINITY,Fire,Male Fire,,Call or Ask for Help,MUYANJA,772525813,Reports fire outbreak in the above address,COMMAND CENTER,COMMAND CENTER,NCCC Room,,,Accepted,32.54704,0.285902
20220204233211128032,04/02/2022 23:32,kazinga bweyogerere northern by pass,Fire,Female Fire,,Call or Ask for Help,wasiwa,771954700,fire alert,Kira Division,Bweyogerere,NCCC Room,,,Dispatched,,
20220202202847930027,02/02/2022 20:28,kayunga district,HOMICIDES,Death(Fire Out Breaks),,Call or Ask for Help,nagawa margaret,709920850,"reporting fire out break at above address,plz handle imm",COMMAND CENTER,COMMAND CENTER,NCCC Room,,,Accepted,,
20220202202630542013,02/02/2022 20:26,Kayunga near CPS,HOMICIDES,Death(Fire Out Breaks),,Call or Ask for Help,Unknown,709920850,Fire in the above place,COMMAND CENTER,COMMAND CENTER,NCCC Room,,,Accepted,,
20220202165121374018,02/02/2022 16:51,7th street in kampala,Fire,Male Fire,,Call or Ask for Help,Nasan,740010107,Reports fire out break at the above address please respond.,Kabalagala,Kabalagala,NCCC Room,,,Closed,,
20220202052815464036,02/02/2022 05:28,KAWEMPE KWELINDA ZONE,Fire,Male Fire,,Call or Ask for Help,UMAR,700758308,REPORTS FIRE OUTBREAK HANDLE IMM,COMMAND CENTER,Kawempe,NCCC Room,,,Dispatched,32.56855,0.359419
20220201203711205017,01/02/2022 20:37,Kyengera t/c near send house,Fire,Male Fire,,Call or Ask for Help,Marimba Allen,702841925,Reports fire outbreak,Nsangi,Nsangi,NCCC Room,,,Dispatched,,
20220201150227203030,01/02/2022 15:02,lumumba avenue-former simba coaches,Fire,Male Fire,,Call or Ask for Help,isaac,779594623,Electric wires has fallen down accross the road at the place and they are not sure whether the power are on the wires,CPS Kampala,Kampala CPS,NCCC Room,,,Accepted,32.57498,0.326049
20220201143945499015,01/02/2022 14:39,mutungwe oposite makutano,Fire,Male Fire,,Call or Ask for Help,josephine,701256058,the above rreports fire out break from electric wires,COMMAND CENTER,COMMAND CENTER,NCCC Room,,,Accepted,32.54298,0.288425
20220201045928362036,01/02/2022 04:59,NAMUGONGO NEAR CATHOLIC CHURCH,Fire,Male Fire,,Call or Ask for Help,ALBERT,784864845,REPORTS FIRE OUTBREAK HANDLE IMM.,Kira Division,Kira Division,NCCC Room,,,Accepted,32.64251,0.371153
20220130153622759023,30/01/2022 15:36,Kasenyi road- Kasablanca Entebe Road,Fire,Male Fire,,Call or Ask for Help,Asiimwe,786695886,FIREOUTBREAK REPORTED,COMMAND CENTER,COMMAND CENTER,NCCC Room,,,Dispatched,32.51414,0.072463
20220129041130165020,29/01/2022 04:11,BUIKWE JINJA CITY,Fire,Male Fire,,Call or Ask for Help,ALEX,774899501,HOUSE HAS COUGHT FIRE AND TWO CHILHREN HAVE DEAD INSID,COMMAND CENTER,COMMAND CENTER,NCCC Room,,,Closed,33.02123,0.299259
20220129021306783020,29/01/2022 02:13,ENTEBBE BUGOGA ROAD,Fire,Male Fire,,Call or Ask for Help,ANODDY,772568904,FIRE OUTBREAK AT BUGOGA PLZ RESPOND IMM,Entebbe,Entebbe,NCCC Room,UP9422 AND UP7705 RESPONDED TO THE SCENE UNFORTUNATE ONE PERSON DIED AND THE BODY WAS BROUGHT TO EBB PS BY SOCO,Treated as Criminal Case,Closed,32.46653,0.046585
20220128223820791013,28/01/2022 22:38,namirembe parents nabulagala nakulabye,OTHER LAWS,All other Acts,,Call or Ask for Help,junju,701791807,reports fire pliz respond imm,COMMAND CENTER,COMMAND CENTER,NCCC Room,,,Dispatched,,
20220128154218433020,28/01/2022 15:42,quality workshop luzira,Fire,Male Fire,,Call or Ask for Help,joseph,783165856,fire plz at above adress,COMMAND CENTER,COMMAND CENTER,NCCC Room,,,Dispatched,,
20220128095555657015,28/01/2022 09:55,"salama road ,kulekana,near water",Fire,Male Fire,,Call or Ask for Help,sunah,772578521,fire case,COMMAND CENTER,COMMAND CENTER,NCCC Room,,,Dispatched,32.6071,0.267245
20220127151417966021,27/01/2022 15:14,mbuya nakawa division,Fire,Male Fire,,Call or Ask for Help,geofrey,787421218,reported fire outbreak at above,Jinja Road,Jinja Road,NCCC Room,dpc and oc have responded the situation is now come,Treated as Criminal Case,Fed back,32.61414,0.333055
20220126050118536036,26/01/2022 05:01,enteeba road,GENERAL CRIMES,Other Crimes in General,other penal code offences (not categorized),Call or Ask for Help,godfrey,770837833,fire in school,COMMAND CENTER,COMMAND CENTER,NCCC Room,,,Received,32.57198,0.306008
20220123040301828032,23/01/2022 04:02,kireka kinawataka road opposite smile bar,Fire,Male Fire,,Call or Ask for Help,daniel,705652944,fire gutted two houses,Kiira Road,Kiira Rd,NCCC Room,,,Received,,
20220122214144109021,22/01/2022 21:41,Bugembe Jinja at u turn,Fire,Male Fire,,Call or Ask for Help,Lydia,705566633,fire at the above respond,COMMAND CENTER,COMMAND CENTER,NCCC Room,,,Closed,32.54738,0.342711
20220121180845374023,21/01/2022 18:08,corano area in mbarara,Fire,Male Fire,,Call or Ask for Help,alex,784499401,Reported fire out break at the above adress,COMMAND CENTER,COMMAND CENTER,NCCC Room,,,Closed,30.69608,-0.568939
20220120194431303023,20/01/2022 19:44,ntinda avenue next to UNEB Building,Fire,Male Fire,,Call or Ask for Help,brian,740873222,Fire out break at the above adress,COMMAND CENTER,COMMAND CENTER,NCCC Room,,,Closed,,
20220119104133965036,19/01/2022 10:41,nasana kawoko,GENERAL CRIMES,Other Crimes in General,other penal code offences (not categorized),Call or Ask for Help,godfery,775315540,fire in kawoko,COMMAND CENTER,NANSANA,NCCC Room,,,Dispatched,32.49636,0.408447
20220118010628365024,18/01/2022 01:06,kiyinda Mityana district,Fire,Male Fire,,Call or Ask for Help,Gonzaga,708105138,fireout break at the above address,COMMAND CENTER,COMMAND CENTER,NCCC Room,,,Accepted,,
20220117160459946013,17/01/2022 16:04,"KAWEMPE, NABWERU",Fire,Male Fire,,Call or Ask for Help,PAUL,789124152,FIRE CASE .,COMMAND CENTER,COMMAND CENTER,NCCC Room,"we have cross checked all our eyes at nabweru but we have not yet seen any fire smoke or any burning so we suspect it has happened in a place where there is no camera but still we have sent the 999 vehicle to cross check and inform so if the feed back comes back , I will let you know, thanks.",Treated as Criminal Case,Fed back,32.5467,0.354116
20220116164906235021,16/01/2022 16:49,Busukuma_ kuchapa Wakiso district,Fire,Male Fire,,Call or Ask for Help,Robert,785232100,"FIRE AT THE ABOVE, RESPONMD.",COMMAND CENTER,COMMAND CENTER,NCCC Room,,,Arrived,32.61622,0.477605
20220116010333649036,16/01/2022 01:03,banda,GENERAL CRIMES,Other Crimes in General,other penal code offences (not categorized),Call or Ask for Help,sam,758075490,fire in Banda,Jinja Road,Jinja Road,NCCC Room,,,Dispatched,,
20220115205212196013,15/01/2022 20:52,entebbe lunyu barrask,Fire,Male Fire,,Call or Ask for Help,okello,773095178,"the above reports of fire at the above due to electricity short circute plz comply,",Entebbe,Entebbe,NCCC Room,,,Accepted,32.47136,0.086861
20220115034217161036,15/01/2022 03:42,kawempe,GENERAL CRIMES,Other Crimes in General,other penal code offences (not categorized),Call or Ask for Help,recheal,705696796,fire in school kawempe,COMMAND CENTER,COMMAND CENTER,NCCC Room,,,Delivered,,
20220114125101290027,14/01/2022 12:51,RUBANGAOPPOSITE MIRACLE CENTRE,HOMICIDES,Death(Fire Out Breaks),,Call or Ask for Help,RONALD,752291397,"REPORTING FIRE OUT BREAK AT ABOVE ADDRESS,PLEASE HANDLE IT IMM.",Old Kampala,Old Kampala,NCCC Room,on his arrival the fire experts had reached and did there best until fire was cleared,Treated as Criminal Case,Fed back,,
20220113002333761020,13/01/2022 00:23,Nansana Ganda,OTHER LAWS,Traffic and Road Safety Act (Not categorised),,Call or Ask for Help,edith,770383774,fire case,COMMAND CENTER,COMMAND CENTER,NCCC Room,,,Accepted,32.52897,0.350736
20220113002126408014,13/01/2022 00:21,"nasere ganda, jeje stage 2,nasana",Fire,Male Fire,,Call or Ask for Help,Ronald,785219981,fire case at above,COMMAND CENTER,COMMAND CENTER,NCCC Room,,,Accepted,32.52378,0.34225
20220109092840548021,09/01/2022 09:28,bulenga road going to sumbe,Fire,Male Fire,,Call or Ask for Help,patrick,774258835,reports a serious fire at bulenga sumbi road plz handle,Wakiso,Wakiso,NCCC Room,,,Closed,,
20220107110530061018,07/01/2022 11:05,Bakuli in Old Kampala,Fire,Female Fire,,Call or Ask for Help,Polline,709571775,Reports Fire out Break at the above address please respond.,Old Kampala,Old Kampala,NCCC Room,,,Closed,,
20220107110120988041,07/01/2022 11:01,bakuli traffic light,Fire,Male Fire,,Call or Ask for Help,george,758815886,fire outbreak at above handle.,Jinja Road,Jinja Road,NCCC Room,,,Closed,,
20220106171743273017,06/01/2022 17:17,HIKIKI Trading center- Budaka district,Fire,Male Fire,,Call or Ask for Help,MUKAMBA IBRAHIM,782277844,Fire outbreak reported,COMMAND CENTER,COMMAND CENTER,NCCC Room,,,Accepted,,
20220106083210532017,06/01/2022 08:32,Nateete -Mu kikubo,Fire,Male Fire,,Call or Ask for Help,FRED,755890628,FIRE OUTBREAK REPORTED,COMMAND CENTER,COMMAND CENTER,NCCC Room,,,Dispatched,,
20220105161217555036,05/01/2022 16:12,Namugongo sonde danamc secondary school,HOMICIDES,Death(Fire Out Breaks),,Call or Ask for Help,Richard,772405493,fire out break at Namugongo sonde danamic secondary school,Nagalama Div.,Seeta,NCCC Room,,,Dispatched,32.57386,0.331618
20220104194016040020,04/01/2022 19:40,MULAGO NEAR KAKADE CHURCH,GENERAL CRIMES,,,Call or Ask for Help,ALEX,771938826,FIRE OUTBREAK PLZ RESPOND IMM,COMMAND CENTER,COMMAND CENTER,NCCC Room,,,Accepted,32.6315,0.327305
20220104162730801019,04/01/2022 16:27,kalungu-bunga-near jeje odongo home,Fire,Male Fire,,Call or Ask for Help,alex,772120638,reports serious fire at above pliz comply imm,COMMAND CENTER,COMMAND CENTER,NCCC Room,,,Dispatched,,
20220104101739223015,04/01/2022 10:17,"sunset,namungo",Fire,Male Fire,,Call or Ask for Help,Baluka,780643073,fire case.,Kabalagala,Kabalagala,NCCC Room,the area is under kabalagala dispatch it to opila emmanuel,Treated as Criminal Case,Fed back,32.60785,0.314677
20220103165415964013,03/01/2022 16:54,Namare at amd petrol station,Fire,Male Fire,,Call or Ask for Help,George,781942149,Reports fire outbreak.,Kasangati,Kasangati,NCCC Room,,,Dispatched,32.5777,0.389446
20220101005351960035,01/01/2022 00:53,nansana opp police,Fire,Female Fire,,Call or Ask for Help,kasaha timothy,702865872,reports fire burning at nansana,Old Kampala,Nansana,NCCC Room,,,Closed,,
20211231235840211035,31/12/2021 23:58,butoke kyegwa district,Fire,Female Fire,,Call or Ask for Help,sentanmu,770816475,,COMMAND CENTER,COMMAND CENTER,NCCC Room,,,Closed,,
20211223170748373014,23/12/2021 17:07,KASOKOSO,Fire,,,Call or Ask for Help,JOHN,758075076,THERE FIRE AT KASOKOSO NEAR THE MOSQUE IN KIRA DIVISION,Kira Division,Kira Division,NCCC Room,send it to kira div its not under jinja road,Treated as Criminal Case,Closed,,
20211222153330670016,22/12/2021 15:33,LUZIRA- AGATI ZONE,Fire,Male Fire,,Call or Ask for Help,MUGABE,775260318,FIRE OUTBREAK REPORTED PLZ RESPOND IMM,COMMAND CENTER,COMMAND CENTER,NCCC Room,oc jinja road police station has innformed the oc of kintintale,Treated as Criminal Case,Closed,32.64729,0.302639
20211222130305190016,22/12/2021 13:03,KITEZI -KASASIRO- WAKISO DISTRICT,Fire,Female Fire,,Call or Ask for Help,NAMUTEBI .HANIFER,703789293,FIRE OUTBREAK REPORTED PLZ RESPOND IMM,COMMAND CENTER,COMMAND CENTER,NCCC Room,,,Received,,
20211222123701304019,22/12/2021 12:37,"seeta mukono, Nabuta",Fire,Male Fire,,Call or Ask for Help,Isabirye,772614406,FIRE CASE,COMMAND CENTER,COMMAND CENTER,NCCC Room,the same was handled,Treated as Criminal Case,Closed,32.72816,0.362077
20211221131252530041,21/12/2021 13:12,kikokilo wakiso,HOMICIDES,Death(Fire Out Breaks),,Call or Ask for Help,Edith,771852992,Fire out break in Kikokilo at wakiso,COMMAND CENTER,COMMAND CENTER,NCCC Room,the nearby police post has handled. my network was off,Treated as Criminal Case,Fed back,32.4796,0.405003
20211218194145028042,18/12/2021 19:41,orange plaza mengo plaza,Fire,Male Fire,,Call or Ask for Help,sharif,708366330,the above reports of fire at the above plz comply,COMMAND CENTER,COMMAND CENTER,NCCC Room,,,Accepted,,
20211217195932144036,17/12/2021 19:59,kalukolongo,GENERAL CRIMES,Other Crimes in General,other penal code offences (not categorized),Call or Ask for Help,azizi,755987927,fire in nalukollongo,COMMAND CENTER,COMMAND CENTER,NCCC Room,,,Dispatched,,
20211215152820120035,15/12/2021 15:28,waskiso kitebmo,Fire,Male Fire,,Call or Ask for Help,breanda,755644453,fire out break at wakiso above metioned,COMMAND CENTER,COMMAND CENTER,NCCC Room,,,Accepted,,
20211215064035986016,15/12/2021 06:40,kajjansi,Fire,Female Fire,,Call or Ask for Help,lugumayo fred,754168440,the vehicle has caught fire on the above location please respond,Kajjansi,Kajjansi,NCCC Room,,,Accepted,,
20211215053112985017,15/12/2021 05:31,taxi park-jinja city,Fire,Male Fire,,Call or Ask for Help,EZRA HAMIS,701206230,FIRE OUT BREAK REPORTED PLZ RESPOND IMM,COMMAND CENTER,COMMAND CENTER,NCCC Room,,,Dispatching,,
20211214233750692017,14/12/2021 23:37,KU BILI OPP GLOBAL-MUKONO KAYUNGA ROAD,Fire,Male Fire,,Call or Ask for Help,MUYOGA DAVID,783194409,FIREOUTBREAK REPORTED,COMMAND CENTER,COMMAND CENTER,NCCC Room,"M/V reg number UP- and UP-2619 responded commanded by ASP Buchana OC fire,he has declined to pick my call for details.",Treated as Criminal Case,Closed,32.76213,0.360596
20211214232636556023,14/12/2021 23:26,Bweyogerere in mukono,GENERAL CRIMES,Other Crimes in General,other penal code offences (not categorized),Call or Ask for Help,kumi,752497688,reports fire in bove place,COMMAND CENTER,COMMAND CENTER,NCCC Room,,,Dispatched,,
20211214210721553035,14/12/2021 21:07,Gangu Busala,Fire,Female Fire,,Call or Ask for Help,Salim,704141142,fire outbreak from electric wires plz respond,COMMAND CENTER,COMMAND CENTER,NCCC Room,,,Received,33.1476,2.783511
20211214035914351020,14/12/2021 03:59,ndejje entebbe road,Fire,Male Fire,,Call or Ask for Help,Florence,772861664,fire out break,Entebbe,Entebbe,NCCC Room,the caller assured us that fire brigade on the way to the scene,Treated as Criminal Case,Closed,32.5892,0.243062
20211214022935855023,14/12/2021 02:29,kireka mutungo road,GENERAL CRIMES,Other Crimes in General,other penal code offences (not categorized),Call or Ask for Help,nicko,709939962,reports fire above place,COMMAND CENTER,COMMAND CENTER,NCCC Room,,,Dispatched,,
20211212015958529015,12/12/2021 01:59,"luwero, at stage",Fire,Male Fire,,Call or Ask for Help,joshua,785025752,fire case,COMMAND CENTER,COMMAND CENTER,NCCC Room,,,Closed,32.53107,0.719422
20211211224628058015,11/12/2021 22:46,Kakoge b. Lira Dist,Fire,Male Fire,,Call or Ask for Help,Anety,780185471,FIRE CASE,COMMAND CENTER,COMMAND CENTER,NCCC Room,,,Closed,,
20211211202240082017,11/12/2021 20:22,KAMWOKYA- MULIMILA,Fire,Male Fire,,Call or Ask for Help,NIWAGABA WILLY,789204867,FIREOUT BREAK REPORTED,COMMAND CENTER,COMMAND CENTER,NCCC Room,,,Closed,31.36002,1.801189
20211211201824323030,11/12/2021 20:18,MULIMIRA ZONE IN KAMOKYA,Fire,Male Fire,,Call or Ask for Help,TOM,740910484,FIRE OUTBREAK ON ELECTRI POLE,Kiira Road,Kiira Rd,NCCC Room,,,Closed,32.50095,0.841087
20211206090616556036,06/12/2021 09:06,hormisdallen Kamyokya mawanda road,Fire,Male Fire,,Call or Ask for Help,Richard kafumira,775066866,Electric pole on fire at the above.,Kiira Road,Kiira Rd,NCCC Room,,,Dispatched,32.58858,0.346863
20211206072700598020,06/12/2021 07:27,mukifumbira 1 mawanda road,OTHER LAWS,All other Acts,,Call or Ask for Help,anthony,775010770,fire on an electric pole,COMMAND CENTER,COMMAND CENTER,NCCC Room,,,Dispatched,32.58858,0.346863
20211206063713527019,06/12/2021 06:37,sebuku katale-,Fire,Male Fire,,Call or Ask for Help,shamim,704194232,aire at the above place comply immm,COMMAND CENTER,COMMAND CENTER,NCCC Room,,,Closed,32.53254,0.248233
20211205131006775021,05/12/2021 13:10,east high KULABILO,OTHER LAWS,All other Acts,,Call or Ask for Help,SHAMI,773604560,FIRE AT THE ABOVE,COMMAND CENTER,COMMAND CENTER,NCCC Room,,,Dispatched,32.61491,0.37317
20211204170942657015,04/12/2021 17:09,"masaka,wood plaza",Fire,Male Fire,,Call or Ask for Help,ssentongo,709782060,fire case.,COMMAND CENTER,COMMAND CENTER,NCCC Room,,,Accepted,32.55265,0.376044
20211204111945214011,04/12/2021 11:19,Ngomba,Fire,Female Fire,,Call or Ask for Help,Rashidah,708404707,reports fire outbreak plz respond,COMMAND CENTER,COMMAND CENTER,NCCC Room,,,Closed,,
20211203203217307034,03/12/2021 20:32,ihk KISUGU,GENERAL CRIMES,,,Call or Ask for Help,ROBINA,772142929,THERE IS FIRE OUTBREAK PLZ RESPOND,COMMAND CENTER,COMMAND CENTER,NCCC Room,,,Dispatched,32.60577,0.307606
20211203005827546042,03/12/2021 00:58,mutungo bina,GENERAL CRIMES,Other Crimes in General,other penal code offences (not categorized),Call or Ask for Help,okawo,774478343,fire in mutungo bina,COMMAND CENTER,COMMAND CENTER,NCCC Room,,,Accepted,32.6422,0.322713
20211129233217213014,29/11/2021 23:32,npumude national housing jinja,GENERAL CRIMES,Other Crimes in General,other penal code offences (not categorized),Call or Ask for Help,jud,700666337,fire in npumuda jinja,COMMAND CENTER,COMMAND CENTER,NCCC Room,,,Closed,33.21947,0.455172
20211129193330621021,29/11/2021 19:33,kisenyi 2 kamwokya,Fire,Male Fire,,Call or Ask for Help,steven,704312238,reported elecity pole as cought fire plz handle imm.,Kiira Road,Kiira Rd,NCCC Room,,,Closed,,
20211129192621924029,29/11/2021 19:26,kamokya kobil mutekanga stage,Fire,Male Fire,,Call or Ask for Help,keneth kikoyogo,759952450,transformer has caught fire,Kiira Road,Kiira Rd,NCCC Room,,,Closed,,
20211129001139459011,29/11/2021 00:11,kabale university,Fire,Male Fire,,Call or Ask for Help,56596 namanya,775149454,fire case.,COMMAND CENTER,COMMAND CENTER,NCCC Room,,,Closed,,
20211125213953836022,25/11/2021 21:39,mukono Park,Fire,Male Fire,,Call or Ask for Help,SENTENGO PETER,701136448,FIRE OUTBREAK REPORTED,COMMAND CENTER,COMMAND CENTER,NCCC Room,,,Dispatched,,
20211125210230005035,25/11/2021 21:02,Industrial park Luzira,GENERAL CRIMES,Other Crimes in General,other penal code offences (not categorized),Call or Ask for Help,Frank,759867988,REPORTS MALE FIRE PLZ RESPOND,COMMAND CENTER,COMMAND CENTER,NCCC Room,,,Closed,,
20211125181702086022,25/11/2021 18:17,BUKASA- MUYENGA,Fire,Female Fire,,Call or Ask for Help,MADINA NALUBEGA,755864864,FIREOUTBREAK REPORTED,COMMAND CENTER,COMMAND CENTER,NCCC Room,,,Dispatched,,
20211123120804537014,23/11/2021 12:08,mukiseyi,GENERAL CRIMES,Other Crimes in General,other penal code offences (not categorized),Call or Ask for Help,muwonge,705668586,fire in mukisenyi,COMMAND CENTER,COMMAND CENTER,NCCC Room,,,Dispatched,,
20211123120530255026,23/11/2021 12:05,Kisenyi Old Kampala,Fire,Male Fire,,Call or Ask for Help,Burus,708185199,Reports fire out break at the above address please respond',Old Kampala,Old Kampala,NCCC Room,,,Dispatched,,
20211122221758643026,22/11/2021 22:17,kabalagala next to jannia secondary school,Fire,Male Fire,,Call or Ask for Help,micheal,704274329,there is fire outbreak at the above address plz handle.,Kabalagala,Kabalagala,NCCC Room,,,Closed,32.56557,0.212271
20211122111505633012,22/11/2021 11:15,MUTUNDWE KATWE,Fire,Male Fire,,Call or Ask for Help,HAMIDU,783200211,Fire out break at the above adress,Katwe,Natete,NCCC Room,,,Received,32.53962,0.279969
20211121203703031013,21/11/2021 20:37,kitwe kayunga district baale road,Fire,Male Fire,,Call or Ask for Help,Alex,777038329,Reports fire outbreak,COMMAND CENTER,COMMAND CENTER,NCCC Room,,,Closed,32.93714,0.95875
20211121072011448014,21/11/2021 07:20,najera wakiso,GENERAL CRIMES,Other Crimes in General,other penal code offences (not categorized),Call or Ask for Help,ivan,700270380,fire in najera wakiso,Wakiso,Wakiso,NCCC Room,,,Dispatched,32.6229,0.374782
20211120135220312023,20/11/2021 13:52,nateete,Fire,Male Fire,,Call or Ask for Help,ibrahim,702409079,fire out break,COMMAND CENTER,COMMAND CENTER,NCCC Room,,,Dispatched,,
20211116014846722035,16/11/2021 01:48,kibuye mubawo,HOMICIDES,Death(Fire Out Breaks),,Call or Ask for Help,kasimu,781201016,fire out break at Kibuye mubawo in katwe respond,Katwe,Katwe,NCCC Room,,,Closed,32.5715,0.290977
20211114223049930030,14/11/2021 22:30,mbale nawuyo,GENERAL CRIMES,Other Crimes in General,other penal code offences (not categorized),Call or Ask for Help,namukongo,785707685,fire in mbale nawuyo,COMMAND CENTER,COMMAND CENTER,NCCC Room,,,Closed,34.15102,1.060052
20211114015604424035,14/11/2021 01:56,bweyogerere kireku,HOMICIDES,Death(Fire Out Breaks),,Call or Ask for Help,Nabura,706183808,Fire out break at Kireku in Bweyogerere,Kira Division,Bweyogerere,NCCC Room,,,Closed,32.67074,0.34593
20211112193746417014,12/11/2021 19:37,ntonde petrol station mukono,Fire,Male Fire,,Call or Ask for Help,byarugaba james,704185888,fire at the above address,COMMAND CENTER,Mukono,NCCC Room,The fire was put off buy civilians,Treated as Criminal Case,Closed,,
20211112051025723023,12/11/2021 05:10,"butaleja district, nabiganda- near mbale",Fire,Male Fire,,Call or Ask for Help,paul,776037552,fire case.,COMMAND CENTER,COMMAND CENTER,NCCC Room,,,Accepted,33.68657,0.833437
20211110122206305019,10/11/2021 12:22,bukoto ssebagala stage kira road div,Fire,Male Fire,,Call or Ask for Help,Nabunya,726121630,fireout breake at above address,Kiira Road,Kiira Rd,NCCC Room,,,Dispatched,,
20211109151053919028,09/11/2021 15:10,kamwokya next to total patrol station,Fire,,,Call or Ask for Help,MOSES,772401928,fire outbreak at electricity pole plz handle now,Kiira Road,Kiira Rd,NCCC Room,,,Dispatched,32.58719,0.339675
20211109131226947021,09/11/2021 13:12,Kamengo mpigi district,Fire,Male Fire,,Call or Ask for Help,,0702860269,the bus has cought fire at the above address,COMMAND CENTER,COMMAND CENTER,NCCC Room,,,Closed,32.68726,0.386284
20211108070135204032,08/11/2021 07:01,kiseka,GENERAL CRIMES,Other Crimes in General,other penal code offences (not categorized),Call or Ask for Help,lauben,701280017,fire in kiseka,COMMAND CENTER,Old Kampala,NCCC Room,,,Closed,32.57206,0.321764
20211105150928627026,05/11/2021 15:09,Tula road in Kawempe Div,Fire,Female Fire,,Call or Ask for Help,Kirabo,705082545,Reports fire out break at the above address please respond.,Kawempe,Kawempe,NCCC Room,,,Dispatched,,
20211103062052370028,03/11/2021 06:20,nansa-kyenbando road,Fire,Male Fire,,Call or Ask for Help,sulaiman,701993904,transformer has caught fire.,COMMAND CENTER,NANSANA,NCCC Room,,,Closed,32.51434,0.362999
20211029012935212024,29/10/2021 01:29,uganda clay,Fire,,,Call or Ask for Help,MUKASA,756585120,FIRE OUT BRAKE,Kajjansi,Kajjansi,NCCC Room,,,Closed,32.52746,0.229541
20211028204933314031,28/10/2021 20:49,kawere road near kawere high school namugongo,Fire,Female Fire,,Call or Ask for Help,diana,786835281,the above reports of fire plz comply,COMMAND CENTER,Kira Division,NCCC Room,,,Closed,32.64652,0.385573
20211027202007484016,27/10/2021 20:20,Entebbe road- Along Bunamwaya,Fire,Male Fire,,Call or Ask for Help,Unknown,783119990,Fire outbreak reported,COMMAND CENTER,COMMAND CENTER,NCCC Room,,,Dispatched,32.55777,0.245143
20211027003608773016,27/10/2021 00:36,NAMATABA-MUKONO-JINJA,Fire,Male Fire,,Call or Ask for Help,OKWARE ISSAAC,772835836,FIRE OUTBREAKE REPORTED,COMMAND CENTER,COMMAND CENTER,NCCC Room,,,Dispatched,32.85,0.370488
20211026191441504023,26/10/2021 19:14,naguru barracks,Fire,Male Fire,,Call or Ask for Help,dagilas,750749239,fire case,COMMAND CENTER,Jinja Road,NCCC Room,,,Dispatched,,
20211026191225799023,26/10/2021 19:12,sambia barracks,Fire,Male Fire,,Call or Ask for Help,pc samweli,773370105,fire case.,COMMAND CENTER,COMMAND CENTER,NCCC Room,,,Closed,,
20211026170119596016,26/10/2021 17:01,nansana yesu amala,GENERAL CRIMES,,,Call or Ask for Help,abudu,700943088,fire out break at above place plz handle,COMMAND CENTER,NANSANA,NCCC Room,,,Dispatched,,
20211026042802002028,26/10/2021 04:28,lubowa,GENERAL CRIMES,Other Crimes in General,other penal code offences (not categorized),Call or Ask for Help,jane,772471503,fire in lubowa,COMMAND CENTER,COMMAND CENTER,NCCC Room,,,Dispatched,32.56077,0.233524
20211026002756907028,26/10/2021 00:27,nakulabye zone 4,GENERAL CRIMES,Other Crimes in General,other penal code offences (not categorized),Call or Ask for Help,enusu,750856184,fire in nakulabye,Old Kampala,Old Kampala,NCCC Room,"the same fire outbreak which was reported earlier,bt there is no threat that requires fire brigade according to the caller'z information",Treated as Criminal Case,Fed back,,
20211025231810245023,25/10/2021 23:18,"Nakulabye,near traffic light",Fire,Male Fire,,Call or Ask for Help,ALLI,756472002,fire case.,COMMAND CENTER,COMMAND CENTER,NCCC Room,,,Arrived,,
20211025041816401016,25/10/2021 04:18,MBARARA DISTRICT- MBAGUTRA STREET,Fire,Male Fire,,Call or Ask for Help,ALLAN,704589473,FIRE OUTBREAK REPORTED,COMMAND CENTER,COMMAND CENTER,NCCC Room,,,Accepted,32.65051,0.323609
20211025011434695015,25/10/2021 01:14,kyebando nsoba,OTHER LAWS,All other Acts,,Call or Ask for Help,swale,774000224,electric pole burnig plz comply,COMMAND CENTER,COMMAND CENTER,NCCC Room,,,Delivered,32.57588,0.346037
20211024232710030026,24/10/2021 23:27,kisenyi in kla city,Fire,,,Call or Ask for Help,poul,770801184,Fire outbreak at the above address plz handle.,CPS Kampala,Kampala CPS,NCCC Room,,,Dispatched,32.57024,0.308079
20211020192108742028,20/10/2021 19:21,seeta comlex magere,Fire,Male Fire,,Call or Ask for Help,rouben sayera,703940747,reports fire at seeta comlex,Mukono,Mukono,NCCC Room,,,Closed,,
20211020151949438034,20/10/2021 15:19,nabweru kabira,Fire,Male Fire,,Call or Ask for Help,kimbo eddy,705669851,reports fire,Kawempe,Kawempe,NCCC Room,,,Closed,,
20211020133329511024,20/10/2021 13:33,najjakubi,Fire,Male Fire,,Call or Ask for Help,denise,759210346,fire at mentioned above,COMMAND CENTER,COMMAND CENTER,NCCC Room,,,Closed,32.56768,0.279405
20211020073459591034,20/10/2021 07:34,namataba mukono district,Fire,Male Fire,,Call or Ask for Help,magere fazio,706012782,reports fire outbreak,Mukono,Mukono,NCCC Room,,,Closed,32.83561,0.401688
20211019150113566015,19/10/2021 15:01,bomba road kagoma trading center towards kawanda,OTHER LAWS,All other Acts,,Call or Ask for Help,ismile,708368130,electric pole on fire,COMMAND CENTER,COMMAND CENTER,NCCC Room,,,Accepted,32.54489,0.401944
20211017034142224037,17/10/2021 03:41,nanganda kampala makindya,Fire,Male Fire,,Call or Ask for Help,moses,726271048,nanganda kampala makindya fire fire fire,COMMAND CENTER,COMMAND CENTER,NCCC Room,,,Delivered,,
20211016114613537019,16/10/2021 11:46,Kitintale,Fire,Female Fire,,Call or Ask for Help,Unknown,0714385392,Fire outbreak reported,COMMAND CENTER,COMMAND CENTER,NCCC Room,,,Dispatched,,
20211015112033918016,15/10/2021 11:20,kitende kumwenda,Fire,Female Fire,,Call or Ask for Help,nakiwala viola,702233716,the electric pole has fallen on the above location please respond,Wakiso,Wakiso,NCCC Room,,,Accepted,32.53908,0.193317
20211014143320482034,14/10/2021 14:33,NAMUGONGO HOTEL OPPOSITE QUALITY SHOPPING MALL,Fire,Male Fire,,Call or Ask for Help,MERINA,774194400,REPORTS FIRE OUT HANDLE BREAK HANDLE IMM.,COMMAND CENTER,Kira Division,NCCC Room,,,Closed,32.63602,0.374308
20211012114923875015,12/10/2021 11:49,Nakuwadde ssentema road,Fire,Female Fire,,Call or Ask for Help,Deo,771373246,Reports fire outbreak due to umeme wires,Wakiso,Wakiso,NCCC Room,,,Closed,32.51756,0.332261
20211011171621118031,11/10/2021 17:16,"kamuli,kananage,",Fire,Male Fire,,Call or Ask for Help,najib,783985103,reports fire,COMMAND CENTER,COMMAND CENTER,NCCC Room,,,Closed,,
20211010184207160028,10/10/2021 18:42,salama kubizali,HOMICIDES,,,Call or Ask for Help,dakane,708808747,fire in salama road,Katwe,MAKINDYE,NCCC Room,,,Dispatched,,
20211008183347325012,08/10/2021 18:33,KAJENSE MBARARA DISTRICT,Fire,Female Fire,,Call or Ask for Help,AISHA NAMUKASA,774914052,FIRE OUTBREAK REPORTED,COMMAND CENTER,COMMAND CENTER,NCCC Room,,,Closed,,
20211007161509537024,07/10/2021 16:15,luzira chogum quarters,Fire,,,Call or Ask for Help,Saviour,771681268,Fire out brake at luzira prisons around chogum quarters,Jinja Road,Jinja Road,NCCC Room,,,Closed,,
20211006193009397031,06/10/2021 19:30,busunju near city petrol station,Fire,Male Fire,,Call or Ask for Help,evan,789096588,reports fire outbreak handle imm,COMMAND CENTER,Wakiso,NCCC Room,,,Closed,,
20211006021805946023,06/10/2021 02:18,mukono behind rider hotel,Fire,Male Fire,,Call or Ask for Help,Micheal,788588582,There is fire out break at the above address.,Mukono,Mukono,NCCC Room,,,Closed,,
20211005193735161018,05/10/2021 19:37,nagwa in mukono,HOMICIDES,Death(Fire Out Breaks),,Call or Ask for Help,kamia herbert,700414131,"reporting fire out break at above address,plz take action imm.",Mukono,Mukono,NCCC Room,,,Closed,,
20211005094801834024,05/10/2021 09:47,Bwaise,HOMICIDES,Death(Fire Out Breaks),,Call or Ask for Help,harmin,703281901,Fire at Bwaise in kawempe,Kawempe,Kawempe,NCCC Room,,,Closed,,
20211005021833525031,05/10/2021 02:18,WANKULUKUKU KITEBI BAKABUSI NATEETE.,Fire,Male Fire,,Call or Ask for Help,MATOVU,706882733,REPORTS FIRE OUT BREAK HANDLE IMM.,Katwe,Natete,NCCC Room,,,Closed,32.54485,0.273757
20211004113133437023,04/10/2021 11:31,Nansige ciyundi in Mukono,Fire,,,Call or Ask for Help,MOHAMED,704212200,FIRE OUT BRAKE AT NANSIGE MUKONO,Mukono,Mukono,NCCC Room,,,Closed,32.82205,0.24557
20211001154631343042,01/10/2021 15:46,luzila,HOMICIDES,Death (by shooting),,Call or Ask for Help,lameka,782580480,fire in luzila near of water,COMMAND CENTER,COMMAND CENTER,NCCC Room,,,Dispatched,32.65179,0.29839
20210930165644992011,30/09/2021 16:56,NATETE,Fire,,,Call or Ask for Help,BENARD,0718357497,FIRE OUTBREAK REPORTED,COMMAND CENTER,COMMAND CENTER,NCCC Room,,,Received,,
20210930123740897021,30/09/2021 12:37,"mukilokole, kawempe",OTHER LAWS,All other Acts,,Call or Ask for Help,ndagire,706331211,electric pole burning plz comply,COMMAND CENTER,COMMAND CENTER,NCCC Room,,,Dispatched,,
20210930085650605023,30/09/2021 08:56,"kumizani, mbarara district",Fire,Male Fire,,Call or Ask for Help,john,786695439,fire case plz.,COMMAND CENTER,COMMAND CENTER,NCCC Room,,,Accepted,,
20210924235048057028,24/09/2021 23:50,NALUWAWU NEAR KU BOSTON,Fire,Male Fire,,Call or Ask for Help,JANIFA,702912817,FIRE AT THE ABOVE RESPOND.,COMMAND CENTER,COMMAND CENTER,NCCC Room,,,Received,32.5983,0.270145
20210922203015498030,22/09/2021 20:30,Bulenga -Gogonya,Fire,Male Fire,,Call or Ask for Help,Hassan Walusimbi,701176825,Fire out break reported,COMMAND CENTER,COMMAND CENTER,NCCC Room,,,Dispatched,,
20210922153815341019,22/09/2021 15:38,Namwenda Kamuli,Fire,,,Call or Ask for Help,Rogers,752803652,reports fire outbreak at Namwenda Kamuli district,COMMAND CENTER,COMMAND CENTER,NCCC Room,,,Accepted,,
20210921225647940020,21/09/2021 22:56,kibuli near nsambya barrack,Fire,Male Fire,,Call or Ask for Help,fred,778008405,There is fire at the above adress.,Kabalagala,Kabalagala,NCCC Room,,,Accepted,32.59221,0.30515
20210920040128168015,20/09/2021 04:01,Magonjo opposite drain miller BOMBO ROAD,Fire,Male Fire,,Call or Ask for Help,HAMZA,700842329,fire outbreak,Kawempe,Kawempe,NCCC Room,,,Closed,32.54773,0.395387
20210918123518042026,18/09/2021 12:35,kirinya behind jokers hotel,Fire,Male Fire,,Call or Ask for Help,musa,786694241,reported fire outbreak at above handle.,COMMAND CENTER,Kira Division,NCCC Room,,,Dispatched,32.66703,0.3452
20210917154137803024,17/09/2021 15:41,MARKET STREET NAKASERO MARKET,OTHER LAWS,,,Call or Ask for Help,ANTHONY,700702008,FIRE OUTBREAK,COMMAND CENTER,COMMAND CENTER,NCCC Room,"The fire was put off by the team of fire brigade, as the UMEME team was raised to put off power along the line of the building.",Treated as Criminal Case,Closed,,
20210917115513886021,17/09/2021 11:55,bwelenga kauku,OTHER LAWS,All other Acts,,Call or Ask for Help,jesca,779506287,fire plz comply,COMMAND CENTER,COMMAND CENTER,NCCC Room,,,Closed,32.58091,0.381492
20210915203804545020,15/09/2021 20:38,matunga town,GENERAL CRIMES,,,Call or Ask for Help,Francis,703122710,there is fire outbreak please handle now,COMMAND CENTER,COMMAND CENTER,NCCC Room,,,Accepted,,
20210913213742135021,13/09/2021 21:37,kybondo solusolu,Fire,Male Fire,,Call or Ask for Help,yusfu,752942471,transforma has cought fire at kybondo solusolu in kiira road,Kiira Road,Kiira Rd,NCCC Room,,,Accepted,,
20210913205059287011,13/09/2021 20:50,KYANKWANZI NTUNDA,Fire,,,Call or Ask for Help,MEDY,776752633,Reports fire outbreak at the same dress,COMMAND CENTER,COMMAND CENTER,NCCC Room,,,Accepted,31.42879,1.201243
20210913163614932020,13/09/2021 16:36,Natetet,Fire,Male Fire,,Call or Ask for Help,Ronalt,758927315,Fire at the above adress.,Katwe,Natete,NCCC Room,,,Accepted,,
20210910154944662031,10/09/2021 15:49,kungu,Fire,Male Fire,,Call or Ask for Help,martin,706835928,reports fire at the above address,COMMAND CENTER,COMMAND CENTER,NCCC Room,,,Dispatched,,
20210909193223115023,09/09/2021 19:32,"sibiyangu hotel, Natete",Fire,Male Fire,,Call or Ask for Help,Ema,756747200,fire case.,COMMAND CENTER,COMMAND CENTER,NCCC Room,,,Dispatched,32.53054,0.308775
20210908082752417031,08/09/2021 08:27,"kyebando,Nansana",Fire,Male Fire,,Call or Ask for Help,Nantujja jesca,705506240,"reports electrical wire burning,please help",COMMAND CENTER,COMMAND CENTER,NCCC Room,,,Dispatched,32.52031,0.36739
20210906182739184030,06/09/2021 18:27,kyanja after kasington apartment,Fire,Male Fire,,Call or Ask for Help,Katunje Mark,782774963,Fire outbreak reported plz respond,COMMAND CENTER,COMMAND CENTER,NCCC Room,,,Arrived,,
20210906163405181020,06/09/2021 16:34,wakiso kisibiri,GENERAL CRIMES,,,Call or Ask for Help,siliver,704251724,fire out break at above place,Wakiso,Wakiso,NCCC Room,,,Dispatched,32.57776,0.312875
20210902095432023026,02/09/2021 09:54,sebuku entebe road wakiso,Fire,Male Fire,,Call or Ask for Help,ivan,702557802,Reports electricity wire is down at the above adress please handle.,Wakiso,Wakiso,NCCC Room,,,Closed,32.56693,0.240713
20210902093820842023,02/09/2021 09:38,CUWENDA TRADING CENTER,Fire,,,Call or Ask for Help,RICHARD,701330027,Electric pole cought fire at Cuwenda trading center Wakiso,Wakiso,Wakiso,NCCC Room,,,Closed,,
20210831105612881023,31/08/2021 10:56,kibuli,Fire,Male Fire,,Call or Ask for Help,Emma,757059385,fire report at above.,COMMAND CENTER,COMMAND CENTER,NCCC Room,,,Dispatched,32.64569,0.331016
20210829201019334023,29/08/2021 20:10,Nakiwoogo banga entebbe,Fire,Male Fire,,Call or Ask for Help,Hassan,779397383,fireoutbreake at the above address handle,COMMAND CENTER,Entebbe,NCCC Room,Called OC fire cps EBB on 0714667809 to respond to respond to the scene,Treated as Criminal Case,Fed back,,
20210828114138210028,28/08/2021 11:41,Bwaise,Fire,Male Fire,,Call or Ask for Help,Unknown,704283729,Fire outbreak please respond,COMMAND CENTER,COMMAND CENTER,NCCC Room,,,Accepted,32.56256,0.351737
20210828111818736015,28/08/2021 11:18,Bwaise timba factory,Fire,Female Fire,,Call or Ask for Help,NAMAGEMBE FARIDHA,702778194,Reports fire outbreak at above area,Kawempe,Kawempe,NCCC Room,,,Accepted,32.56462,0.353794
20210826173504594023,26/08/2021 17:35,ENTEBBE,HOMICIDES,Death(Fire Out Breaks),,Call or Ask for Help,apollon,776447581,House burning at the above address. please comply.,COMMAND CENTER,Entebbe,NCCC Room,,,Closed,,
20210826033005670014,26/08/2021 03:30,kalanjji kyiyembe,Fire,,,Call or Ask for Help,paul,706938038,fire out break at kalanjji kyiyembe mukono district,Mukono,Mukono,NCCC Room,,,Closed,,
20210822052144551015,22/08/2021 05:21,BALIKUDEMBE NAGURU PRIMARY SCH NEAR THE PITHCH AND MOSQUE,Fire,Male Fire,,Call or Ask for Help,MOSES,772424315,A HOUSE ON FIRE,COMMAND CENTER,COMMAND CENTER,NCCC Room,,,Dispatched,,
20210821140131405017,21/08/2021 14:01,"Ndeeba,kings motel",OTHER LAWS,Local Government Act,,Call or Ask for Help,tonny,777451969,Transformer on fire at the above.,Katwe,Katwe,NCCC Room,,,Dispatched,,
20210820123925813034,20/08/2021 12:39,kasokso,Fire,Male Fire,,Call or Ask for Help,oc kasoko,707772880,,Kira Division,Kira Division,NCCC Room,,,Closed,,
20210819024201245016,19/08/2021 02:42,Banda zone 3 at mogas Nakawa division,Fire,Male Fire,,Call or Ask for Help,Moses,770859117,Reports fire outbreak at the above area,Jinja Road,Jinja Road,NCCC Room,,,Accepted,,
20210813143342607031,13/08/2021 14:33,musanvu bweyogerere near darling,Fire,Male Fire,,Call or Ask for Help,sekitoleko,709381341,caller reports fire in the above address,Kira Division,Bweyogerere,NCCC Room,,,Received,32.66832,0.352536
20210810135711815027,10/08/2021 13:57,matuga bombo road,Fire,Male Fire,,Call or Ask for Help,vidyan,787052800,,COMMAND CENTER,COMMAND CENTER,NCCC Room,,,Closed,,
20210808185723411013,08/08/2021 18:57,Bulanga- Iganga District,Fire,Male Fire,,Call or Ask for Help,Muwanga Allan,778914937,Fire outbreak in the above area,COMMAND CENTER,COMMAND CENTER,NCCC Room,,,Dispatched,,
20210808151805511023,08/08/2021 15:18,buyala mityana road mpigi district,Fire,Male Fire,,Call or Ask for Help,Athony,704493157,Fire out break at the above address,COMMAND CENTER,COMMAND CENTER,NCCC Room,the fire brigade has reached and has put off the fire.,Launch Fire Investigation,Closed,,
20210807221429076042,07/08/2021 22:14,mutundwe,GENERAL CRIMES,,,Call or Ask for Help,katamba amisi,705255991,fire in mutundwe lubaga,COMMAND CENTER,COMMAND CENTER,NCCC Room,,,Closed,32.53613,0.294219
20210807054235336042,07/08/2021 05:42,kilokolekewempe,GENERAL CRIMES,,,Call or Ask for Help,patu,788131641,fire in above,COMMAND CENTER,COMMAND CENTER,NCCC Room,,,Dispatched,,
20210805110025243013,05/08/2021 11:00,KIREKA-KAMULI ROAD,Fire,Male Fire,,Call or Ask for Help,WAISWA SSEMAKULA,779404635,REPORTS IN FIRE INCIDENT AT KAMULI ROAD- KIREKA,Jinja Road,Jinja Road,NCCC Room,,,Received,,
20210804225422811015,04/08/2021 22:54,Kisenyi zone kyebandoabert,Fire,Female Fire,,Call or Ask for Help,Habert,756581231,Reports fireoutbreak on umeme electric pole at the above area,Kawempe,Kawempe,NCCC Room,,,Accepted,,
20210804011019718015,04/08/2021 01:10,DESTA CATHEDRAL MBARARA DISTRICT,Fire,Male Fire,,Call or Ask for Help,TALEMWA,784706089,REPORTS FIRE OUTBREAK,COMMAND CENTER,COMMAND CENTER,NCCC Room,,,Accepted,,
20210802193352231029,02/08/2021 19:33,magwa jinja tcity,Fire,Male Fire,,Call or Ask for Help,kitosa david,778964615,reports fire at kagwa primary school in jinja city,COMMAND CENTER,COMMAND CENTER,NCCC Room,,,Closed,,
20210802192505688011,02/08/2021 19:25,magwa primary school in jinja city,HOMICIDES,Death(Fire Out Breaks),,Call or Ask for Help,Rita,759692651,Reporting fire out break at above address.,COMMAND CENTER,COMMAND CENTER,NCCC Room,,,Accepted,,
20210802152255426030,02/08/2021 15:22,"kanyabweru lake mburo, kiruhura district",Fire,Male Fire,,Call or Ask for Help,nuwahereza roise,782045066,fire burning houses and farms in the above address,COMMAND CENTER,COMMAND CENTER,NCCC Room,,,Closed,,
20210729151327553013,29/07/2021 15:13,"NAMULANDA,ENTEBBE,",Fire,Male Fire,,Call or Ask for Help,SARAH,701627159,THE FIRE AT ABOVE,COMMAND CENTER,Entebbe,NCCC Room,UP 2345 OF ENTEBBE DIV AND UP 0149 OF KAJJANSI REACHED THE SCENE HOWEVER IT WAS SETTLED BY CIVILIAN,Treated as Criminal Case,Fed back,,
20210729130932651013,29/07/2021 13:09,"ganda,nansana",Fire,Male Fire,,Call or Ask for Help,Ibra,707479336,fire at above,COMMAND CENTER,NANSANA,NCCC Room,,,Dispatched,32.52769,0.353948
20210729100142021021,29/07/2021 10:01,kibati ggaba road kasanga,Fire,Male Fire,,Call or Ask for Help,ssentiba,702865468,fire in the above adress,COMMAND CENTER,COMMAND CENTER,NCCC Room,,,Dispatched,,
20210728154251152016,28/07/2021 15:42,wakiso near njeru,Fire,Male Fire,,Call or Ask for Help,jude,773293901,reports fire out break pliz comply imm,Wakiso,Wakiso,NCCC Room,,,Dispatched,,
20210728080036422042,28/07/2021 08:00,kutano natete,GENERAL CRIMES,,,Call or Ask for Help,roni,702566880,fire in above place,COMMAND CENTER,COMMAND CENTER,NCCC Room,,,Dispatched,32.52011,0.310254
20210727144635405044,27/07/2021 14:46,kanyanya near the church construction.,GENERAL CRIMES,Other Crimes in General,Arson (General),Call or Ask for Help,johnathan,704054568,fire out break at the above address. handdle imm.,COMMAND CENTER,Wandegeya,NCCC Room,,,Dispatched,32.57951,0.375264
20210726195748016029,26/07/2021 19:57,kamuli town adams road,OTHER LAWS,All other Acts,,Call or Ask for Help,david mukisa,0754458491,acar has knocked an electric pole so electric wires are shocking,COMMAND CENTER,COMMAND CENTER,NCCC Room,,,Accepted,,
20210723202428395029,23/07/2021 20:24,masanda kyengera,Fire,Male Fire,,Call or Ask for Help,Nsumbuga ibrahim,701092434,Fire in the above area,COMMAND CENTER,COMMAND CENTER,NCCC Room,,,Closed,,
20210723200951207042,23/07/2021 20:09,mukyengera masanda zone,GENERAL CRIMES,Other Crimes in General,other penal code offences (not categorized),Call or Ask for Help,jona,709655213,fire in the above place,COMMAND CENTER,COMMAND CENTER,NCCC Room,,,Closed,,
20210723200432769012,23/07/2021 20:04,kyedera,HOMICIDES,Death(Fire Out Breaks),,Call or Ask for Help,kayewa,706035455,reports fire outbreak in above place,COMMAND CENTER,COMMAND CENTER,NCCC Room,,,Received,,
20210723164033575034,23/07/2021 16:40,"wamara taba,nansana",Fire,Male Fire,,Call or Ask for Help,Unknown,780884732,there is fire at the above address handle imm,COMMAND CENTER,COMMAND CENTER,NCCC Room,,,Dispatched,,
20210723160643038021,23/07/2021 16:06,park view hotel in kyambula in busenyi district,Fire,Female Fire,,Call or Ask for Help,d/asp Benjamine,707600440,there is fire outbreak at park view hotel kyambula in busenyi district,COMMAND CENTER,COMMAND CENTER,NCCC Room,,,Closed,32.61,0.373756
20210722205117218017,22/07/2021 20:51,At Kageti Kiruhura District,HOMICIDES,Death(Fire Out Breaks),,Call or Ask for Help,Alex Ayub,770380947,"Fire out break at the above area,Respond.",COMMAND CENTER,COMMAND CENTER,NCCC Room,system test acknowlagement forwarded back,Treated as Criminal Case,Fed back,,
20210722192543833017,22/07/2021 19:25,Nsoba Kasozi Near Mulago,HOMICIDES,Death(Fire Out Breaks),,Call or Ask for Help,Aidah Kyombaire,752202199,At the above place fire out break reported,Wandegeya,Mulago,NCCC Room,,,Dispatched,,
20210722190959672028,22/07/2021 19:09,near kamokya market mawanda,Fire,Male Fire,,Call or Ask for Help,KIBOLO ROBERT,784383252,fire at the above address respond,COMMAND CENTER,COMMAND CENTER,NCCC Room,,,Accepted,,
20210722190844101042,22/07/2021 19:08,kamocha northen by pass,GENERAL CRIMES,,,Call or Ask for Help,tito,775257505,fire in kamocha northen,COMMAND CENTER,NANSANA,NCCC Room,,,Accepted,,
20210722190648120021,22/07/2021 19:06,church road kyebando,OTHER LAWS,All other Acts,,Call or Ask for Help,johnson,705002651,fire in above adress,COMMAND CENTER,COMMAND CENTER,NCCC Room,,,Accepted,32.58739,0.346153
20210722190552934031,22/07/2021 19:05,KAMOKYA DOWN TOWN KYAMUKA ZONE NEAR NORTHERN BYPASS,Fire,Male Fire,,Call or Ask for Help,TWIINO RONALD,709828016,CALLER REPORTS SPARKLING OF ELECTRIC WIRE IN THE ABOVE ADDRESS,COMMAND CENTER,COMMAND CENTER,NCCC Room,,,Dispatched,32.58419,0.350049
20210722190535098023,22/07/2021 19:05,kamocha,Fire,Male Fire,,Call or Ask for Help,Anginesasi,754166155,THE FIRE OUT BREAK AT ABOVE,COMMAND CENTER,COMMAND CENTER,NCCC Room,,,Accepted,32.58902,0.351877
20210722043011064017,22/07/2021 04:30,Nateete Kutana Mutundwe,HOMICIDES,Death(Fire Out Breaks),,Call or Ask for Help,Andrew Mwebaza,785217768,Fire out break reported Please handle.,Katwe,Katwe,NCCC Room,,,Dispatched,,
20210722034917423042,22/07/2021 03:49,kutano muyundwe lubaga,GENERAL CRIMES,,,Call or Ask for Help,mubeja,709960260,male fire in kutano lubaga,COMMAND CENTER,COMMAND CENTER,NCCC Room,,,Dispatched,,
20210721163455872028,21/07/2021 16:34,kyenbando-god is good highway,Fire,Male Fire,,Call or Ask for Help,Breeva,703978112,fire outbreak,COMMAND CENTER,NANSANA,NCCC Room,,,Accepted,32.50507,0.36265
20210721015728809016,21/07/2021 01:57,masaja ss,GENERAL CRIMES,,,Call or Ask for Help,nakasi,709549919,fire in masaja ss,Katwe,MAKINDYE,NCCC Room,,,Arrived,,
20210720210934741042,20/07/2021 21:09,"wakiso, ediga",Fire,Male Fire,,Call or Ask for Help,sharifa,708778300,reporting case of fire.,COMMAND CENTER,COMMAND CENTER,NCCC Room,,,Dispatched,,
20210720200839321026,20/07/2021 20:08,kireka D near kyembe,HOMICIDES,Death(Fire Out Breaks),,Call or Ask for Help,alex,705967106,reports fire outbreak on electric pole in above place,Kira Division,Kira Division,NCCC Room,,,Accepted,32.64605,0.333018
20210719090635697034,19/07/2021 09:06,salaama road kulakana road,Fire,Male Fire,,Call or Ask for Help,lodo,789473525,reports fire,Katwe,Katwe,NCCC Room,,,Closed,,
20210717113817638016,17/07/2021 11:38,MBUNGA IN KALUNGU DIST,Fire,Male Fire,,Call or Ask for Help,ISMAIL,704788744,FIREOUT BREAK AT MBUNGA SOYA RD PLZ RESPOND,COMMAND CENTER,COMMAND CENTER,NCCC Room,,,Closed,32.60296,0.266134
20210717082934309029,17/07/2021 08:29,lweza near chairman mukiibi kajjansi,Fire,Male Fire,,Call or Ask for Help,matovu farouq,783177235,fire caught houses,Kajjansi,Kajjansi,NCCC Room,,,Arrived,,
20210717031421874021,17/07/2021 03:14,luwero town near mosqure,Fire,Male Fire,,Call or Ask for Help,abudu Rashid,783382381,there is fire at above address plize handle,COMMAND CENTER,COMMAND CENTER,NCCC Room,,,Closed,,
20210716185101329027,16/07/2021 18:51,kimuli mityana,Fire,Female Fire,,Call or Ask for Help,nabyonga debula,781157773,Reports fire outbreak at kimuli mityana district,COMMAND CENTER,COMMAND CENTER,NCCC Room,,,Closed,,
20210715154430381027,15/07/2021 15:44,NAKAWA INSTITUTIONS,Fire,Male Fire,,Call or Ask for Help,fred,778676266,Fire out break at freds home plz responds imm(system test),Jinja Road,Jinja Road,NCCC Room,,,Closed,32.61994018,0.329243954999981
20210715134458828016,15/07/2021 13:44,maganja kawepe,GENERAL CRIMES,,,Call or Ask for Help,hassan,781563525,fire in maganjo,Kawempe,Kawempe,NCCC Room,,,Dispatched,,
20210715105316026012,15/07/2021 10:53,Naguru Barracks,HOMICIDES,Death(Fire Out Breaks),,Call or Ask for Help,Jude,775805574,"Fire out break reported,Please respond immediately",Jinja Road,Jinja Road,NCCC Room,,,Delivered,,
20210714180728004030,14/07/2021 18:07,LUGOBA KIBWA ZONE NABWERU,Fire,Male Fire,,Call or Ask for Help,NYAMA SALIMU,707697701,Fire outbreak reported in the above address,COMMAND CENTER,COMMAND CENTER,NCCC Room,,,Dispatched,32.58543,0.455405
20210713152729314026,13/07/2021 15:27,"kagoma,bombo road",Fire,Male Fire,,Call or Ask for Help,marion,703073455,male fire at above.plz,COMMAND CENTER,COMMAND CENTER,NCCC Room,,,Dispatched,32.54073,0.400179
20210713152524091019,13/07/2021 15:25,kanyanya primary school -maganjo kawempe,Fire,Male Fire,,Call or Ask for Help,martine deos,703012133,reports atransformer which has blown off and its burning pliz respond imm,Kawempe,Kanyanya,NCCC Room,,,Closed,32.54013,0.398119
20210712085838108027,12/07/2021 08:58,bulenga wakiso mityana road,Fire,Male Fire,,Call or Ask for Help,Francis,772426425,the above person reports house has cought fire. plse comply,COMMAND CENTER,COMMAND CENTER,NCCC Room,,,Closed,,
20210711084125871020,11/07/2021 08:41,kingdom house near parliament Avenus,Fire,,,Call or Ask for Help,Rimon,787216219,Fire reported at the above adress,CPS Kampala,Kampala CPS,NCCC Room,,,Closed,,
20210707102543896031,07/07/2021 10:25,"salaama ,posiano road",GENERAL CRIMES,Other Crimes in General,other penal code offences (not categorized),Call or Ask for Help,john luwere,751352310,"one of the above address reports fire case,pliz respond imm.",COMMAND CENTER,COMMAND CENTER,NCCC Room,,,Accepted,,
20210705144640384016,05/07/2021 14:46,Mpigi Mityana road,GENERAL CRIMES,,,Call or Ask for Help,Kakoza,785851821,There is a burning transformer and spreding fire allover please respond imm,COMMAND CENTER,COMMAND CENTER,NCCC Room,,,Closed,,
20210702144956471029,02/07/2021 14:49,namyoya zone mukono sseta,Fire,Male Fire,,Call or Ask for Help,mubiru paul,706958982,"ssenta mukono namyoya zone, fire outbreak due to transformer sparking",Mukono,Mukono,NCCC Room,it was reported that fire was just starting and it went off but we have send the number of UMEME to those to alocate them he place then they put off that transformer,Treated as Criminal Case,Fed back,32.70672,0.399231
20210702083150382029,02/07/2021 08:31,kassana luweero kiwogozi,Fire,Male Fire,,Call or Ask for Help,gitta moses,756672203,fire outbreak caused by electric wires shocking,COMMAND CENTER,COMMAND CENTER,NCCC Room,,,Closed,,
20210630204940289034,30/06/2021 20:49,"chamuka zone, kamuca",Fire,Male Fire,,Call or Ask for Help,silver,785674610,reports fire outbreak at above place,Kira Division,Kira Division,NCCC Room,,,Closed,,
20210630204639983029,30/06/2021 20:46,kamwokya kyamuka zone,Fire,Female Fire,,Call or Ask for Help,Tinah,785674610,Reports fire outbreak due to electricity at the above area,Kira Division,Kira Division,NCCC Room,,,Closed,,
20210627142020125017,27/06/2021 14:20,At Lukwanga Bukasa Wakiso District,HOMICIDES,Death(Fire Out Breaks),,Call or Ask for Help,Kibowa Salongo,703490033,Fire out break reported from the above area.,Wakiso,Wakiso,NCCC Room,,,Dispatched,32.44598,0.359901
20210627135938438019,27/06/2021 13:59,wakiso-lukwanga,Fire,Male Fire,,Call or Ask for Help,,709162608,fire reported at the above adress,COMMAND CENTER,COMMAND CENTER,NCCC Room,,,Dispatched,32.44013,0.365362
20210627125710120012,27/06/2021 12:57,BWEYOGERERE- NAMULONDO ROAD,Fire,Male Fire,,Call or Ask for Help,NAMATOVU SHARRIFA,783538096,REPORTS IN FIRE AT BWEYOGERE- NAMULONDO ROAD,Kira Division,Bweyogerere,NCCC Room,,,Dispatched,,
20210626221938699028,26/06/2021 22:19,BWAISE,Fire,,,Call or Ask for Help,KITITU,705718157,FIREOUT BREAK.,Kawempe,Kawempe,NCCC Room,,,Accepted,32.5687,0.354426
20210626114932160035,26/06/2021 11:49,mukikoza market mukono,Fire,Male Fire,,Call or Ask for Help,Hussein,777839726,the above reports fire in the market,COMMAND CENTER,COMMAND CENTER,NCCC Room,OC FIRE RESPONDD TO ME THAT THE FIRE WASNT THERE.. PERHAPS IT A HOXIC CALL,Treated as Criminal Case,Fed back,,
20210623201506976034,23/06/2021 20:15,kawala,OTHER LAWS,All other Acts,,Call or Ask for Help,makaka,778792587,reports fire outbreak please handle,Wakiso,Wakiso,NCCC Room,,,Closed,,
20210623170647393028,23/06/2021 17:06,kyebando gayaza road near stabex,Fire,Male Fire,,Call or Ask for Help,moses,705128864,Reports electric wire fallen alongside the road,Kawempe,Kanyanya,NCCC Room,,,Closed,,
20210621042217513020,21/06/2021 04:22,namugona lubya,Fire,Male Fire,,Call or Ask for Help,george,701992084,the above adress reports the case of fire outbreak plz comply imm,COMMAND CENTER,COMMAND CENTER,NCCC Room,,,Closed,,
20210620090803873019,20/06/2021 09:08,tulakirokole kawempe,Fire,Male Fire,,Call or Ask for Help,omaru,757751086,there is fire out break at tulakirokole in kawempe please handle,Kawempe,Kawempe,NCCC Room,,,Dispatched,,
20210619210032023042,19/06/2021 21:00,Namengo lugazi,Fire,Male Fire,,Call or Ask for Help,Mukasa Hassan,753356194,reports fire outbreak electricty,COMMAND CENTER,COMMAND CENTER,NCCC Room,,,Closed,,
20210619181527320016,19/06/2021 18:15,wakiso kireka bira in nakabugo,Fire,Male Fire,,Call or Ask for Help,devis,705968349,bira kireka nakabugo there is fire outbreak,Wakiso,Wakiso,NCCC Room,,,Dispatched,32.47928,0.344937
20210619153122398042,19/06/2021 15:31,"malindi hestate, bugerere rd buikwe district",Fire,Male Fire,,Call or Ask for Help,bonnie,702315383,reported fire outbreak at the above,COMMAND CENTER,COMMAND CENTER,NCCC Room,,,Closed,33.20789,0.487958
20210618010220670018,18/06/2021 01:02,KITINTALE AFTER COUNTRY GARDEN,HOMICIDES,Death(Fire Out Breaks),,Call or Ask for Help,MIKE MAWERERE,700674287,"REPORTING FIRE OUT BREAK AT ABOVE ADDRESS,PLZ HANDLE IT IMM.",Jinja Road,Kitintale,NCCC Room,,,Closed,32.63776,0.311594
20210617190433994028,17/06/2021 19:04,Kabanda lane Makindye in Katwe.,Fire,Male Fire,,Call or Ask for Help,Sauya,786184630,"Fire out break at the above address, respond.",Katwe,MAKINDYE,NCCC Room,,,Closed,,
20210616220807714030,16/06/2021 22:08,ndejje central zone wakiso after zana,Fire,Female Fire,,Call or Ask for Help,Aisha kalumba,774750550,Fire outbreak reported in the above address,COMMAND CENTER,COMMAND CENTER,NCCC Room,,,Closed,,
20210615205749976035,15/06/2021 20:57,makyinde,Fire,Male Fire,,Call or Ask for Help,Godfry,700684248,REPORTS FIRE OUTBREAK FROM ELECTRIC WIRES,Katwe,MAKINDYE,NCCC Room,,,Closed,32.58138,0.285547
20210614225633377026,14/06/2021 22:56,Kisenyi Rubaga in Katwe,Fire,Male Fire,,Call or Ask for Help,Mustafa,703894240,Reports fire at the above address please respond,Katwe,Katwe,NCCC Room,,,Closed,,
20210614002429892012,14/06/2021 00:24,jinja namulesa kamuli road,Fire,Male Fire,,Call or Ask for Help,BOGERE,0776713073,FIRE OUT BREAK WHERE A MARKET IS BURNING AT THE ABOVE ADRESS,COMMAND CENTER,COMMAND CENTER,NCCC Room,,,Closed,,
20210613185243572011,13/06/2021 18:52,Kamwokye kyenbando road,GENERAL CRIMES,,,Call or Ask for Help,Pc Kasimu,789108500,There is fire at above place please respond imm,COMMAND CENTER,COMMAND CENTER,NCCC Room,,,Closed,,
20210613175826090028,13/06/2021 17:58,mulugoga in kabalagala,Fire,Male Fire,,Call or Ask for Help,john,789444606,A transfomer is on fire almost spreading to a house at the above address,Kabalagala,Kabalagala,NCCC Room,,,Closed,,
20210612110719025028,12/06/2021 11:07,WAKISO -MANYANGWA,Fire,Male Fire,,Call or Ask for Help,SAM,700521182,The reports fireoutbreak due to the colluson of electric wires on the poles. pliz comply,COMMAND CENTER,COMMAND CENTER,NCCC Room,,,Closed,32.67033,0.419998
20210611133649354031,11/06/2021 13:36,matugga,Fire,Male Fire,,Call or Ask for Help,nalwoggo,759306927,caller reports fire in the above address,COMMAND CENTER,COMMAND CENTER,NCCC Room,,,Closed,,
20210611113054816035,11/06/2021 11:30,"kireka,kamuli wakiso",Fire,,,Call or Ask for Help,anet,789893256,fire outbreak plz,COMMAND CENTER,Wakiso,NCCC Room,,,Dispatched,,
20210606003019038013,06/06/2021 00:30,KATWE,Fire,Male Fire,,Call or Ask for Help,JESCA,709062624,AT SANA NAMASUBA THERE IS FIRE OUT BREAK,Katwe,Katwe,NCCC Room,,,Closed,32.56624,0.248616
20210605210319954030,05/06/2021 21:03,masindi,Fire,Female Fire,,Call or Ask for Help,katusime bridget,783808571,Fire has caught a building in the above address.,COMMAND CENTER,COMMAND CENTER,NCCC Room,,,Closed,,
20210605132338377018,05/06/2021 13:23,roung about,HOMICIDES,Death(Fire Out Breaks),,Call or Ask for Help,innocent kateba,702477665,"reporting fire out break at above address,plz take action.",Wakiso,Wakiso,NCCC Room,,,Closed,,
20210604172627769028,04/06/2021 17:26,katwe-near finance trust bank before bmk near mutebi road lubiri,Fire,Male Fire,,Call or Ask for Help,Sebulime muhamad,702489981,fire outbreak on a transformer,Katwe,Katwe,NCCC Room,,,Closed,32.57708,0.302667
20210604080321311021,04/06/2021 08:03,nalya above,Fire,Male Fire,,Call or Ask for Help,derrick,703622789,house on fire,COMMAND CENTER,COMMAND CENTER,NCCC Room,,,Closed,32.63937,0.36852
20210603165847419029,03/06/2021 16:58,KIBOMBE,OTHER LAWS,All other Acts,,Call or Ask for Help,OJANG LYDA,709425677,Fire outbreak reported in the above address,COMMAND CENTER,COMMAND CENTER,NCCC Room,,,Closed,,
20210602200307472044,02/06/2021 20:03,Kisaasi Mukikulu,Fire,Male Fire,,Call or Ask for Help,GArturd,0714354697,Fire at Kisaasi Mukikulu in kiira road,Kiira Road,Kisaasi/Kyanja,NCCC Room,,,Dispatching,,
20210602173101346030,02/06/2021 17:30,KAZO CHEIZE NEAR P/S NEW HOME CARE,Fire,Male Fire,,Call or Ask for Help,GODFREY KASJA,775330280,Building caught fire in the above address,COMMAND CENTER,COMMAND CENTER,NCCC Room,,,Accepted,,
20210602032726835028,02/06/2021 03:27,Banda stage near harsh petrol station in Jinja road,Fire,Male Fire,,Call or Ask for Help,Geofrey Nsubuga,783920166,"Fire out Break at the above address, respond.",Jinja Road,Jinja Road,NCCC Room,,,Dispatched,,
20210601211911827027,01/06/2021 21:19,mityana in town,Fire,Male Fire,,Call or Ask for Help,annet,701121987,reports fire at enero hotel in the above address,COMMAND CENTER,COMMAND CENTER,NCCC Room,,,Accepted,,
20210530190903302044,30/05/2021 19:09,kwasao komamboga in kawempe div,Fire,Male Fire,,Call or Ask for Help,jack,781369090,fire outbreak atthe above address,Kawempe,Kanyanya,NCCC Room,,,Closed,,
20210530190538790028,30/05/2021 19:05,"kwasa zone komamboga, kawempe",Fire,Male Fire,,Call or Ask for Help,opio godfrey,781369090,fire outbreak,Kawempe,Kawempe,NCCC Room,,,Closed,,
20210530163851569020,30/05/2021 16:38,A genda CHALWAJALA ROAD,Fire,,,Call or Ask for Help,Martin,705090296,FIRE OUT BRAKE,Kira Division,Kira Division,NCCC Room,,,Closed,,
20210530024740382016,30/05/2021 02:47,kika road,GENERAL CRIMES,,,Call or Ask for Help,alex,701342888,fire in kira road,COMMAND CENTER,Katwe,NCCC Room,,,Closed,,
20210529191959854016,29/05/2021 19:19,kyebando,GENERAL CRIMES,,,Call or Ask for Help,agaba andwu,775223269,fire in kyebando,COMMAND CENTER,COMMAND CENTER,NCCC Room,,,Closed,,
20210526085356720021,26/05/2021 08:53,bakamayi near MAKINDYE,Fire,Male Fire,,Call or Ask for Help,esther,702775433,HOUSE HAS CAUGHT FIRE,Katwe,MAKINDYE,NCCC Room,,,Closed,32.58834,0.282208
20210526084526529044,26/05/2021 08:45,Makindye,Fire,Male Fire,,Call or Ask for Help,Matin,703532246,FIRE OUTBREAK,Katwe,MAKINDYE,NCCC Room,,,Closed,32.58473,0.288462
20210526084146630017,26/05/2021 08:41,makindiye,Fire,Male Fire,,Call or Ask for Help,eddy,772535780,the report of fire plz comply,COMMAND CENTER,COMMAND CENTER,NCCC Room,,,Closed,,
20210525194443075034,25/05/2021 19:44,kabowa cash petrol station gabunga rd along nyanama,Fire,Male Fire,,Call or Ask for Help,namutebi abibah,701991964,reports serious fire,Katwe,Katwe,NCCC Room,,,Closed,32.56049,0.278406
20210525032906033013,25/05/2021 03:29,mando canoni,Fire,,,Call or Ask for Help,john,780614759,there is fire out break at mando town canoni in gomba district,COMMAND CENTER,COMMAND CENTER,NCCC Room,,,Accepted,,
20210524024908049019,24/05/2021 02:49,Fire World offices in Bugolobi,Fire,Male Fire,,Call or Ask for Help,Andrew Ntegeka,0772415437,Fire out break reported at the above place,Jinja Road,Jinja Road,NCCC Room,,,Accepted,,
20210522092835061012,22/05/2021 09:28,BULAGA BULENGE WAKISO DISTRICT,Fire,Male Fire,,Call or Ask for Help,DORA,703773531,Fire out break at the above adress please handle imm,Wakiso,Wakiso,NCCC Room,,,Accepted,32.48462,0.323644
20210521173205655031,21/05/2021 17:32,KAJJANSI NAKIGALALA,Fire,Female Fire,,Call or Ask for Help,YUSUF SENYONDO,775303909,FIRE ON A MOTORVEHICLE AT NAKIGALALA KAJJANSI.,Kajjansi,Kajjansi,NCCC Room,,,Accepted,,
20210520202011901017,20/05/2021 20:20,"sanje,wagolola",Fire,Male Fire,,Call or Ask for Help,robert,772959752,the above report of fire plz respond.,COMMAND CENTER,COMMAND CENTER,NCCC Room,,,Closed,,
20210519194338569044,19/05/2021 19:43,Jinja Town Naninda,GENERAL CRIMES,Other Crimes in General,other penal code offences (not categorized),Call or Ask for Help,Jonathan,701953709,reports a fire outbreak pliz respond,COMMAND CENTER,COMMAND CENTER,NCCC Room,,,Closed,,
20210519124455428012,19/05/2021 12:44,jinja chewa,Fire,Male Fire,,Call or Ask for Help,silver were,772039747,fire outbreak,COMMAND CENTER,COMMAND CENTER,NCCC Room,,,Closed,,
20210518233534717019,18/05/2021 23:35,kasanda,Fire,Male Fire,,Call or Ask for Help,milly,701569782,woman reports fire at the above place in kasanda where they mind gold pliz respond imm,COMMAND CENTER,COMMAND CENTER,NCCC Room,,,Closed,31.4961,0.873038
20210518200728726016,18/05/2021 20:07,kanyogoga,GENERAL CRIMES,,,Call or Ask for Help,walugenbe,781922894,fire in makindye kanyogoga,Katwe,MAKINDYE,NCCC Room,,,Dispatched,,
20210517201440549011,17/05/2021 20:14,KIGANDA BUTYABA ROAD,Fire,,,Call or Ask for Help,DORCUS,789119062,Reports electric pole on fire at the above adress,Kira Division,Kira Division,NCCC Room,,,Closed,,
20210517144126631016,17/05/2021 14:41,nasana kumasitowa,GENERAL CRIMES,,,Call or Ask for Help,amuza,708028570,fire in above,COMMAND CENTER,NANSANA,NCCC Room,,,Closed,32.37077,0.332332
20210516144802537017,16/05/2021 14:47,MUBUTO-BWEYOGERERE.,Fire,Male Fire,,Call or Ask for Help,JOYCE,702356006,THE NEIGHBOUGH HOUSE IS ON FIRE PLZ REACT IMM.,COMMAND CENTER,COMMAND CENTER,NCCC Room,,,Closed,32.6852,0.369761
20210516044132611028,16/05/2021 04:41,kakanyero in gulu,Fire,Male Fire,,Call or Ask for Help,odongo sadrack,783742171,there is fire outbreak at kakanyero in gulu district,COMMAND CENTER,COMMAND CENTER,NCCC Room,,,Accepted,,
20210516023745276016,16/05/2021 02:37,YESU AMALA,Fire,Male Fire,,Call or Ask for Help,FRED,751969978,FIREOUT BREAK PLZ RESPOND,COMMAND CENTER,NANSANA,NCCC Room,,,Accepted,32.51732,0.37965
20210512230719491035,12/05/2021 23:07,Tega zone Nabingo along masaka road wakiso district,Fire,Male Fire,,Call or Ask for Help,Briget Namageka,782697446,fire outbreak at the above address,Wakiso,Wakiso,NCCC Room,,,Closed,,
20210511183456893019,11/05/2021 18:34,kireka,GENERAL CRIMES,,,Call or Ask for Help,okech,709558651,reports the house burning at kireka pliz respond imm,COMMAND CENTER,COMMAND CENTER,NCCC Room,,,Closed,,
20210510205946650015,10/05/2021 20:59,buganda road,Fire,Male Fire,,Call or Ask for Help,sekide yusuf,708486722,fire out break at amamu house near cps kampala,CPS Kampala,Kampala CPS,NCCC Room,,,Dispatched,,
20210510190428663018,10/05/2021 19:04,Bugembe jinja,Fire,Female Fire,,Call or Ask for Help,Johnathan,726053384,A transformer is burning at Mudumuli jinja,COMMAND CENTER,COMMAND CENTER,NCCC Room,,,Closed,,
20210509193758954028,09/05/2021 19:37,mulago aroundabove,Fire,,,Call or Ask for Help,paul musobo,785046217,transformer burning,COMMAND CENTER,COMMAND CENTER,NCCC Room,,,Dispatched,,
20210509160609050013,09/05/2021 16:06,ntungamo nyamunuka,GENERAL CRIMES,,,Call or Ask for Help,mbabazi patience,707687411,fire outbreak. police response needed,COMMAND CENTER,COMMAND CENTER,NCCC Room,,,Closed,30.10137,-0.802747
20210508183406308018,08/05/2021 18:34,Gayaza opposite shell petrol station,Fire,,,Call or Ask for Help,Lllian,702971021,,Kasangati,Kasangati,NCCC Room,,,Closed,32.62672,0.463355
20210508011503305016,08/05/2021 01:15,KHARAMBI NUMBER ONE VILLAGE IN FORTPOTAL,Fire,Male Fire,,Call or Ask for Help,BRENDA,770503288,FIREOUTBREAK PLZ RESPOND,COMMAND CENTER,COMMAND CENTER,NCCC Room,,,Closed,,
20210507183747752034,07/05/2021 18:37,kyambogo,OTHER LAWS,Traffic and Road Safety Act (Not categorised),,Call or Ask for Help,ojok,775467172,reports accident at kyambogo,Jinja Road,Kyambongo Univ,NCCC Room,,,Dispatched,,
20210507050411730016,07/05/2021 05:04,NANSANA KABULENGWA,Fire,Male Fire,,Call or Ask for Help,EDISTH,703935373,FIRE OUT BREAK PLZ ACT,COMMAND CENTER,NANSANA,NCCC Room,,,Dispatched,32.51603,0.364916
20210505221154563020,05/05/2021 22:11,soroti taxi park,Fire,Male Fire,,Call or Ask for Help,uzin,774876991,"Fire at the above adress,",COMMAND CENTER,COMMAND CENTER,NCCC Room,,,Accepted,,
20210505162906591016,05/05/2021 16:29,GAYAZA RD,Fire,Male Fire,,Call or Ask for Help,WAMALA,702409789,BUS CAUGHT FIRE PLZ ACT,COMMAND CENTER,Kasangati,NCCC Room,,,Closed,,
20210503222837455028,03/05/2021 22:28,bugolobi opposite the market,Fire,Male Fire,,Call or Ask for Help,George,782033253,Reports fire outbreak at the above area,Jinja Road,Jinja Road,NCCC Room,,,Accepted,,
20210503152908889020,03/05/2021 15:29,NAMANVE,Fire,,,Call or Ask for Help,STEVEN,785622733,ELECTRIC POLE BURNING AT IT CENTER NAMANVE,Mukono,Mukono,NCCC Room,,,Closed,,
20210501211416642029,01/05/2021 21:14,Kiboga katikiro,GENERAL CRIMES,Other Crimes in General,Arson (General),Call or Ask for Help,Edrene kabuka,708929491,acase of fireoutbreak by electricity at the above location.,COMMAND CENTER,COMMAND CENTER,NCCC Room,,,Closed,,
20210501115631625017,01/05/2021 11:56,safe boda garder kyebando central,Fire,Male Fire,,Call or Ask for Help,komukyeya ruth,785414643,there is fire out break at the above place,Kiira Road,Kiira Rd,NCCC Room,the fire has been put out by the respond team,Others,Closed,,
20210428113423007019,28/04/2021 11:34,kayunga,Fire,Male Fire,,Call or Ask for Help,viola namakula,705842319,"woman reports the burning of her house at the above place, pliz comply",COMMAND CENTER,COMMAND CENTER,NCCC Room,,,Closed,32.47499,0.326072
20210427123846051033,27/04/2021 12:38,tororo naluwende,Fire,Female Fire,,Call or Ask for Help,otabo emma,01,the above adress reports a fire out break in the house plz respond i failed to get his contact,COMMAND CENTER,COMMAND CENTER,NCCC Room,,,Closed,,
20210426121552683034,26/04/2021 12:15,wakiso lukwanga road,Fire,Female Fire,,Call or Ask for Help,semakula musa,775266614,fire in wakiso lukwanga road,COMMAND CENTER,Wakiso,NCCC Room,,,Closed,,
20210425024202197021,25/04/2021 02:42,Sebagala zone,Fire,Male Fire,,Call or Ask for Help,Rajab kiwalabye,707857536,Fire Outbreak at the above address,COMMAND CENTER,COMMAND CENTER,NCCC Room,,,Dispatched,32.61229,0.355916
20210424213418518018,24/04/2021 21:34,kisugu wabigalo kitoro zone kabalagala kampala city,HOMICIDES,Other Death (Not Specified above),,Call or Ask for Help,musoke paul,703383661,"reporting tranfomer is on fire at above address,plz handle it",Kabalagala,Kisugu,NCCC Room,,,Dispatched,,
20210424212213679034,24/04/2021 21:22,pertlol station at kawempe,Fire,Male Fire,,Call or Ask for Help,richard,705522326,petrol station at kawempe cought fire,Kawempe,Kawempe,NCCC Room,,,Dispatched,,
20210424163401286034,24/04/2021 16:34,kibloka nansana,Fire,Male Fire,,Call or Ask for Help,makage ronald,775158799,reports fire outbreak,Old Kampala,Nansana,NCCC Room,,,Closed,,
20210424073734827028,24/04/2021 07:37,luwagao makindy in katwe,Fire,Male Fire,,Call or Ask for Help,semboa devid,706349266,there is fire out break at luwago in makindye,Katwe,Katwe,NCCC Room,,,Closed,32.59327,0.271405
20210424073501725026,24/04/2021 07:34,Makindye,Fire,,,Call or Ask for Help,Edward,704856251,Reports Fire out break please respond.,Katwe,MAKINDYE,NCCC Room,,,Accepted,,
20210424012746249027,24/04/2021 01:27,bbunga,Fire,Male Fire,,Call or Ask for Help,wanyana annet,706183202,there is fire outbreak as per the above address caused by electricity shock pliz comply.,COMMAND CENTER,COMMAND CENTER,NCCC Room,,,Closed,,
20210424011443209013,24/04/2021 01:14,buganga kalungutc,Fire,Male Fire,,Call or Ask for Help,not knownrd,701424728,,COMMAND CENTER,COMMAND CENTER,NCCC Room,,,Closed,,
20210423223839236028,23/04/2021 22:38,MAYUGE,Fire,Male Fire,,Call or Ask for Help,WABWIRE ABDU,788666291,REPORTS FIRE OUTBREAK IN MAYUGE TOWN. COMPLY,COMMAND CENTER,COMMAND CENTER,NCCC Room,,,Closed,,
20210423174132685021,23/04/2021 17:41,kasubi zone 4 near kasubi secondary sch,Fire,Male Fire,,Call or Ask for Help,sharif,708365743,there is fire out break at above address,Old Kampala,Old Kampala,NCCC Room,,,Closed,32.55701,0.334996
20210423140048560017,23/04/2021 14:00,URA Offices Jinja,HOMICIDES,Death(Fire Out Breaks),,Call or Ask for Help,EMMANUEL,782149593,"At URA OFFICES jINJA Fire out break reported,Handle.",COMMAND CENTER,COMMAND CENTER,NCCC Room,,,Closed,,
20210423041630467021,23/04/2021 04:16,KIU,Fire,Male Fire,,Call or Ask for Help,JENNERFER NAKABERE,786872366,FIRE AT KAMPALA INTERNATIONAL UNIVERSITY,COMMAND CENTER,COMMAND CENTER,NCCC Room,,,Closed,,
20210423041340020012,23/04/2021 04:13,KIU,Fire,,,Call or Ask for Help,jenifa nakanyu,786872366,FIRE NOW AT KIU,Kabalagala,Kabalagala,NCCC Room,,,Dispatched,,
20210422133632021017,22/04/2021 13:36,Kiwatule Bypass near the market,HOMICIDES,Death(Fire Out Breaks),,Call or Ask for Help,Alinda Ashraf,0782180803,At Kiwatule Northern bypass Near the market there is fire out break,Kiira Road,Kiira Rd,NCCC Room,,,Closed,,
20210421205150159029,21/04/2021 20:51,MBALE NEAR THE CLOICK TOWER,Fire,,,Call or Ask for Help,NAMAWA IVAN,01126070030,FIRE OUT BREAK IN MBALE TOWN NEAR CLOCK TOWER,COMMAND CENTER,COMMAND CENTER,NCCC Room,,,Closed,,
20210420013757093027,20/04/2021 01:37,kavule semuto road in nansana division,Fire,Male Fire,,Call or Ask for Help,Kiziito bekam,0758790160,Fire outbreak in the above mentioned address handdle imm,COMMAND CENTER,NANSANA,NCCC Room,,,Closed,,
20210420013212682027,20/04/2021 01:32,kavule semuto road Nansana div,Fire,Male Fire,,Call or Ask for Help,kiizito bekam,0758790160,fire outbreak at kavule semuto road in Nansana division,COMMAND CENTER,NANSANA,NCCC Room,,,Closed,,
20210418210251963019,18/04/2021 21:02,Pumode mugikiti Jinja city,HOMICIDES,Death(Fire Out Breaks),,Call or Ask for Help,Abeti nasan,783946669,"reporting fire out break at above address,plz take action imm",COMMAND CENTER,COMMAND CENTER,NCCC Room,,,Closed,,
20210418042725444019,18/04/2021 04:27,salama road,HOMICIDES,Death(Fire Out Breaks),,Call or Ask for Help,nakalazi,701304132,"reporting fire out break at above address,plz take action imm.",Katwe,Katwe,NCCC Room,,,Dispatched,,
20210417115310291028,17/04/2021 11:53,AT FREEDOM CITY WAKISO DISTRICT,Fire,Male Fire,,Call or Ask for Help,DANIEL,755530260,THERE IS FIRE OUTBREAK AT FREEDOM CITY IN WAKISO DISTRICT,Wakiso,Wakiso,NCCC Room,,,Closed,,
20210416121333274023,16/04/2021 12:13,Toyota first street industrial area in Jinja road handle.,Fire,Male Fire,,Call or Ask for Help,George odur,755526937,"Fire out break at the above address,handle.",Jinja Road,Jinja Road,NCCC Room,,,Dispatched,,
20210415104902701011,15/04/2021 10:49,old kampala nansana north,Fire,Male Fire,,Call or Ask for Help,amanya osbert,780664441,the unkown people set fire(system test),Old Kampala,Nansana,NCCC Room,,,Closed,,
20210415100331433019,15/04/2021 10:03,naguru-nakawa,Fire,Male Fire,,Call or Ask for Help,prossy,787035882,"reported fire outbreak at the above address please handle it immediately, system test",Jinja Road,Jinja Road,NCCC Room,,,Closed,,
20210414220309441026,14/04/2021 22:03,LUGOBA KAWEMPE KATOKE,Fire,,,Call or Ask for Help,ROBERT,772441423,FIRE OUT BRAKE AT LUGOBA KATOKE IN KAWEMPE,Kawempe,Kawempe,NCCC Room,,,Closed,32.55846,0.39848
20210414121623375011,14/04/2021 12:16,NABILATUK,Fire,Male Fire,,Call or Ask for Help,SAGAL BENJAMIN,0784639729,FIRE OUT BREAK REPORTED AT ABOVE ADDRESS HANDLE IT (SYSTEM TEST),COMMAND CENTER,COMMAND CENTER,NCCC Room,,,Closed,,
20210414114636188031,14/04/2021 11:46,NUGURU/NAKAWA/,Fire,Male Fire,,Call or Ask for Help,SAGAL BENJAMIN,0784639729,FIRE OUT BREAK REPORTED AT ADDRESS.,Jinja Road,Kyambongo Univ,NCCC Room,,,Closed,,
20210413125407029024,13/04/2021 12:54,Mastore Opposite Shell in Nansana.,Fire,Female Fire,,Call or Ask for Help,Sam,787801160,"Electric Pole has caught fire at the a bove address, handle.",COMMAND CENTER,NANSANA,NCCC Room,,,Dispatched,32.52219,0.368536
20210412202426878026,12/04/2021 20:24,Kikubo saurako Old Kampala,Fire,Male Fire,,Call or Ask for Help,Kayuwa,770685211,Reports Fire out break at the above address please respond.,Old Kampala,Old Kampala,NCCC Room,,,Closed,,
20210412202344135024,12/04/2021 20:23,nabugabo near kiseka market,Fire,Male Fire,,Call or Ask for Help,kizito fredrick,772518850,FIRE TA NABUGABO NEAR KISEKA MARKET,Old Kampala,Old Kampala,NCCC Room,,,Dispatched,,
20210411215105882021,11/04/2021 21:51,Kiwatule recreation centre,Fire,Female Fire,,Call or Ask for Help,Ibrahim,772490378,Reports fire outbreak at the above area.,Kiira Road,Kiira Rd,NCCC Room,,,Dispatched,32.63148,0.375423
20210411001811869023,11/04/2021 00:18,Walukuba west in Jinja opposite the Pitch,Fire,Male Fire,,Call or Ask for Help,Musazi Peter,700319697,Fire Outbreak at the above address,COMMAND CENTER,COMMAND CENTER,NCCC Room,,,Closed,33.22041,0.441713
20210407110800357031,07/04/2021 11:07,namugona,Fire,Male Fire,,Call or Ask for Help,ssetioleko alouiser,708451473,fire out break at school,COMMAND CENTER,COMMAND CENTER,NCCC Room,,,Closed,32.49154,0.259579
20210407110327684020,07/04/2021 11:03,golden primary school kawala,Fire,Male Fire,,Call or Ask for Help,eric,751302115,fire outbreak at above school,Kawempe,Kawempe,NCCC Room,,,Dispatched,,
20210404193716925034,04/04/2021 19:37,MASAJJA KUKASAWE BUSABALA RD,Fire,Male Fire,,Call or Ask for Help,LUBEGA PETER,703173041,REPORTS SERIOUS FIRE,Katwe,Katwe,NCCC Room,,,Dispatched,,
20210403172707700014,03/04/2021 17:27,MAKINDYE,Fire,Male Fire,,Call or Ask for Help,SENTONGO,772473496,FIREOUTBREAK AT MAKINDYE PLZ RESPOND,Katwe,Katwe,NCCC Room,,,Closed,,
20210401195312659019,01/04/2021 19:53,bunawaya sikugal zone,HOMICIDES,Death(Fire Out Breaks),,Call or Ask for Help,buranda,701358104,"reporting fire out break at above address,plz take action imm.",Katwe,Katwe,NCCC Room,,,Dispatched,,
20210401102050184020,01/04/2021 10:20,KIBBIRI BUSABALA,Fire,Female Fire,,Call or Ask for Help,DERRICK,700113644,Building on fire,COMMAND CENTER,Katwe,NCCC Room,,,Dispatched,,
20210401002532643028,01/04/2021 00:25,Kateeta Serere district,Fire,Male Fire,,Call or Ask for Help,James,788341724,Reports fire outbreak at the above area.,COMMAND CENTER,COMMAND CENTER,NCCC Room,,,Closed,,
20210330202656107026,30/03/2021 20:26,namwongo,Fire,,,Call or Ask for Help,sentogo,777512429,fire out brake at namwongo,Jinja Road,Jinja Road,NCCC Room,,,Closed,,
20210325163101657028,25/03/2021 16:30,kololo acacia avenue,Fire,Male Fire,,Call or Ask for Help,nathan,794124333,fire outbreak at above adress,Jinja Road,Jinja Road,NCCC Room,,,Dispatched,,
20210321005602870016,21/03/2021 00:56,PORTBELL,Fire,Male Fire,,Call or Ask for Help,PETER,750855601,FIRE OUTBREAK,Jinja Road,Jinja Road,NCCC Room,,,Closed,,
20210320223345500021,20/03/2021 22:33,MITALA-MARIABARRACK PETROL STN,Fire,Male Fire,,Call or Ask for Help,JOSEPH,774531670,FIRE OUTBREAK PLZ RESPOND.,COMMAND CENTER,COMMAND CENTER,NCCC Room,,,Closed,,
20210320170528148029,20/03/2021 17:05,rainbow behind buster LIRA TOWN,Fire,Male Fire,,Call or Ask for Help,Eunice,771158404,FIRE OUTBREAK AT THE ABOVE PLACE,COMMAND CENTER,COMMAND CENTER,NCCC Room,,,Closed,,
20210320094855372023,20/03/2021 09:48,Bukoto,Fire,Male Fire,,Call or Ask for Help,Twaha Abdul,705344504,Fire Outbreak at Taxi stage in Bukoto street after Tight security,COMMAND CENTER,COMMAND CENTER,NCCC Room,,,Closed,,
20210319224501668012,19/03/2021 22:44,Wampeo kasangati,Fire,Male Fire,,Call or Ask for Help,claire Aguti,775611981,Fire out break at the above adress,Kasangati,Kasangati,NCCC Room,,,Closed,,
20210318131903730026,18/03/2021 13:19,Namungo in Kabalagala,Fire,Male Fire,,Call or Ask for Help,LEONAD,777499091,Reports fire out break at the above address please respond.,Kabalagala,Kabalagala,NCCC Room,,,Dispatched,,
20210318131144440011,18/03/2021 13:11,NAMWONGO KASAMVU,Fire,,,Call or Ask for Help,VINCENT,702177214,FIREOUT BREAK AT THE ABOVE ADRESS,Kabalagala,Kabalagala,NCCC Room,,,Dispatched,,
20210318110418167025,18/03/2021 11:04,NSANJI CITEMU,Fire,,,Call or Ask for Help,JONA,787058366,Electric pole has cought fire,COMMAND CENTER,NANSANA,NCCC Room,,,Closed,,
20210318085106894025,18/03/2021 08:51,masaja A in kawempe,Fire,Male Fire,,Call or Ask for Help,AIP Okwadi,702574924,A broken electric conductor wire sparking in masaja A,Kawempe,Kawempe,NCCC Room,,,Dispatched,,
20210317142427375029,17/03/2021 14:24,kayabwe,Fire,Male Fire,,Call or Ask for Help,mustafa dennis,757106132,fire outbreak at kayabwe handle immediately,COMMAND CENTER,COMMAND CENTER,NCCC Room,,,Closed,,
20210316121007741027,16/03/2021 12:10,Bukoto near envagelical church,Fire,Male Fire,,Call or Ask for Help,Nancy,787672727,fire out break at the area,Kiira Road,Kiira Rd,NCCC Room,,,Closed,,
20210316120124376011,16/03/2021 12:01,BUKOTO ROUNDABOUT,Fire,,,Call or Ask for Help,NICHOLAS,770305134,Fire out break is reported at the above adress,COMMAND CENTER,Kiira Road,NCCC Room,,,Closed,,
20210315222832179018,15/03/2021 22:28,kayunga kisawo near the mosque,Fire,Female Fire,,Call or Ask for Help,joseph ssekyanzi,704230129,"reporting fire out break at above address,plz act imm.",COMMAND CENTER,COMMAND CENTER,NCCC Room,,,Closed,,
20210314120541521020,14/03/2021 12:05,kamwenge district in mhabale parish,Fire,Male Fire,,Call or Ask for Help,Assan,706004726,Fire at the above adress.,COMMAND CENTER,COMMAND CENTER,NCCC Room,,,Closed,,
20210314075613911016,14/03/2021 07:56,Namboole bweyogerere towards ajenda,Fire,Female Fire,,Call or Ask for Help,Benard,770817976,Reports avehicle caught fire at the above area,Kira Division,Bweyogerere,NCCC Room,,,Dispatched,,
20210313095133107019,13/03/2021 09:51,MGENDAJJE INMUNGONGO SALAMA ROAD,Fire,Male Fire,,Call or Ask for Help,michcaL,703056659,FIRE OUT BREAK,Katwe,Katwe,NCCC Room,,,Dispatched,,
20210312003352378025,12/03/2021 00:33,NYANGAYA TRADING IN MASINDI,Fire,,,Call or Ask for Help,mohamad,0777217355,FIRE OUT BRAKE,COMMAND CENTER,COMMAND CENTER,NCCC Room,,,Closed,,
20210311193935350025,11/03/2021 19:39,Engilish mediam school in wakiso,Fire,Male Fire,,Call or Ask for Help,RAMASAN,701543576,Fire out break at English medium school in wakiso,Wakiso,Wakiso,NCCC Room,,,Dispatched,,
20210309225037530023,09/03/2021 22:50,Wakiso,Fire,Male Fire,,Call or Ask for Help,Seguya Alex,789624319,Fire Outbreak along Hoima road before Wakiso town,COMMAND CENTER,COMMAND CENTER,NCCC Room,,,Dispatched,,
20210309222633517026,09/03/2021 22:26,nabwero nansana,Fire,Male Fire,,Call or Ask for Help,ario moses,788415122,Fire Outbreak at the above address pliz respond imm.,COMMAND CENTER,NANSANA,NCCC Room,,,Dispatched,,
20210309115347735035,09/03/2021 11:53,"muvule,buwama katebu road mpigi district",Fire,Female Fire,,Call or Ask for Help,kato,777694301,"Reports the case of fire,electric wires are burning in muvule.",COMMAND CENTER,COMMAND CENTER,NCCC Room,,,Closed,,
20210309113849147042,09/03/2021 11:38,kirombe,Fire,Male Fire,,Call or Ask for Help,david mulira,759934927,fire at kirombe,COMMAND CENTER,COMMAND CENTER,NCCC Room,,,Closed,,
20210309083946186014,09/03/2021 08:39,makerere university southern gate,Fire,,,Call or Ask for Help,kimuli,782710000,electic pole on fire plz respond,Wandegeya,Wandegeya,NCCC Room,,,Dispatched,,
20210308182116888031,08/03/2021 18:21,copper coplex in town,Fire,Male Fire,,Call or Ask for Help,JOSHUA,759706170,REPORTS FIRE OUT BREAK PLEASE HANDLEIMM.,COMMAND CENTER,CPS Kampala,NCCC Room,,,Closed,,
20210308124922074016,08/03/2021 12:49,PUMBUDE IN JINJA DIST,Fire,Male Fire,,Call or Ask for Help,SAM,783734876,FIREOUT BREAK,COMMAND CENTER,COMMAND CENTER,NCCC Room,,,Closed,,
20210301223211319023,01/03/2021 22:32,Kyebando,Fire,Male Fire,,Call or Ask for Help,Unknown,703385895,Reports Fire outbreak in a School at Kyebando please respond,COMMAND CENTER,COMMAND CENTER,NCCC Room,,,Arrived,,
20210301130403055020,01/03/2021 13:04,OLALI VILLAGE ORIBO PARISH IN ARUA,Fire,Male Fire,,Call or Ask for Help,MUSA,780769855,FIRE AT THE ABOVE ADRESS,COMMAND CENTER,COMMAND CENTER,NCCC Room,,,Closed,,
20210301044016439018,01/03/2021 04:40,Mutundwe Natete Katwe division.,HOMICIDES,Death(Fire Out Breaks),,Call or Ask for Help,Ababakar Suluman,755385943,"reporting fire out break at above address,plz act imm.",Katwe,Natete,NCCC Room,,,Dispatched,,
20210227115215446018,27/02/2021 11:52,kanyanya capital shopers supermarket in kawmpe,Fire,Male Fire,,Call or Ask for Help,stela,704860073,fire out break at above adrress,Kawempe,Kanyanya,NCCC Room,,,Dispatched,,
20210226091109546018,26/02/2021 09:11,wakiso nakiwogo,HOMICIDES,Death(Fire Out Breaks),,Call or Ask for Help,nangaga gloria,782776419,"reporting fire out break at above address,plz take action sir.",Wakiso,Wakiso,NCCC Room,,,Closed,32.45228,0.067044
20210224201144864042,24/02/2021 20:11,wakulukuku kabowa childrens centre,Fire,Male Fire,,Call or Ask for Help,amos nangago,700955821,electricity pole has caught fire in wankulukuku kabowa chidrens centre,Katwe,Natete,NCCC Room,,,Dispatched,,
20210224145500749034,24/02/2021 14:55,"nakabambo petrol station, jinja city",Fire,Male Fire,,Call or Ask for Help,sarah,754874419,reports fire outbreak at above place,COMMAND CENTER,COMMAND CENTER,NCCC Room,,,Closed,,
20210224123402686034,24/02/2021 12:34,kiganda wakiso,Fire,Male Fire,,Call or Ask for Help,obbe nabaka,704539251,"reports fire outbreak at kiganda, wakiso district.",Wakiso,Wakiso,NCCC Room,,,Dispatched,,
20210223053610480031,23/02/2021 05:36,KAMONYI NEAR TOTAL OPPOSITE AMERICAN EMBASSY.,Fire,Male Fire,,Call or Ask for Help,HARRIET,774586161,REPORTS FIRE OUTBREAK IN THE ABOVE PLACE PLEASE HANDLE IMM.,COMMAND CENTER,Kabalagala,NCCC Room,,,Closed,32.59238,0.301394
20210222052052175023,22/02/2021 05:20,Iganga,Fire,Male Fire,,Call or Ask for Help,Mutesi Annet,705809033,Fire outbreak along Kaliro road after Shell petrol station near Muvule tree in Iganga,COMMAND CENTER,COMMAND CENTER,NCCC Room,,,Closed,33.4854,0.59856
20210219195611151016,19/02/2021 19:56,Kitintale Road tent for use,Fire,Male Fire,,Call or Ask for Help,Jerome,774367354,Reports fire outbreak.,Jinja Road,Kitintale,NCCC Room,,,Dispatched,,
20210219150038581025,19/02/2021 15:00,kyetera In rakai district,HOMICIDES,Death(Fire Out Breaks),,Call or Ask for Help,Serwanda,705979589,fire outbreak at kyotera in rakai district that has left one dead handle imm,COMMAND CENTER,COMMAND CENTER,NCCC Room,,,Closed,,
20210218222550295018,18/02/2021 22:25,buloba mityana road,HOMICIDES,Death(Fire Out Breaks),,Call or Ask for Help,moses,704816008,buloba Mityana road is on fire a school,Kakiri,Buloba,NCCC Room,,,Closed,,
20210218194617430017,18/02/2021 19:46,Nansana,HOMICIDES,Death(Fire Out Breaks),,Call or Ask for Help,kITOOKE,786912018,At Nansana West B Towareds Unique fire,COMMAND CENTER,NANSANA,NCCC Room,,,Closed,,
20210217145403285034,17/02/2021 14:54,mukono namuyenge,Fire,Male Fire,,Call or Ask for Help,mulondo andrew,781829458,reports fire outbreak at above place.,Mukono,Mukono,NCCC Room,"Fire outbreak handled,it was ameterbox.",Treated as Criminal Case,Closed,,
20210217142011086031,17/02/2021 14:20,KIMANYA SUPERMARKET MASAKA,Fire,Male Fire,,Call or Ask for Help,ISMA,754455972,REPORTS FIRE OUTBREAK IN THE ABOVE PLACE PLEASE RESPOND IMM.,COMMAND CENTER,COMMAND CENTER,NCCC Room,,,Closed,,
20210215172904998025,15/02/2021 17:29,makindye kyamulia,Fire,Male Fire,,Call or Ask for Help,cyinthia,779845915,reported fire at above handle.,COMMAND CENTER,Katwe,NCCC Room,,,Closed,32.64525,0.365832
20210215130103410033,15/02/2021 13:01,lambu in masaka,Fire,,,Call or Ask for Help,segumba,757663010,FIRE OUT BREAK,COMMAND CENTER,COMMAND CENTER,NCCC Room,,,Closed,32.03249,-0.325836
20210215025527287018,15/02/2021 02:55,pakach district,HOMICIDES,Death(Fire Out Breaks),,Call or Ask for Help,akampwpra banenenet,701856648,"reporting fire out break at above address,plz handle it imm.",COMMAND CENTER,COMMAND CENTER,NCCC Room,,,Closed,,
20210213225351045031,13/02/2021 22:53,BUSIGA,Fire,Male Fire,,Call or Ask for Help,SOFIA NAKANJAGO,709345595,REPORTS FIRE OUTBREAK AT ABOVE PLACE HANDLE IMM,COMMAND CENTER,Kabalagala,NCCC Room,,,Dispatched,,
20210213225235426027,13/02/2021 22:52,salama road next to mogas petrol station in makindey,Fire,Male Fire,,Call or Ask for Help,amira abdlah,782384038,fire out break at the above address,Katwe,MAKINDYE,NCCC Room,,,Delivered,,
20210213212959103027,13/02/2021 21:29,akacha mol in kiira road,Fire,Male Fire,,Call or Ask for Help,ammaya,773051037,reported fire out break at the above adress,Kiira Road,Kiira Rd,NCCC Room,,,Dispatched,,
20210213024837384028,13/02/2021 02:48,KAMUKYA IN KIRA RAOD,Fire,Male Fire,,Call or Ask for Help,DEO,772921432,THRERE IS FIRE OUTBREAK AT THE ABOVE ADDRESS,Kiira Road,Kiira Rd,NCCC Room,,,Dispatched,31.72482,3.655701
20210212232843272018,12/02/2021 23:28,kampala road BEHIND BANK OF BARONDA,HOMICIDES,Death(Fire Out Breaks),,Call or Ask for Help,Ronald sebo,774562047,"REPORTING FIRE OUT BREAK AT ABOVE ADDRESS,PLZ HANDLE IT.",CPS Kampala,Kampala CPS,NCCC Room,,,Dispatched,,
20210212115240148028,12/02/2021 11:52,kasumanyanja bunyangabu district,Fire,Male Fire,,Call or Ask for Help,shaban katariwa,775154171,FIRE ON A FUEL TRAILLER AT KASUMANYANJA IN BUNYANGABU DISTRICT.,COMMAND CENTER,COMMAND CENTER,NCCC Room,,,Closed,,
20210211054506564013,11/02/2021 05:45,BUKUKIA,Fire,,,Call or Ask for Help,KARIM,701193693,FIRE OUT BREAK AT BUKUKIA S/COUNTY LUGOGWE VILLAGE IN KASANDA DISTRICT,COMMAND CENTER,COMMAND CENTER,NCCC Room,,,Closed,,
20210210130749247034,10/02/2021 13:07,mutungo hill zone 8,Fire,Male Fire,,Call or Ask for Help,Kevin Mbabazi,773077454,reports fire out break at above place,Jinja Road,Jinja Road,NCCC Room,,,Dispatched,,
20210209235051519012,09/02/2021 23:50,SOLE B PARENT PRIDE P/S BUSIA DISTRICT,Fire,Male Fire,,Call or Ask for Help,EMMANUEL,775495955,Fire at the above adress,COMMAND CENTER,COMMAND CENTER,NCCC Room,,,Closed,34.08937,0.474333
20210209212110317011,09/02/2021 21:21,KASUBI NEAR PETROL CITY PETROL STATION,Fire,,,Call or Ask for Help,JUDITH,774430274,Electrict pole is on fire at the above adress,Old Kampala,Old Kampala,NCCC Room,,,Dispatched,,
20210209010333864012,09/02/2021 01:03,kabowa market after kabowa high school old kampala,Fire,Male Fire,,Call or Ask for Help,simon,752678632,Fire out break at the above adress,Old Kampala,Old Kampala,NCCC Room,,,Dispatched,32.5594,0.283275
20210208152534853026,08/02/2021 15:25,Amka road kitintale in Jinja Road,Fire,Male Fire,,Call or Ask for Help,Edmon kazibwe,700664698,"Fire out Break at the above address, handle.",Jinja Road,Kitintale,NCCC Room,,,Dispatched,,
20210207130831250034,07/02/2021 13:08,salaama road sekamate road,Fire,Male Fire,,Call or Ask for Help,kafeero stephan,755172149,The above mentioned reports the fire outbreak and they need immediate help,COMMAND CENTER,COMMAND CENTER,NCCC Room,,,Closed,32.60625,0.254528
20210206215549054018,06/02/2021 21:55,Lawala village in Omoro district,GENERAL CRIMES,Other Crimes in General,Arson (General),Call or Ask for Help,ODIDA JUSTINE,777326157,"reporting fire out break/arson by unknown person on his house at above address,plz handle it imm.",COMMAND CENTER,COMMAND CENTER,NCCC Room,,,Closed,,
20210206114731959020,06/02/2021 11:47,Embress Hotel near wandegeya,Fire,Male Fire,,Call or Ask for Help,KIBEDI,772428740,Fire at the above adress.,Wandegeya,Wandegeya,NCCC Room,,,Closed,,
20210205163938053016,05/02/2021 16:39,NAMASUBA ZHANNA,Fire,Male Fire,,Call or Ask for Help,Nakyibuka joyce,708609495,Fireout break at namasuba Zhanna pLz respond,COMMAND CENTER,Katwe,NCCC Room,,,Dispatched,,
20210205125543618025,05/02/2021 12:55,wayama road-jinja,Fire,Male Fire,,Call or Ask for Help,dhikusooka lazarus,773118074,Transformer caugth fire at above adress.,COMMAND CENTER,COMMAND CENTER,NCCC Room,,,Closed,,
20210203230559525016,03/02/2021 23:05,Banda Railway,Fire,Female Fire,,Call or Ask for Help,James,705324865,Reports fire out break,Jinja Road,Jinja Road,NCCC Room,,,Dispatched,,
20210203030324339020,03/02/2021 03:03,Mbuya-Robert Mugere road opposit Osenic Bus TERMINAL,Fire,Male Fire,,Call or Ask for Help,Ostine,753393231,fIRE OUT BREAK REPORTED AT THE ABOVE PLACE PLZ RESPOND IMM.,Jinja Road,Jinja Road,NCCC Room,,,Closed,32.63274,0.331735
20210203025500669020,03/02/2021 02:54,Kansanga in kabalagala,Fire,Male Fire,,Call or Ask for Help,Sule,782607688,Reports Electric pol/Wire which caught fire plz respond.,Kabalagala,Kabalagala,NCCC Room,,,Closed,32.60429,0.292908
20210201131351387018,01/02/2021 13:13,bwenge jinja -kamuli road in jinja city,HOMICIDES,Death(Fire Out Breaks),,Call or Ask for Help,james,783854622,reporting fire out break at above address.,COMMAND CENTER,COMMAND CENTER,NCCC Room,,,Closed,,
20210201125408163011,01/02/2021 12:54,Bwalero igombe villag jinja - kamuli road in jinja district,Fire,Male Fire,,Call or Ask for Help,James,783854622,fire outbreak at the above address,COMMAND CENTER,COMMAND CENTER,NCCC Room,,,Closed,,
20210131231948832016,31/01/2021 23:19,DATA CENTER MUTUNDWE,Fire,Male Fire,,Call or Ask for Help,NICOLAS,782719212,FIRE OUTBREAK PLZ RESPOND,Katwe,MAKINDYE,NCCC Room,,,Closed,32.53734,0.285891
20210131194622143020,31/01/2021 19:46,Lugazi lamengo,Fire,Male Fire,,Call or Ask for Help,Roza,771256769,Fire at the above adress,COMMAND CENTER,COMMAND CENTER,NCCC Room,,,Closed,32.94656,0.372237
20210130140400184018,30/01/2021 14:03,KIRA TOUN COUNCIL,Fire,Male Fire,,Call or Ask for Help,emma,788868056,fire out Breack at the above place,Kiira Road,Kiira Rd,NCCC Room,,,Dispatched,32.64746,0.397235
20210128195412648023,28/01/2021 19:54,Bweyogerere Kiwanga trading centre,Fire,Female Fire,,Call or Ask for Help,Cynthia Byaruhanga,772692929,Electric wires sparkling at Bweyogerere kiwanga trading centre please help,COMMAND CENTER,COMMAND CENTER,NCCC Room,,,Dispatched,32.68952,0.371894
20210128025328988021,28/01/2021 02:53,KYAMBOGO UNIVERSITY STORE NEAR FAITH TECHNOLOGY,Fire,Male Fire,,Call or Ask for Help,RONALD,780103504,KYAMBOGO UNIVERSITY STRORE IS ON FIRE PLEASE HANDLE,Jinja Road,Kyambongo Univ,NCCC Room,,,Dispatched,32.62262,0.342808
20210127233742138021,27/01/2021 23:37,KYANYZUtI VILLgeOMUSINGASi PARISH IN KASESE,Fire,Male Fire,,Call or Ask for Help,DICKEN,770461536,THERE IS FIRE OUT BREAK AT KYANYZUTI VILLAGE OMUSINGASI PARISH IN KASESE ADISTRICT,COMMAND CENTER,COMMAND CENTER,NCCC Room,,,Closed,,
20210126213329588028,26/01/2021 21:33,"Kisenyi muzana next to muzana police station in Old k""la.",Fire,Male Fire,,Call or Ask for Help,Ratif,775209648,"Fire out break at the above address,handle.",Old Kampala,Old Kampala,NCCC Room,,,Dispatched,,
20210123222915278029,23/01/2021 22:29,busika,Fire,Male Fire,,Call or Ask for Help,nyegenya george william,758569252,a transformer is burning out in Busika,COMMAND CENTER,COMMAND CENTER,NCCC Room,,,Closed,,
20210122122019765018,22/01/2021 12:20,LUNGUJJA.KIKANDWA,Fire,Male Fire,,Call or Ask for Help,HADIJJA,708432775,REPORTS FIREOUTBREAK AT ABOVE,Old Kampala,Old Kampala,NCCC Room,,,Closed,32.54759,0.309379
20210121162147058029,21/01/2021 16:21,kibuye behind calender hotel,Fire,Male Fire,,Call or Ask for Help,katende farishi,784185943,burning house at kibuye behind calender hotel katwe,COMMAND CENTER,Katwe,NCCC Room,,,Closed,,
20210121161341898028,21/01/2021 16:13,kibuye waswa zone,Fire,Male Fire,,Call or Ask for Help,fransisca,,FIRE AT KIBUYE WASWA ZONE IN KATWE.,Katwe,Katwe,NCCC Room,,,Closed,,
20210120074357269033,20/01/2021 07:43,agip zone kibuli,Fire,,,Call or Ask for Help,magezi dalousous,752671358,A Transformer has caught fire in kibuli,Kabalagala,Kabalagala,NCCC Room,,,Closed,,
20210119180143250022,19/01/2021 18:01,KASANA KUBIKAJJO LUWERO,Fire,Male Fire,,Call or Ask for Help,MWANJE JAMES,771643387,REPORTS FIRE OUTBREAK 0782330020,COMMAND CENTER,COMMAND CENTER,NCCC Room,,,Closed,,
20210118182155936028,18/01/2021 18:21,ruti tradind cente in mbarara,OTHER LAWS,Traffic and Road Safety Act (Not categorised),,Call or Ask for Help,evan,782306486,Electric pole is burning at Ruti trading centre along mbarara kabale road in mbarara district,COMMAND CENTER,COMMAND CENTER,NCCC Room,,,Closed,,
20210118091828324018,18/01/2021 09:18,ave maria makindye,HOMICIDES,Death(Fire Out Breaks),,Call or Ask for Help,paul,702329527,reporting fire out break at above address.,Katwe,MAKINDYE,NCCC Room,,,Delivered,32.58647,0.289471
20210117011751023024,17/01/2021 01:17,Katoke in Nansana,Fire,Male Fire,,Call or Ask for Help,Susan,702254585,Fire out break at the above place,COMMAND CENTER,NANSANA,NCCC Room,,,Closed,32.52293,0.390549
20210116000034317011,16/01/2021 00:00,NDEBA KULERWE,Fire,,,Call or Ask for Help,JUSTINE,771348110,Reports fire outbreak at the above adress,Katwe,Katwe,NCCC Room,,,Dispatched,32.57062,0.291395
20210113201837512031,13/01/2021 20:18,NAMUNGONA OPPOSITE TOTAL,Fire,,,Call or Ask for Help,REGAN,703074715,TRANSFORMER HAS CAUGHT FIRE AND IS NEXT TO SCHOOL PLEASE HANDLE IMM,COMMAND CENTER,NANSANA,NCCC Room,,,Closed,,
20210113200335481021,13/01/2021 20:03,Kyenjojo,Fire,Male Fire,,Call or Ask for Help,Magezi Ruhweza,774564365,Reports fire outbreak at Mirongo in Kyenjojo District.,COMMAND CENTER,COMMAND CENTER,NCCC Room,,,Closed,,
20210112200448712017,12/01/2021 20:04,Kawempe,HOMICIDES,Death(Fire Out Breaks),,Call or Ask for Help,Joseph,751984780,At Tula Road- Mbogo Sec School of Kawempe FIRE OUT BREAK reported.Handle.,Kawempe,Kawempe,NCCC Room,,,Closed,30.83347,-0.199932
20210112164720230031,12/01/2021 16:47,nakasaaga along gayaza road in kasangati,Fire,Male Fire,,Call or Ask for Help,micheal,779969094,fire outbreak at above handle.,Kasangati,Kasangati,NCCC Room,,,Closed,,
20210112115520559018,12/01/2021 11:55,children villege in gulu dist,Fire,,,Call or Ask for Help,john,0787687205,there is electricity wire burning at above address,COMMAND CENTER,COMMAND CENTER,NCCC Room,,,Closed,,
20210110042214535018,10/01/2021 04:22,Bwaise Kumbilali at the police station,Fire,Male Fire,,Call or Ask for Help,Meddy,779244983,Fire outbreak reported at the above address please respond.,Kawempe,Kawempe,NCCC Room,,,Closed,32.56704,0.352238
20210109035620137012,09/01/2021 03:56,BUZIGA ISLAMIC NEAR ST DENIS MAKINDI DIV IN NGABA,Fire,Male Fire,,Call or Ask for Help,MAGRET,773739363,Fire outbreak reported at the above place please respond.,Jinja Road,Jinja Road,NCCC Room,,,Closed,32.62823,0.259659
20210109034108303013,09/01/2021 03:41,bunga,Fire,Male Fire,,Call or Ask for Help,george,750531164,fire out break at bunga along gaba road kabalagala kampala please take action.,Kabalagala,Kabalagala,NCCC Room,,,Closed,32.6173,0.254864
20210108160806429025,08/01/2021 16:08,kasenyi ku mwalo,Fire,Male Fire,,Call or Ask for Help,kalyango vicent,708234889,fire at the above,Entebbe,Entebbe,NCCC Room,,,Dispatched,,
20210107223917298036,07/01/2021 22:39,tororo district at peya sub county,Fire,Female Fire,,Call or Ask for Help,peter,771656443,fire outbreak at peya sub county in tororo district please respond,COMMAND CENTER,COMMAND CENTER,NCCC Room,,,Closed,,
20210107203505383027,07/01/2021 20:35,Tororo paya,HOMICIDES,Death(Fire Out Breaks),,Call or Ask for Help,Esther,755717257,Fire out break at Paya in Tororo,COMMAND CENTER,COMMAND CENTER,NCCC Room,,,Closed,,
20210105033756296036,05/01/2021 03:37,Rubaga Road,Fire,Male Fire,,Call or Ask for Help,Taicil,759662743,Reports Fire outbreak at Rubaga Raod,Old Kampala,Old Kampala,NCCC Room,,,Accepted,32.55474,0.295234
20210105004913080036,05/01/2021 00:49,Mukono Nasuti,Fire,Male Fire,,Call or Ask for Help,Slivia Nabuyondo,706102873,Reports Fire outbreak in Mukono Nasuti,Mukono,Mukono,NCCC Room,,,Arrived,,
20210104225820356026,04/01/2021 22:58,Namaliga catholic church Bombo in luwero district,Fire,Male Fire,,Call or Ask for Help,kiria,776839731,fire outbreak at the above address,COMMAND CENTER,COMMAND CENTER,NCCC Room,,,Accepted,,
20210104164522117021,04/01/2021 16:45,Kamwenge Town council,Fire,Male Fire,,Call or Ask for Help,Victor,773272805,Reports fire out break at the above place plz respond imm.,COMMAND CENTER,COMMAND CENTER,NCCC Room,,,Closed,,
20210104081221779028,04/01/2021 08:12,kayunga buryankuyege near mosque,Fire,Male Fire,,Call or Ask for Help,beatrace,700379570,FIRE AT BURYANKUYEGE NEAR MOSQUE IN KAYUNGA DISTRICT.,COMMAND CENTER,COMMAND CENTER,NCCC Room,,,Closed,,
20210104041831741036,04/01/2021 04:18,Bunono Ntanda Entebbe,Fire,Male Fire,,Call or Ask for Help,mugyenye Eddy,705169676,Reports Fire outbreak at Bunono-Ntanda in Entebbe,Entebbe,Entebbe,NCCC Room,,,Dispatched,32.47219,0.095077
20210103120316087026,03/01/2021 12:03,Namusa In Wakiso,Fire,Male Fire,,Call or Ask for Help,Emmanuel,707480892,Repors that electric pole has follen on the tree and its sparking please respond.,Wakiso,Wakiso,NCCC Room,,,Closed,,
20210102210851343028,02/01/2021 21:08,Namirembe road opposite Bethel church in old k'la,Fire,Male Fire,,Call or Ask for Help,Doreen,703721421,"Fire at the above address, handle.",Old Kampala,Old Kampala,NCCC Room,,,Dispatched,,
20210102193213995018,02/01/2021 19:32,Madera along Soroti-Moroto road in Soroti city.,HOMICIDES,Death(Fire Out Breaks),,Call or Ask for Help,Grace Atala,780488376,"Reporting Electricity wire sparking near her home and she has inform them several time No assistant,plz handle it.",COMMAND CENTER,COMMAND CENTER,NCCC Room,,,Closed,33.61246,1.731956
20210101102512540044,01/01/2021 10:25,MUTUNGO,Fire,Male Fire,,Call or Ask for Help,NOBERT,01129834360,A HOME IS BURNING.PLIZ HANDLE,Jinja Road,Jinja Road,NCCC Room,,,Closed,,
20210101102312211034,01/01/2021 10:23,kanyanya in kawempe,Fire,Male Fire,,Call or Ask for Help,amaniyo,01125933900,reported fire outbreak at kanyanya in kawempe. for lerning purpose,Kawempe,Kanyanya,NCCC Room,,,Closed,,
20210101003905161016,01/01/2021 00:39,CHEMA VILLAGE IN KAPCHORA DIST,Fire,Male Fire,,Call or Ask for Help,Chemtai,706134641,Fireis being set in Chema Market Chema S/cty by unknown Boys Plz respond,COMMAND CENTER,COMMAND CENTER,NCCC Room,,,Closed,34.38786,1.362259
20201231164629350028,31/12/2020 16:46,bukoloto kayunga district,Fire,Male Fire,,Call or Ask for Help,bosco,707844900,fire outbreak at the above address,COMMAND CENTER,COMMAND CENTER,NCCC Room,,,Closed,,
20201228143759751019,28/12/2020 14:37,WAKISO,Fire,Male Fire,,Call or Ask for Help,ERIC,754269493,THERE IS FIRE OUT BREAK AT ROUND ABOUT DISTRICT,COMMAND CENTER,COMMAND CENTER,NCCC Room,,,Closed,,
20201226204634887017,26/12/2020 20:46,Kololo,Fire,Male Fire,,Call or Ask for Help,Akena,702662169,At Lower Kololo Terrace there is afire out break in arestuarant,Jinja Road,Jinja Road,NCCC Room,,,Dispatched,,
20201220225242531027,20/12/2020 22:52,corner kilak kapeka Ssingo military barracks,Fire,Male Fire,,Call or Ask for Help,Josuah,754815297,fire outbreak at the above address,COMMAND CENTER,COMMAND CENTER,NCCC Room,,,Closed,,
20201220092341289031,20/12/2020 09:23,Namuwungo market,Fire,Female Fire,,Call or Ask for Help,Byamungu,705500997,Reports umeme fallen electrict pole at the above area please respond,Kabalagala,Kabalagala,NCCC Room,,,Closed,32.61844,0.302756
20201218192013263020,18/12/2020 19:20,NORTHERN BYPASS,Fire,Male Fire,,Call or Ask for Help,layoya,770452664,At the above address a car caught fire .Plz handle,COMMAND CENTER,Kiira Road,NCCC Room,,,Dispatched,,
20201218113343970012,18/12/2020 11:33,GAYAZA BUSUKUMA KASANGATI,Fire,Male Fire,,Call or Ask for Help,JANET,772191444,A transformer on fire at the above adress,Kasangati,Kasangati,NCCC Room,,,Closed,,
20201217075516327026,17/12/2020 07:55,KCB level 6 kampala road,Fire,Male Fire,,Call or Ask for Help,Juma,773169203,"Fire out break at the above address,respond.",CPS Kampala,Kampala CPS,NCCC Room,,,Dispatched,32.61776,0.421525
20201213205906125028,13/12/2020 20:59,NANSANA KYENABWERU ROAD,Fire,Male Fire,,Call or Ask for Help,SHILLAH,704558311,FIRE REPORTED AT NANSANA ON KYENABWERU ROAD.,COMMAND CENTER,NANSANA,NCCC Room,,,Closed,,
20201211222212981017,11/12/2020 22:22,MAKINDYE AFTER THE BARRACK,Fire,Male Fire,,Call or Ask for Help,IBRAHIM,702542195,FIRE AT THE ABOVE ADDRESS PLZ HANDLE.,Katwe,MAKINDYE,NCCC Room,,,Closed,,
20201211092306194028,11/12/2020 09:23,NANSANA NEAR IVORY HOTEL,Fire,Male Fire,,Call or Ask for Help,EASTER,701377231,FIRE REPORTED AT NANSANA NEAR IVORY HOTEL,COMMAND CENTER,NANSANA,NCCC Room,,,Closed,32.52241,0.36937
20201210110955153020,10/12/2020 11:09,Rubaga Lubiri,Fire,Male Fire,,Call or Ask for Help,Mark,708416581,There is fire in the above adressad,Old Kampala,Old Kampala,NCCC Room,,,Closed,32.54827,0.296949
20201209224106372014,09/12/2020 22:41,masaka kyabatiza,Fire,Male Fire,,Call or Ask for Help,isaac,708875254,reports fire at his home,COMMAND CENTER,COMMAND CENTER,NCCC Room,,,Closed,,
20201209161522682044,09/12/2020 16:15,"LOPUTUK,MOROTO",Fire,Male Fire,,Call or Ask for Help,SIMON,781439315,HOUSE BURNING.,COMMAND CENTER,COMMAND CENTER,NCCC Room,,,Closed,34.65665,2.531866
20201208131206979018,08/12/2020 13:12,Between Tororo road and Busia road in Tororo municipality,HOMICIDES,Death(Fire Out Breaks),,Call or Ask for Help,Joseph,756320620,"reporting fire out break at above address,plz take action imm.",COMMAND CENTER,COMMAND CENTER,NCCC Room,,,Closed,,
20201207100120396034,07/12/2020 10:01,BUGONDANDARA IN BUGIRI,Fire,Male Fire,,Call or Ask for Help,WERE,772152420,REPORTED THAT LIVE ELECRTIC WIRE HAS FALLEN AT HIS COMPOUND PLIZ RESPOND IMM.,COMMAND CENTER,COMMAND CENTER,NCCC Room,,,Closed,33.67707,0.578585
20201207040520094016,07/12/2020 04:05,MBALE HOSPITAL IN MBALE DIST,Fire,Male Fire,,Call or Ask for Help,R0BERT,782486539,Fire out break at Mbale main Gate plz respond,COMMAND CENTER,COMMAND CENTER,NCCC Room,,,Closed,34.17787,1.074708
20201206161655673017,06/12/2020 16:16,Namuwongo Kabalagala,Fire,Female Fire,,Call or Ask for Help,Yahaya,0752980899,Near IHK Hospital-Namuwongo abig tree has fallen on electric wires thus blocking the road.,Kabalagala,Kabalagala,NCCC Room,,,Delivered,32.5821,0.304581
20201206120641344018,06/12/2020 12:06,busabala entebbe road after kibuye,HOMICIDES,Death(Fire Out Breaks),,Call or Ask for Help,Andrew,787244829,reporting fire out break at above address,COMMAND CENTER,Old Kampala,NCCC Room,,,Dispatched,33.65119,-0.001105
20201201195533831027,01/12/2020 19:55,BAKULI NAMIREMBE ROAD OLD KAMPALA,Fire,Male Fire,,Call or Ask for Help,PETER,703255976,THERE IS FIRE OUT BREAK AT THE ABOVE ADDRESS,Old Kampala,Old Kampala,NCCC Room,,,Closed,,
20201128210732540020,28/11/2020 21:07,junior quarter oposite the home odongo jj,Fire,Male Fire,,Call or Ask for Help,John charles,781026951,There is fire outbreak at the above adressed,COMMAND CENTER,COMMAND CENTER,NCCC Room,,,Closed,,
20201128135239789023,28/11/2020 13:52,kawempe near mulago,Fire,Male Fire,,Call or Ask for Help,tonny,773798170,fire outbreak at above handle.,COMMAND CENTER,Kawempe,NCCC Room,,,Arrived,,
20201125162833016024,25/11/2020 16:28,behind elegu pol station.,Fire,Male Fire,,Call or Ask for Help,majid,754141767,house has caught fire at above handle,COMMAND CENTER,COMMAND CENTER,NCCC Room,,,Closed,,
20201120214201592025,20/11/2020 21:42,KINTU ROAD TO KUNYA,Fire,,,Call or Ask for Help,ANTONY,773500158,FIRE OUT BRAKE,Jinja Road,Jinja Road,NCCC Room,,,Closed,,
20201119103729510024,19/11/2020 10:37,busoga stage njeru buikwe dist,Fire,Male Fire,,Call or Ask for Help,kagame,753992830,house on fire at above address.,COMMAND CENTER,COMMAND CENTER,NCCC Room,,,Closed,33.15197,0.428749
20201119093557004024,19/11/2020 09:35,bumbobi s/c mabale munc,Fire,Male Fire,,Call or Ask for Help,anthony,787259890,fire outbreak at above place please handle.,COMMAND CENTER,COMMAND CENTER,NCCC Room,,,Closed,34.21548,1.015173
20201118201741845018,18/11/2020 20:17,sanjaja town along masaka- kampala highway in masaka city.,HOMICIDES,Death(Fire Out Breaks),,Call or Ask for Help,judith turyasungura,777536909,reporting fire out break set along the road and they wanted to burnt fuel tank which is moving on road plz take action imm.,COMMAND CENTER,COMMAND CENTER,NCCC Room,,,Closed,34.21569,1.099774
20201118192224047018,18/11/2020 19:22,matuga near oliver petrol station,HOMICIDES,Death(Fire Out Breaks),,Call or Ask for Help,babu,759855263,reporting fire out break at above address,Wakiso,Wakiso,NCCC Room,,,Closed,32.5293,0.458713
20201118102106502021,18/11/2020 10:21,SALAMA ROAD,Fire,Male Fire,,Call or Ask for Help,JOSEPH,751201858,HOUSE ON FIRE AT ABOVE LOCATION HANDLE.,COMMAND CENTER,Katwe,NCCC Room,,,Closed,,
20201117230517710018,17/11/2020 23:05,RAILWAY KASESE DISTRICT,HOMICIDES,Death(Fire Out Breaks),,Call or Ask for Help,BALUKU INNOCENT,774912223,"REPORTING FIRE OUT BREAK AT ABOVE ADDRESS,PLZ TAKE ACTION IMM.",COMMAND CENTER,COMMAND CENTER,NCCC Room,,,Closed,,
20201116053343102018,16/11/2020 05:33,Nsambya kabalagala,HOMICIDES,Death(Fire Out Breaks),,Call or Ask for Help,ali,757283464,"reporting fire out break at above address,plz taken action imm.",Kabalagala,Kabalagala,NCCC Room,,,Delivered,32.58058,0.304453
20201115123932797021,15/11/2020 12:39,Kapera Cawalzala Wakisu District,Fire,Male Fire,,Call or Ask for Help,Eriapa,776461531,"Reports fire out break at Kapera , Kyaliwasala in Wakisu District please assist him.",Kira Division,Kira Division,NCCC Room,,,Dispatched,32.63892,0.39481
20201115111353133014,15/11/2020 11:13,bweyogerere kasubi,Fire,,,Call or Ask for Help,musa,708187727,reports a house burning,Kira Division,Bweyogerere,NCCC Room,,,Closed,32.65841,0.348757
20201114202852713034,14/11/2020 20:28,ndeba,Fire,Male Fire,,Call or Ask for Help,john,774613018,fire outbreak in ndeba. katwe,Katwe,Katwe,NCCC Room,,,Closed,,
20201114103205309023,14/11/2020 10:32,Katwe,Fire,Female Fire,,Call or Ask for Help,unknown,705834091,Riots at Railway Crossing Katwe,COMMAND CENTER,COMMAND CENTER,NCCC Room,,,Closed,,
20201114100919378034,14/11/2020 10:09,KARUDO COMPLEX OPPOSITE CATHOLIC CHURCH IN LUWERO,Fire,Male Fire,,Call or Ask for Help,ASAF,785295977,REPORTED FIRE OUT BREAK AT KARUDO COMPLEX OPPOSITE CATHOLIC CHURCH IN LUWERO,COMMAND CENTER,COMMAND CENTER,NCCC Room,,,Closed,,
20201112124413179018,12/11/2020 12:44,BETWEEN DON PETROL STATION AND PLAN INTERNATIONAL OFFICE IN KAMULI DISTRICT,HOMICIDES,Death (by mob action),,Call or Ask for Help,SAMUEL,789364269,REPORTING FIRE OUT FIRE BREAK AT ABOVE ADDRESS.,COMMAND CENTER,COMMAND CENTER,NCCC Room,,,Closed,,
20201111180952940025,11/11/2020 18:09,moroto,Fire,,,Call or Ask for Help,imalingag,771484033,fire out break,COMMAND CENTER,COMMAND CENTER,NCCC Room,,,Closed,,
20201110033627384018,10/11/2020 03:36,bulabuli district,GENERAL CRIMES,Other Crimes in General,Arson (General),Call or Ask for Help,gidudu,778410778,reporting arson at above address plz handle it.,COMMAND CENTER,COMMAND CENTER,NCCC Room,,,Closed,34.30481,1.283759
20201110022628645021,10/11/2020 02:26,RING ROAD NEAR NDEBA KOBIL KATWE,Fire,Male Fire,,Call or Ask for Help,JOHN,701426275,A TRANSFOMER ON FIRE AT THE ABOVE ADDRESS,Katwe,Katwe,NCCC Room,,,Dispatched,32.56578,0.296097
20201107184800302044,07/11/2020 18:47,Twins stage muntungo binna,Fire,Male Fire,,Call or Ask for Help,Douglas,778886632,fire out on electrical pole at the above place.,Jinja Road,Kitintale,NCCC Room,,,Closed,,
20201107143955575023,07/11/2020 14:39,naguru kembabazi,Fire,Male Fire,,Call or Ask for Help,pc egesa,708468263,there is fire outbreak on a m/v near pol hqt,Jinja Road,Jinja Road,NCCC Room,,,Dispatched,,
20201107061410592016,07/11/2020 06:14,NASANA WEST 'B' CELL,Fire,Male Fire,,Call or Ask for Help,NTEGGE YASIN,753717846,Eletric pole caught fire at above places Plz respond,COMMAND CENTER,NANSANA,NCCC Room,,,Closed,33.18216,0.445009
20201106143827693018,06/11/2020 14:38,nanasana,HOMICIDES,Death(Fire Out Breaks),,Call or Ask for Help,peter,752242907,reporting electricity transformer which has caught fire at above address plz handle it imm.,COMMAND CENTER,NANSANA,NCCC Room,,,Dispatched,32.51896,0.378549
20201105090534451023,05/11/2020 09:05,kalugam in Iganga district,Fire,Male Fire,,Call or Ask for Help,Paul,775504789,Fire out break at kalugam in Iganga district handle imm,COMMAND CENTER,COMMAND CENTER,NCCC Room,,,Closed,33.4991,0.84451
20201105015231045020,05/11/2020 01:52,kiriatetet in hoima,Fire,,,Call or Ask for Help,KENETH,770514626,Fire out break at kiriatete in hoima,COMMAND CENTER,COMMAND CENTER,NCCC Room,,,Closed,31.3456,1.426753
20201104163652004024,04/11/2020 16:36,KAMULI MKT IN KAMULI DIST,Fire,Male Fire,,Call or Ask for Help,ABUBAKA,771895371,REPORTED FIRE OUTBREAK AT ABOVE.,COMMAND CENTER,COMMAND CENTER,NCCC Room,,,Closed,,
20201031231342607023,31/10/2020 23:13,Kirombe Makindye after the Barracks,Fire,Male Fire,,Call or Ask for Help,Godfrey,708478822,Electricity has shocked person and is unconcious,COMMAND CENTER,COMMAND CENTER,NCCC Room,,,Closed,,
20201031130730789024,31/10/2020 13:07,RUBBAGA,Fire,Male Fire,,Call or Ask for Help,HARUNA,702551429,REPORTED A TRUCK WHICH HAS COUGHT FIRE AT MAYORS GARDEN IN RUHA DIVISON IN RUBBAGA.,Old Kampala,Old Kampala,NCCC Room,,,Closed,32.54569,0.300667
20201031115936684011,31/10/2020 11:59,JINJA ROAD NEAR STEEL AND TUBE,OTHER LAWS,Traffic and Road Safety Act (Not categorised),,Call or Ask for Help,DANIEL,754696997,An accident along jinja road near steel and tube industry,Jinja Road,Jinja Road,NCCC Room,,,Closed,,
20201031102546290024,31/10/2020 10:25,KISUGU ROAD NEAR IHK KABALAGALA,Fire,Female Fire,,Call or Ask for Help,EMM,787921797,REPORTED ATRANSFORMER WHICH HAS COUGTH FIRE PLE RESPON.,COMMAND CENTER,Kabalagala,NCCC Room,,,Closed,32.60826,0.300869
20201027204440615031,27/10/2020 20:44,Kyebando kisalosalo,Fire,Male Fire,,Call or Ask for Help,Patrick,758500932,Reports fire out break at above area.,Kawempe,Kawempe,NCCC Room,,,Closed,,
20201027201456008031,27/10/2020 20:14,Natete Nakawuka Road,HOMICIDES,Other Death (Not Specified above),,Call or Ask for Help,Gadaffi,709836917,Reports Umeme wire on the road killing sofar one at the above area.,Katwe,Natete,NCCC Room,,,Closed,,
20201026132151131022,26/10/2020 13:21,BUBUTO NAMISINDWA,Fire,Male Fire,,Call or Ask for Help,JAMES,773396287,CALL AND REPORETED ELECTIC WIRE HAS FOLLEN DOWN IN TO WATER AND ITS BURNING HANDLE IT IMM.,COMMAND CENTER,COMMAND CENTER,NCCC Room,,,Closed,,
20201026093924587020,26/10/2020 09:39,maya in wakiso,Fire,Male Fire,,Call or Ask for Help,Wasaliwa,776288007,There is fire at maya in wakiso,Wakiso,Wakiso,NCCC Room,,,Closed,33.90458,0.292983
20201025151306737028,25/10/2020 15:13,katikamu luwero,Fire,Female Fire,,Call or Ask for Help,charles,779540027,Fire out break at katikamu in luwero district.,COMMAND CENTER,COMMAND CENTER,NCCC Room,,,Closed,,
20201025120455219034,25/10/2020 12:04,navero in kawempe,Fire,Male Fire,,Call or Ask for Help,Jerad,782490933,fire out break in navero in kawempe,Kawempe,Kawempe,NCCC Room,,,Closed,,
20201023204352880022,23/10/2020 20:43,Wakiso Ndege T/c Paris s/c,Fire,Male Fire,,Call or Ask for Help,Christine,702698957,Reports fire outbreak at the adress said above please handle.,Wakiso,Wakiso,NCCC Room,,,Dispatched,,
20201023190103413029,23/10/2020 19:01,Nyende in masaka,Fire,Male Fire,,Call or Ask for Help,Mukude,754756055,"Fire out break at the above ddress,handle.",COMMAND CENTER,COMMAND CENTER,NCCC Room,,,Closed,,
20201022100520670018,22/10/2020 10:05,kasana masaka city,HOMICIDES,Death(Fire Out Breaks),,Call or Ask for Help,Temoganda Fred,753472131,,COMMAND CENTER,COMMAND CENTER,NCCC Room,,,Closed,31.76668,-0.323015
20201022003230656011,22/10/2020 00:32,KISHENYI CHRISTIAN CHURCH OPPOSITE OWINO MARKET,Fire,,,Call or Ask for Help,ERIA,782032137,Reports fire outbreak at the above church,Old Kampala,Old Kampala,NCCC Room,,,Closed,,
20201021223256255025,21/10/2020 22:32,"Luwero Kakoni ,Zirobwe Road in Luwero District.",Fire,Male Fire,,Call or Ask for Help,Nathan,704249512,Fire out break at the above place pliz handle imm.,COMMAND CENTER,COMMAND CENTER,NCCC Room,,,Closed,,
20201021215953396011,21/10/2020 21:59,LUWERO KING GEOGE JUNIOR SCHOOL KAKONI,Fire,Male Fire,,Call or Ask for Help,MAVIN,704249512,Fire break at the above school,COMMAND CENTER,COMMAND CENTER,NCCC Room,DPC called fire brigade and dispatched them to respond the incident.,Treated as Criminal Case,Fed back,,
20201020222018811020,20/10/2020 22:20,Nakulongo,Fire,Male Fire,,Call or Ask for Help,Onyango,755232599,There is fire at Nakulongo in Natete,Katwe,Natete,NCCC Room,,,Closed,,
20201020172219885013,20/10/2020 17:22,Gayaza road kanyanya fish industry in kawempe,Fire,Male Fire,,Call or Ask for Help,kamya,700725799,fire outbreak at the above address in kawempe,Kawempe,Kanyanya,NCCC Room,,,Received,,
20201020105416076027,20/10/2020 10:54,NASA RD in Kampala,Fire,Male Fire,,Call or Ask for Help,ISMA,789108142,that there is fire out break at the above place.,CPS Kampala,Kampala CPS,NCCC Room,,,Dispatched,,
20201020091310036019,20/10/2020 09:13,Bulamba Mityana District.,Fire,Male Fire,,Call or Ask for Help,Geoffrey,777760130,Reports fire outbreak on a building at the above address please respond imm.,COMMAND CENTER,COMMAND CENTER,NCCC Room,,,Closed,,
20201018045938228037,18/10/2020 04:59,Milo Mwenda Busia,GENERAL CRIMES,Other Crimes in General,other penal code offences (not categorized),Call or Ask for Help,Namude Beatrace,780477435,Reports fire outbreak at Milo 9 in Busia Police needed urgently,COMMAND CENTER,COMMAND CENTER,NCCC Room,,,Closed,34.08682,0.462981
20201016002247300020,16/10/2020 00:22,Kalerwe old Bwaise road Kawempe Division.,Fire,Male Fire,,Call or Ask for Help,Michael,770538552,Reports fire out beeak at the above address please handle and give us feed back imm.,Kawempe,Kawempe,NCCC Room,,,Dispatching,,
20201016000905160018,16/10/2020 00:09,mabule road near bwaise,HOMICIDES,Death(Fire Out Breaks),,Call or Ask for Help,ronald,700426315,reporting fire out break at above address plz handle it imm,Kawempe,Kawempe,NCCC Room,,,Arrived,,
20201014143453364018,14/10/2020 14:34,KAZIGA ZONE KASANGATI,HOMICIDES,Death(Fire Out Breaks),,Call or Ask for Help,PAUL,784336299,"REPORTING FIRE OUT BREAK AT ABOVE ADDRESS,PLZ HANDLE IT IMM.",Kasangati,Kasangati,NCCC Room,,,Dispatched,32.60527,0.43705
20201014100130982044,14/10/2020 10:01,BUGIRI OPPOSITE FORMER BUSOGA UNIVERSITY,Fire,,,Call or Ask for Help,ISAAC,789646180,REPORTS ELECTRIC WIRES THAT HAVE FALLEN DOWN AND ARE BURNING HANDLE.,COMMAND CENTER,COMMAND CENTER,NCCC Room,,,Closed,,
20201013022248176014,13/10/2020 02:22,BUKOTO,Fire,,,Call or Ask for Help,NAKATO,781457348,FIRE OUT BREAK AT BUKOTO ALONG NAMULI ROAD IN KAMPALA DIST,Kiira Road,Kiira Rd,NCCC Room,,,Closed,32.60397,0.350479
20201012120916709022,12/10/2020 12:09,Lusaka Kirombe in Makindye,Fire,Male Fire,,Call or Ask for Help,Stephen,777641313,Reports fire out break at the above said address please handle imm.,Katwe,MAKINDYE,NCCC Room,,,Dispatched,,
20201012055917525014,12/10/2020 05:59,MULAGO,OTHER LAWS,,,Call or Ask for Help,BUKENYA,700306203,FIRE OUT BREAK AT MULAGO KISAWE WANDEGEYA KAMPALA DISTRICT,Wandegeya,Wandegeya,NCCC Room,,,Closed,32.57638,0.343315
20201012042508676026,12/10/2020 04:25,makindye,Fire,Male Fire,,Call or Ask for Help,Masedina,703975811,Reports fire outt break at the above address please handle.,Katwe,MAKINDYE,NCCC Room,,,Closed,32.5774,0.287076
20201011034731329026,11/10/2020 03:47,Nsambiya,Fire,Female Fire,,Call or Ask for Help,Babirye,751751245,Reports fire out break at the above address please respond.,Kabalagala,Kabalagala,NCCC Room,,,Closed,32.58789,0.300885
20201008103544137035,08/10/2020 10:35,namwendwa road in kamuli dist,Fire,Male Fire,,Call or Ask for Help,mathew,702409682,fire outbreak at above adress,COMMAND CENTER,COMMAND CENTER,NCCC Room,,,Closed,,
20201007222158922011,07/10/2020 22:21,grand ma kisenyi mbarara district,Fire,Male Fire,,Call or Ask for Help,bright,700616900,reports fire at grand ma school in kisenyi mbarara,COMMAND CENTER,COMMAND CENTER,NCCC Room,,,Closed,,
20201007221333005023,07/10/2020 22:13,Mbarara Taxi park in Mbarara City.,Fire,Male Fire,,Call or Ask for Help,Ismail,775274861,Fire out break at the above address please handle imm.,COMMAND CENTER,COMMAND CENTER,NCCC Room,,,Closed,,
20201006214645596028,06/10/2020 21:46,Naguru godown in Jinja road.,Fire,Male Fire,,Call or Ask for Help,Ronald mutebi,778522090,"Areport of fire outbreak at the above address,handle.",Jinja Road,Jinja Road,NCCC Room,,,Dispatched,,
20201006214420255021,06/10/2020 21:44,Setume petrol station Mukono District.,Fire,Male Fire,,Call or Ask for Help,Lawrence,702496341,Fire out break at the above address please handle imm.,Mukono,Mukono,NCCC Room,"REPORTED TO CONTROLER, RAIN BASE AND CASABALAGA 3 THEY ARE 0N THE WAY TO THE SCANE",Treated as Criminal Case,Fed back,,
20201006201008743018,06/10/2020 20:10,TOTAL PETROL SEGUKU,HOMICIDES,Death (Traffic Accidents ),,Call or Ask for Help,SABAGALA,772520882,"REPORTING FIRE OUT BREAK AT ABOVE ADDRESS,PLZ HANDLE IT",Kajjansi,Kajjansi,NCCC Room,,,Closed,32.55118,0.235112
20201006100740829026,06/10/2020 10:07,wakaliga natete,Fire,Male Fire,,Call or Ask for Help,david,759169366,there is fire out break at wakaliga in natete please handle,Katwe,Natete,NCCC Room,,,Dispatched,32.54293,0.301222
20201005234725826034,05/10/2020 23:47,kawanda. wakiso dist.,Fire,Male Fire,,Call or Ask for Help,wilfred,704589786,reports fire outbreak in kawanda wakiso district.,Wakiso,Wakiso,NCCC Room,,,Closed,32.56417,0.414841
20201005202747110026,05/10/2020 20:27,Danida in Jinja district,Fire,Male Fire,,Call or Ask for Help,Nangobi,705514335,Reports Fire out break at the above address please respond.,COMMAND CENTER,COMMAND CENTER,NCCC Room,,,Closed,,
20201005170725774025,05/10/2020 17:07,KABERAMAIDO MARKET STREET,Fire,Male Fire,,Call or Ask for Help,ARON,785004049,REPORTED A TRANSFORM WHICH HAS COUGHT FIRE AT ABOVE LOCATION PLEASE HANDLE.,COMMAND CENTER,COMMAND CENTER,NCCC Room,,,Closed,,
20201003113505211028,03/10/2020 11:35,"Kikubamutwe, kataba in kabalagala.",Fire,Female Fire,,Call or Ask for Help,Keffa,708854811,"An electric pole has caught fire at the a bove address,handle.",Kabalagala,Kabalagala,NCCC Room,,,Closed,32.56177,0.210522
20201001035115292011,01/10/2020 03:51,KYENGERA OPPOSITE EQUITY BANK,Fire,Male Fire,,Call or Ask for Help,PAUL,759834774,Reported Fire Out Break at Kyengera Opposite Equity Bank in Nateete,Katwe,Natete,NCCC Room,,,Closed,32.49994,0.292852
20200930201057598018,30/09/2020 20:10,Mpampire masaka road mpigi district,HOMICIDES,Other Death (Not Specified above),,Call or Ask for Help,Benard kiwanuka,702333297,"reporting transformer has cauht fire and might burn people houses at above address,plz handle it.",COMMAND CENTER,COMMAND CENTER,NCCC Room,,,Closed,32.29872,0.193332
20200930104444379031,30/09/2020 10:44,rwakalaba kabale near the road block,Fire,Male Fire,,Call or Ask for Help,Unknown,704720027,fire outbreak at the above address,COMMAND CENTER,COMMAND CENTER,NCCC Room,,,Closed,,
20200927020312297011,27/09/2020 02:03,KIGANDA CHURCH,Fire,,,Call or Ask for Help,RASID,779343162,Transformer is on fire at kiganda church,Old Kampala,Old Kampala,NCCC Room,,,Closed,32.57442,0.307596
20200926163613596027,26/09/2020 16:36,Fire out break Kitumba in Kabale,Fire,Male Fire,,Call or Ask for Help,Niwagaba,773451737,There is fire out break at the above place.,COMMAND CENTER,COMMAND CENTER,NCCC Room,,,Closed,,
20200926162644278019,26/09/2020 16:26,kituba kigezi factory in kabale district,HOMICIDES,Death(Fire Out Breaks),,Call or Ask for Help,luwagala,773451737,there is fire out break at kituba kigazi factory in kabale district plize handle,COMMAND CENTER,COMMAND CENTER,NCCC Room,,,Closed,,
20200926124507026012,26/09/2020 12:45,mengo hospital in old kampala,Fire,Male Fire,,Call or Ask for Help,mohamed,776378780,REPORTED FIRE OUT BREAK AT MENGO HOSPITAL IN OLD KAMPALA,Old Kampala,Old Kampala,NCCC Room,,,Dispatched,,
20200924100627875023,24/09/2020 10:06,Makindye,HOMICIDES,Death(Fire Out Breaks),,Call or Ask for Help,Ssentongo,772473496,fire out break in Makindye near the Church st Agustine,Katwe,MAKINDYE,NCCC Room,,,Closed,32.41827,0.329075
20200923125705660034,23/09/2020 12:57,Seeta Namilyango road,Fire,Male Fire,,Call or Ask for Help,sekaty,751798176,There is fire at seeta Namilyango in mukono.,Mukono,Mukono,NCCC Room,,,Closed,,
20200922213625370025,22/09/2020 21:36,kikandwa kasanda,Fire,Male Fire,,Call or Ask for Help,saul,758526232,petrol station has cought fire at kkykandwa kasanda,COMMAND CENTER,COMMAND CENTER,NCCC Room,,,Closed,,
20200922212645921014,22/09/2020 21:26,kissda mbogo mubende,Fire,Male Fire,,Call or Ask for Help,enock,778502290,reports that a fuel tank has got fire handle,COMMAND CENTER,COMMAND CENTER,NCCC Room,,,Closed,,
20200922164612014028,22/09/2020 16:46,kasangati kitaka's house,Fire,Female Fire,,Call or Ask for Help,mariam,705258744,"FIRE AT KITAKA'S HOUSE IN KASANGATI PERISHING CHILDREN INSIDE, PLEASE HANDLE IMM....",Kasangati,Kasangati,NCCC Room,,,Closed,,
20200922124516295034,22/09/2020 12:45,Kinawataka,Fire,Male Fire,,Call or Ask for Help,Jackol,788469414,There is fire in Kinawataka in kira division.,COMMAND CENTER,COMMAND CENTER,NCCC Room,,,Closed,,
20200921211458772031,21/09/2020 21:14,Bombo road around magonyo in kawempe division.,OTHER LAWS,Traffic and Road Safety Act (Not categorised),,Call or Ask for Help,Hassan,781563525,Reporting serious accident at above adress please handle.,Kawempe,Kawempe,NCCC Room,Dpc Kawempe Police Stn was contacted on tel no0714667780 who dispatched a M/V UP2401 commanded by Cpl Mugume on tel no 0701336800 who informed that one dead body taken to Mulago City mourtuary.,Treated as Criminal Case,Fed back,,
20200921173401445028,21/09/2020 17:33,kitala,Fire,Male Fire,,Call or Ask for Help,lamula,751766195,male fire at above pliz handle,COMMAND CENTER,Entebbe,NCCC Room,"Oc fire and rescue services Entebbe division Asp Karahukayo Steephen on tel 0714667809 ,confirms the fire out brake that occurred at Moka energy in kitala garuga katabi town council wakiso district,that akanta whose details have been kept for the purpose of investigations had come to consume fuel, the exhause pipe was hot due to long distance it had moved caught fire ,03 pumps,02 vehicles Toyota details kept for investigation purpose,private cameras at moka energy,windows etc got burnt,investigations into the matter is going on ata Entebbe police station.",Treated as Criminal Case,Fed back,,
20200920202418022025,20/09/2020 20:24,MAKERERE,Fire,Male Fire,,Call or Ask for Help,47827 PC OCEN ANDREW,10623,FIRE AT THE ABOVE ADDRESS,Wandegeya,Wandegeya,NCCC Room,,,Delivered,,
20200920040142398031,20/09/2020 04:01,Kubiri wandegeya,Fire,Female Fire,,Call or Ask for Help,Saulo,751680203,Reports fire at the above area.,Wandegeya,Wandegeya,NCCC Room,,,Closed,32.56997,0.364234
20200920005322310011,20/09/2020 00:53,MAKERE UNIVERSITY,Fire,,,Call or Ask for Help,SHESIRO,752141792,Fire outbreak at Makere university,Wandegeya,Wandegeya,NCCC Room,,,Closed,32.57616,0.33798
20200919121927101024,19/09/2020 12:19,Kafumbe mukasa road old kampala Div.,Fire,Male Fire,,Call or Ask for Help,Ronny,789950775,Fire out break on the Electricity pole at the above address please handle and give us feedback imm.,Old Kampala,Old Kampala,NCCC Room,,,Closed,,
20200918220247544012,18/09/2020 22:02,LAGOON MINISTERS VILLAGE NTINDA,Fire,Male Fire,,Call or Ask for Help,BRIAN,705579483,FIRE OUT BREAK AT THE ABOVE ADRESS PLEASE HANDLE IMM,Kiira Road,Kiira Rd,NCCC Room,,,Closed,,
20200918154840208025,18/09/2020 15:48,LUGANDU SUN COUNTY RWAMPARA DISRICT,Fire,Male Fire,,Call or Ask for Help,RAYUGAYA,784599097,THERE IS FIRE OUT BREAK AT LUGANDU SUB COUNTY IN RWAMPARA DISTRICT PLEASE HANDLE,COMMAND CENTER,COMMAND CENTER,NCCC Room,,,Closed,,
20200917152312243019,17/09/2020 15:23,KUMABARACK HAER MAKINDYE BARRACKS IN KAMPALA,Fire,Male Fire,,Call or Ask for Help,FRANK,706343305,THERE IS FIRE OUT BREAK AT ABOVE ADRESS,Kabalagala,Kabalagala,NCCC Room,,,Dispatched,,
20200916025528072024,16/09/2020 02:55,Nsambya police barracks towards market Katwe Div.,Fire,Male Fire,,Call or Ask for Help,George,759759100,fire out break at the above address please handle and give us feedback imm.,Katwe,Katwe,NCCC Room,,,Closed,32.58986,0.304671
20200915103216972014,15/09/2020 10:32,MENGO,Fire,,,Call or Ask for Help,EMMA,782897271,FIRE OUT BREAK AT MENGO ALONG SENTAMA ROAD MENGO KAMPALA DIST,Old Kampala,Old Kampala,NCCC Room,,,Closed,,
20200914194236371018,14/09/2020 19:42,"kiyunga town,Nagalama mukono district",HOMICIDES,Death(Fire Out Breaks),,Call or Ask for Help,Walikira Stevin,706299261,There is Electricity pole is on fire and is blocking the road at above address.,Nagalama Div.,Nagalama,NCCC Room,,,Closed,,
20200913200334896017,13/09/2020 20:03,Kaboa Entebbe,Fire,Male Fire,,Call or Ask for Help,Betty,776785403,At Kaboa Entebbe a church is on fire Please handle.,COMMAND CENTER,COMMAND CENTER,NCCC Room,The message was meant to be for kajansi police station not Entebbe since kaboa is under kajansi,Treated as Criminal Case,Closed,,
20200913114103778036,13/09/2020 11:41,kasese mawa market,Fire,Male Fire,,Call or Ask for Help,chairman,783047444,fire outbreak at mawa market in kasese please respond immediately,COMMAND CENTER,COMMAND CENTER,NCCC Room,,,Closed,30.0781,0.18239
20200912183127039025,12/09/2020 18:31,OHURU DRIVE ROAD NEAR THE MOSQUE IN KITGUM DISTRICT,OTHER LAWS,Traffic and Road Safety Act (Not categorised),,Call or Ask for Help,IVAN,758792742,A TRANSFORMER IS BURNING ALONG OHURU DRIVE ROAD NEAR THE MOSQUE IN KITGUM DISTRICT,COMMAND CENTER,COMMAND CENTER,NCCC Room,,,Closed,,
20200911144112053044,11/09/2020 14:41,Bulenga,Fire,Male Fire,,Call or Ask for Help,Unknown,705138570,"Reports Fire outbreak at Bulenga, please respond",COMMAND CENTER,COMMAND CENTER,NCCC Room,,,Closed,,
20200909220830560032,09/09/2020 22:08,Kauku Nakajembe,Fire,Male Fire,,Call or Ask for Help,Laban,780410158,There is fire at kauku Nakajembe in Rukungiri district.,COMMAND CENTER,COMMAND CENTER,NCCC Room,,,Closed,,
20200908150637471014,08/09/2020 15:06,MPERERWE,Fire,,,Call or Ask for Help,IVAN,754626690,THERE IS FIRE SPARKING ON AIRTEL BOOSTER AT MPERERWE KASANGATI IN WAKISO DIST,Kasangati,Kasangati,NCCC Room,,,Dispatched,32.56634,0.38481
20200908013527292022,08/09/2020 01:35,KITEMO MASAKA ROAD AFTER KYENGERA IN WAKISO DISTRICT,Fire,Male Fire,,Call or Ask for Help,SATIA,702837390,THERE IS FIRE OUT BREAK AT KITEMO MASAKA ROAD,COMMAND CENTER,COMMAND CENTER,NCCC Room,,,Closed,,
20200907211700718024,07/09/2020 21:16,Oludri in Arua,OTHER LAWS,Traffic and Road Safety Act (Not categorised),,Call or Ask for Help,Amati David,785518845,Accident at the above place and its causing commotion.,COMMAND CENTER,COMMAND CENTER,NCCC Room,,,Closed,,
20200904201740458011,04/09/2020 20:17,kijuma zone in kyenjojo,Fire,Male Fire,,Call or Ask for Help,jane,700926548,"At Kijuma Zone in kyenjojo District,An Electric pole with Live wires has fallen down",COMMAND CENTER,COMMAND CENTER,NCCC Room,,,Accepted,30.6244,0.604907
20200904084933466017,04/09/2020 08:49,Wakiso District,Fire,Female Fire,,Call or Ask for Help,Semogerere,774038076,"At Nakabugo Bulaga Mityana road both Transformer and electric poles are on fire,Please respond.",COMMAND CENTER,COMMAND CENTER,NCCC Room,,,Received,32.48805,0.357206
20200903225838217022,03/09/2020 22:58,BUWALI NSANGI,Fire,Male Fire,,Call or Ask for Help,FLAVIA,756393470,REPORTS FIREOUT BREAK AT BUWALI NSANGI .,Nsangi,Nsangi,NCCC Room,,,Accepted,,
20200903225659163014,03/09/2020 22:56,BUWALI,Fire,,,Call or Ask for Help,RUTH,751203730,THRER FIRE OUT BREAK AT BUWALI NSANGI INN WAKISO DISTRICT,Nsangi,Nsangi,NCCC Room,,,Accepted,,
20200903001440439012,03/09/2020 00:14,KANYANYA GAS PETROL STATION,Fire,Male Fire,,Call or Ask for Help,SADADY,757816099,FIRE OUT BREAK AT THE ABOVE ADRESS PLEASE RESPOND IMM,Kawempe,Kanyanya,NCCC Room,,,Closed,,
20200831142214043032,31/08/2020 14:22,Stede A near ka.jjansi,Fire,Male Fire,,Call or Ask for Help,Stephen,705131747,There is wire of electric pole which has blocked the road at stede A near kajjansi,Kajjansi,Kajjansi,NCCC Room,,,Closed,,
20200830123258164012,30/08/2020 12:32,BANGA NEAR BANGA ARMY BARRACK ENTEBBE,Fire,Male Fire,,Call or Ask for Help,JULIUS,779777298,Fire out break at the above adress please respond imm,Entebbe,Entebbe,NCCC Room,,,Closed,32.45853,0.079962
20200830021227044037,30/08/2020 02:12,Masaka towards Viena,Fire,,,Call or Ask for Help,Ssemogerere,700368322,Reports fire outbreak in Timber Shops at Masaka towards Vienna.,COMMAND CENTER,COMMAND CENTER,NCCC Room,,,Closed,,
20200828205617348028,28/08/2020 20:56,Wakiso towards Advents Church before mango,Fire,Male Fire,,Call or Ask for Help,Nabukenya Margaret,750438782,Reports fire out break and two kids burnt in the house.,Wakiso,Wakiso,NCCC Room,,,Dispatched,,
20200828194723607032,28/08/2020 19:47,Busega in Lubaga Division,Fire,Male Fire,,Call or Ask for Help,Derick,706084899,Fire out Break at the above place,Old Kampala,Old Kampala,NCCC Room,,,Dispatched,,
20200828150430088034,28/08/2020 15:04,"kamuli, mukulumbi sty",Fire,Male Fire,,Call or Ask for Help,Abel,01125468640,"reports fire out break in kamuli, mukulumbi sub cty. tel no of informer 0756172599",COMMAND CENTER,COMMAND CENTER,NCCC Room,,,Closed,,
20200827132308254012,27/08/2020 13:23,PEARLS HOTEL KYENGERA,Fire,Male Fire,,Call or Ask for Help,BADIRU,753452925,REPORTED FIRE OUT BREAK AT PEARLS HOTEL KYENGERA IN NSANGI,Nsangi,Nsangi,NCCC Room,,,Arrived,,
20200826224945704022,26/08/2020 22:49,KIREKU COFFEE FACTORY BWEYOGERERE,Fire,Male Fire,,Call or Ask for Help,OKELLO FRED,,REPORTS FIRE OUTBREAK AT KIREKU COFFEE FACTORY BWEYOGERERE.,Kira Division,Bweyogerere,NCCC Room,,,Dispatched,,
20200826154410789013,26/08/2020 15:44,Kyebando in kira Road.,Fire,Male Fire,,Call or Ask for Help,Hasifer,786956951,Fire out break at the above place pliz handle.,Kiira Road,Kiira Rd,NCCC Room,,,Dispatched,,
20200826033251616012,26/08/2020 03:32,Rubugumu ndejje katwe,Fire,Male Fire,,Call or Ask for Help,PAUL,772868713,Fire out break at the above adress please handle imm,Katwe,Katwe,NCCC Room,,,Closed,32.58641,0.223911
20200825212143502034,25/08/2020 21:21,banga chatolic near kyamboago uiversity,Fire,,,Call or Ask for Help,benard,772521486,reports fire outbreak in above place.,Kiira Road,Kisaasi/Kyanja,NCCC Room,,,Closed,,
20200825211819468012,25/08/2020 21:18,banda primary school Jinja road,Fire,Male Fire,,Call or Ask for Help,ERICK,788593907,Fire out break at the above adress,Jinja Road,Jinja Road,NCCC Room,,,Closed,,
20200824055720605018,24/08/2020 05:57,OLD Kampala,Fire,Male Fire,,Call or Ask for Help,Majojo,783762365,fire out break at Kigulu Kagugube in Old Kampala,Old Kampala,Old Kampala,NCCC Room,,,Received,32.56483,0.320728
20200822011355946019,22/08/2020 01:13,Near Kitoro stage Makindye,Fire,Male Fire,,Call or Ask for Help,Simon,751713351,Fire out break at the above address please handle imm.,Katwe,MAKINDYE,NCCC Room,,,Closed,,
20200821013021730019,21/08/2020 01:30,Kirinya road Jinja city.,Fire,Male Fire,,Call or Ask for Help,Bubaka,781920579,,COMMAND CENTER,COMMAND CENTER,NCCC Room,,,Closed,33.21382,0.431149
20200820225753129044,20/08/2020 22:57,Kasubi,Fire,Female Fire,,Call or Ask for Help,Derick,704407961,"An Electric pole has caught fire at Kasubi zone 3, please handle",COMMAND CENTER,COMMAND CENTER,NCCC Room,,,Closed,,
20200820225021486011,20/08/2020 22:50,Chikoo kasubi in old k'la.,Fire,Female Fire,,Call or Ask for Help,kamya,700656980,"Electrict pole has caught fire at the above address,handle.",Old Kampala,Old Kampala,NCCC Room,,,Closed,,
20200820213605339027,20/08/2020 21:36,Kaguma Maganzo along Bombo Road in Wakiso District,Fire,,,Call or Ask for Help,Marvin,759822444,Repotrs Electrict Poll felt down at Kaguma T/c near Magazo along Bombo Road in Wakiso District please handle imm.,Wakiso,Wakiso,NCCC Room,,,Arrived,,
20200820032239416019,20/08/2020 03:22,mawanda road Kalerwe kiira road Div.,Fire,Male Fire,,Call or Ask for Help,samuel,754590611,fire out break at the above address handle imm.,Kiira Road,Kiira Rd,NCCC Room,,,Dispatched,,
20200819202353176018,19/08/2020 20:23,kireka kinawataka road,HOMICIDES,Death(Fire Out Breaks),,Call or Ask for Help,samuel,757774430,"reporting electricity pole which has caught fire at above address,please handle imm.",Jinja Road,Jinja Road,NCCC Room,,,Dispatched,,
20200819151544373044,19/08/2020 15:15,Ndeeba,Fire,Male Fire,,Call or Ask for Help,Unknown,,Reports Fire outbreak at Ndeeba opposite Total petrol station,COMMAND CENTER,COMMAND CENTER,NCCC Room,,,Closed,,
20200819101246627034,19/08/2020 10:12,GUDA LANDING SITE ENTEBBE,Fire,Male Fire,,Call or Ask for Help,SAM,753906347,FIRE OUT BREAK AT THE ABOVE PLACE PLIZ HANDLE.,COMMAND CENTER,COMMAND CENTER,NCCC Room,,,Closed,,
20200819100938888012,19/08/2020 10:09,GUDA NEXT TO KITUBULU,Fire,Male Fire,,Call or Ask for Help,waswa,787625832,FIRE OUT BREAK AT GUDA NEXT TO KITUBULU LANDING SITE IN ENTEBBE,Entebbe,Entebbe,NCCC Room,"UP 2345 UNDER THE COMMAND OF ASP KARUHAYO STEPHEN,OC FIRE ENTEBBE ON 0782978111, REACHED AT THE SCENE OF FIRE AT DUDDA LANDINGSITE IN ENTEBBE AND HANDLESD THE SITUATION SUCCESSFULLY.ONE PERSON SUSTAINED INJURIES AND WAS RASHED AT HOSPITAL.",Treated as Criminal Case,Fed back,,
20200817231020919013,17/08/2020 23:10,WANDEGEYA,Fire,,,Call or Ask for Help,JOSEPHAT,702240958,FIRE OUT BREAK IN WANDEGEYA JB HOSTEL BUILDING WANDEGEYA KAMPALA DIST,Wandegeya,Wandegeya,NCCC Room,,,Arrived,,
20200817110306977013,17/08/2020 11:03,KYWAFU ENTEEBE OPPOSITE QUEEN PRIMARY SCHOOL,Fire,Male Fire,,Call or Ask for Help,BEN,754433835,REPORTED FIRE OUT BREAK AT KYWAFU OPPOSITE QUEEN PRIMARY SCHOOL IN ENTEBBE,COMMAND CENTER,Entebbe,NCCC Room,"UP 2345 under the command of no 59698 Mataya George on Tel 0774284945 on arrival ,found out the situation has been handled.",Treated as Criminal Case,Closed,,
20200816141555392020,16/08/2020 14:15,kalamba,Fire,Male Fire,,Call or Ask for Help,nicholas,773611145,REPORTED FIRE OUT BREAK AT KALAMBA IN MUBENDE PLIZ HANDLE,COMMAND CENTER,COMMAND CENTER,NCCC Room,,,Closed,,
20200815220442452020,15/08/2020 22:04,mbarara market,Fire,Male Fire,,Call or Ask for Help,Boaz omuriti,773638373,There is fire reported in mbarara market plz handle imm.,COMMAND CENTER,COMMAND CENTER,NCCC Room,,,Closed,,
20200815215650906026,15/08/2020 21:56,Kikona Mbarara District,Fire,Male Fire,,Call or Ask for Help,AMPRIRE,701697000,Reports fire out Break at the above address please handle.,COMMAND CENTER,COMMAND CENTER,NCCC Room,,,Closed,,
20200815005737604031,15/08/2020 00:57,kumi-soroti high way,Fire,Male Fire,,Call or Ask for Help,edrisa,701817555,FUEL TRUCK HAS CAUGHT FIRE IN THE ABOVE PLACE,COMMAND CENTER,COMMAND CENTER,NCCC Room,,,Closed,,
20200814110422019034,14/08/2020 11:04,"kasanye road, entebbe",Fire,Female Fire,,Call or Ask for Help,gretty,703150147,reports transformer has cought fire in kasanye rd in entebbe.,Entebbe,Kasanje,NCCC Room,"Oc fire and rescue services Entebbe division Asp Karaukayo stephen on tel 0718851427 confirmed the fire out brake at kasenyi road,that it was put off by umeme Entebbe branch before police responded,one staff of umeme sustained minor injuries and was rushed to un known medical facility how ever the situations on ground is normal and calm iwill come up with the particulars of the injured umeme staff later.",Treated as Criminal Case,Closed,,
20200814094952825020,14/08/2020 09:49,kira,Fire,Male Fire,,Call or Ask for Help,alex,703474421,kasokoso in kira division threre is fire out break,Kira Division,Kira Division,NCCC Room,,,Dispatched,,
20200813215030496017,13/08/2020 21:50,Old taxi park,Fire,Male Fire,,Call or Ask for Help,Gerald,750765387,At old taxi park there is a house on fire Please handle.,Old Kampala,Old Kampala,NCCC Room,,,Dispatched,,
20200813214544875014,13/08/2020 21:45,nyenje mukono,Fire,Female Fire,,Call or Ask for Help,stavio,700784762,called and reported that the transformer at nyenje spucking producing flames of fire.,Wakiso,Wakiso,NCCC Room,,,Closed,,
20200813202647611023,13/08/2020 20:26,Nimirembe muwalo old k'la,Fire,Male Fire,,Call or Ask for Help,su,789958489,Fire outbreak at the bove Address,Old Kampala,Old Kampala,NCCC Room,,,Dispatching,,
20200813133042341024,13/08/2020 13:30,Makyenye,Fire,Male Fire,,Call or Ask for Help,Habert,779524728,Fire out break,Katwe,MAKINDYE,NCCC Room,,,Closed,,
20200812204121987013,12/08/2020 20:41,second street behind Bukedi build.,Fire,Male Fire,,Call or Ask for Help,Isaac,751722623,FIRE OUT BREAK AT SECOND STREET BEHIND BUKEDI BUILD. HANDLE,Jinja Road,Jinja Road,NCCC Room,,,Dispatched,,
20200812122052006032,12/08/2020 12:20,Kaseka near National house and finan,Fire,Male Fire,,Call or Ask for Help,Peter,781504739,There is fire at kaseka near national house and finance in mbarara.,COMMAND CENTER,COMMAND CENTER,NCCC Room,,,Closed,,
20200812043636739019,12/08/2020 04:36,Ishaka Bushenyi District.,Fire,Male Fire,,Call or Ask for Help,Baguma,772795068,serious fire outbreak at the above adress plz handle imm.,COMMAND CENTER,COMMAND CENTER,NCCC Room,,,Closed,30.14322,-0.54392
20200811182957435024,11/08/2020 18:29,nyenje mukono division,Fire,Male Fire,,Call or Ask for Help,sabia,700784762,Atransformer is spackling fire at Nyenje mukono division,Mukono,Mukono,NCCC Room,oc fire informed on 0704587931 to respond and confirmed responding.,Treated as Criminal Case,Fed back,,
20200811074510477031,11/08/2020 07:45,KISUNGU KASESE,Fire,,,Call or Ask for Help,AMBROSE,783706182,CALLED AND REPORTED FIRE OUTBREAK AT KISUNGU IN KASESE DISTRICT,COMMAND CENTER,COMMAND CENTER,NCCC Room,,,Closed,30.08252,0.183699
20200811074445048018,11/08/2020 07:44,Kijungu Nyakasanga in Kasese District,HOMICIDES,Other Death (Not Specified above),,Call or Ask for Help,Kule,753510223,Reporting fire out break at above address please handle imm.,COMMAND CENTER,COMMAND CENTER,NCCC Room,,,Closed,,
20200810213945647011,10/08/2020 21:39,MASAKA,Fire,,,Call or Ask for Help,FRANK,753377695,ELECTRICT POLE ON FIRE OPPOSITE UGANDA MATYRS P/S IN MASAKA,COMMAND CENTER,COMMAND CENTER,NCCC Room,,,Closed,,
20200810145243405018,10/08/2020 14:52,rubaga,HOMICIDES,Death(Fire Out Breaks),,Call or Ask for Help,samuel,751119494,reporting fire out break at rubaga,Old Kampala,Old Kampala,NCCC Room,,,Dispatched,,
20200810130253254019,10/08/2020 13:02,Ousafi Market old kampala Division.,Fire,Male Fire,,Call or Ask for Help,Olivia,706142363,There is fire out break at the above adress plz habdle imm.,Old Kampala,Old Kampala,NCCC Room,,,Dispatched,,
20200810113654775032,10/08/2020 11:36,ramwagwa trading centre,Fire,Male Fire,,Call or Ask for Help,Samuel,751263061,fire out break in the above place please respond immediately,COMMAND CENTER,COMMAND CENTER,NCCC Room,,,Closed,,
20200809234206992032,09/08/2020 23:42,muvule cresen,Fire,Male Fire,,Call or Ask for Help,Edry,704784624,There is fire in Muvule cresen in jinja district.,COMMAND CENTER,COMMAND CENTER,NCCC Room,,,Closed,,
20200809193926102034,09/08/2020 19:39,mbarara laong kakoba rd,Fire,Male Fire,,Call or Ask for Help,sarah,705304307,reports fire outbreak in mbarara along kakoba road.,COMMAND CENTER,COMMAND CENTER,NCCC Room,,,Closed,,
20200809025954662028,09/08/2020 02:59,KANYOGOGA NAMWONGO,Fire,Female Fire,,Call or Ask for Help,SUNDAY AGGREY,784088253,ELECTRIC POLE CAUGHT FIRE AT KANYOGOGA NAMWONGO IN KABALAGALA.,Kabalagala,Kabalagala,NCCC Room,,,Delivered,32.62336,0.301083
20200808231702445019,08/08/2020 23:16,WANDEGEYA,Fire,Male Fire,,Call or Ask for Help,DANIEL,775271633,FIRE OUT BREAK AT KAGUGUBE IN MAKERERE NEAR KIVULO WANDEGEYA,Wandegeya,Wandegeya,NCCC Room,,,Closed,,
20200808231658708022,08/08/2020 23:16,MAKERERE,Fire,Male Fire,,Call or Ask for Help,TITUS,770859645,REPORTS FIRE OUT BREAK AT NANA MAKERERE WANDEGEYA .,Wandegeya,Wandegeya,NCCC Room,,,Dispatched,,
20200808172536267023,08/08/2020 17:25,Mbogo kawempe division,Fire,Male Fire,,Call or Ask for Help,Annet,701662441,fire outbreake at Mbogo in kawempe division,Kawempe,Kawempe,NCCC Room,,,Closed,,
20200807235424677032,07/08/2020 23:54,Nakwade village,Fire,,,Call or Ask for Help,Safex,758039514,"There is fire at Nakwade village,in bulenga wakiso district.",Wakiso,Wakiso,NCCC Room,,,Arrived,,
20200807102135940019,07/08/2020 10:21,Jinja,Fire,Male Fire,,Call or Ask for Help,Mukwanga Bogere,758960326,Reports Fire outbreak at Lubasi road near the police station in Jinja,COMMAND CENTER,COMMAND CENTER,NCCC Room,,,Closed,,
20200807101740945028,07/08/2020 10:17,JINJA LUBAS RD NEAR GREEN SAMAS HARD WARE,Fire,Male Fire,,Call or Ask for Help,MUSTAFA,753159133,FIRE OUT BREAK AT GREEN SAMAS HARD WARE ALONG LUBAS RD IN JINJA DISTRICT.,COMMAND CENTER,COMMAND CENTER,NCCC Room,,,Closed,,
20200806213241959020,06/08/2020 21:32,Kawohe in Shema district.,Fire,Male Fire,,Call or Ask for Help,Karim,703060153,Fire out break at the above adress.,COMMAND CENTER,COMMAND CENTER,NCCC Room,,,Accepted,,
20200806144736372015,06/08/2020 14:47,Kiwafu Entebbe,Fire,Male Fire,,Call or Ask for Help,George,755114475,Reports fire outbreak at the above area handle imm.,Entebbe,Entebbe,NCCC Room,,,Dispatched,,
20200806000712915018,06/08/2020 00:07,NAKULABYE,HOMICIDES,Death(Fire Out Breaks),,Call or Ask for Help,SAFI,779300000,FIRE OUT BREAK AT ABOVE ADDRESS,COMMAND CENTER,Old Kampala,NCCC Room,,,Closed,32.29691,2.78055
20200806000418250020,06/08/2020 00:04,NAKULABYE NEAR KYEYUNE IN OLD KAMPALA,Fire,Male Fire,,Call or Ask for Help,MASEREKA,751347991,THERE IS FIRE OUT BREAK AT THE ABOVE ADDRESS,Old Kampala,Old Kampala,NCCC Room,,,Dispatched,,
20200803235804741031,03/08/2020 23:58,Kitigoma Buikwe District.,HOMICIDES,Death(Fire Out Breaks),,Call or Ask for Help,Isingoma,781101037,There is fire out break at the above adress please handle imm.,COMMAND CENTER,COMMAND CENTER,NCCC Room,,,Closed,33.12489,0.415839
20200803234546395020,03/08/2020 23:45,kitigoma buikwe district,Fire,Male Fire,,Call or Ask for Help,majidi,700490798,fire outbreak at the above address,COMMAND CENTER,COMMAND CENTER,NCCC Room,,,Closed,,
20200803205422507016,03/08/2020 20:54,matuga mukiti wakiso,Fire,Male Fire,,Call or Ask for Help,braton,700341559,reports fire in the aove address.,Wakiso,Wakiso,NCCC Room,,,Delivered,,
20200803034259206026,03/08/2020 03:42,Masaka,Fire,Male Fire,,Call or Ask for Help,Fred,756028544,Reports fire out break at the above address please respond.,COMMAND CENTER,COMMAND CENTER,NCCC Room,,,Closed,,
20200731083806365018,31/07/2020 08:38,Bukoto street Akacia moll,HOMICIDES,Death(Fire Out Breaks),,Call or Ask for Help,stephen,775537418,reporting electricity burning and it may cause damage to the houses at above address please act imm.,Kiira Road,Kiira Rd,NCCC Room,,,Closed,32.58974,0.340952
20200731083751164031,31/07/2020 08:37,Bukoto Behind Akacha mall Kamwokya Kira road Division.,HOMICIDES,Death(Fire Out Breaks),,Call or Ask for Help,Laban,754929498,There is fire out break on the transformer and also a building handle imm.,Kiira Road,Kiira Rd,NCCC Room,,,Dispatched,,
20200730031046124032,30/07/2020 03:10,OMORO,OTHER LAWS,All other Acts,,Call or Ask for Help,ISAACH,0781799496,REPORTED SERIOUS ACCIDENT AT OMORO AS YOU ARE APPROACHING TO GULU.,COMMAND CENTER,COMMAND CENTER,NCCC Room,,,Closed,,
20200729201539958016,29/07/2020 20:15,kakajo near made farm bwogerere,Fire,Male Fire,,Call or Ask for Help,david,703587985,house burning in the above address,Kira Division,Bweyogerere,NCCC Room,,,Closed,30.71494,0.325524
20200727192233531043,27/07/2020 19:22,Kalagala village Mpigi District.,Fire,Male Fire,,Call or Ask for Help,Sserunjojo,700158588,Reports that there is fire out break at the above adress please handle imm.,COMMAND CENTER,COMMAND CENTER,NCCC Room,,,Closed,,
20200726083627790017,26/07/2020 08:36,Kumi District,Fire,Male Fire,,Call or Ask for Help,Osengor,772534861,At Edau road Kumi ahouse is on fire Please handle.,COMMAND CENTER,COMMAND CENTER,NCCC Room,,,Closed,33.93628,1.486534
20200726020626839020,26/07/2020 02:06,Mpigi near stanbic bank,Fire,Male Fire,,Call or Ask for Help,Salongo,788619545,There is m/v lorry which has got fire at mpigi near stanbic bank.,COMMAND CENTER,COMMAND CENTER,NCCC Room,,,Closed,32.32452,0.222409
20200726014552191020,26/07/2020 01:45,kateseni rwapanga,Fire,Male Fire,,Call or Ask for Help,twin,772575548,There is fire in Kateseni rwapanga in mbarara district.,COMMAND CENTER,COMMAND CENTER,NCCC Room,,,Closed,30.52481,-0.730999
20200725204746986014,25/07/2020 20:47,Makindye,Fire,Male Fire,,Call or Ask for Help,Unknown,788451774,"Reports Fire outbreak in a home at Makindye, please respond",COMMAND CENTER,COMMAND CENTER,NCCC Room,,,Dispatched,,
20200725174311358032,25/07/2020 17:43,NAJEERA IN KIRA DIVISIOON,Fire,Male Fire,,Call or Ask for Help,MARK,772401402,REPOTRD FIRE OUT BRAK AT NAJEERA BUCIBANTE OPPSITE KAGA GARDENS IN KIRA DIVISION,COMMAND CENTER,Kira Division,NCCC Room,,,Received,,
20200724231752450024,24/07/2020 23:17,NAMAMVE KIREKO,Fire,,,Call or Ask for Help,,709984117,FIRE OUT BRASKE,Kira Division,Bweyogerere,NCCC Room,,,Delivered,,
20200724131153736014,24/07/2020 13:11,kabale ruhanki division,Fire,Female Fire,,Call or Ask for Help,Jasper Musingushi,752939994,Fire out break at mention address handle it.,COMMAND CENTER,COMMAND CENTER,NCCC Room,,,Closed,,
20200724130202378019,24/07/2020 13:01,nsabya kirombe kampala,Fire,,,Call or Ask for Help,Adam,758561948,there is fire out break,Kabalagala,Kabalagala,NCCC Room,,,Closed,,
20200724125408997032,24/07/2020 12:54,MWENGO TOWN,Fire,Male Fire,,Call or Ask for Help,BOB,705977811,REPORTED FIRE OUT BREAK AT MWENGO TOWN NEXT TO MAIN HOSPITAL IN MWENGO DIST,COMMAND CENTER,COMMAND CENTER,NCCC Room,,,Closed,,
20200724094245645027,24/07/2020 09:42,Naguro go down,Fire,Male Fire,,Call or Ask for Help,Kakooza,771365241,there is fire out break at Naguru go down pliz handle.,Jinja Road,Jinja Road,NCCC Room,,,Closed,,
20200722055321981015,22/07/2020 05:53,Bugembe,Fire,Male Fire,,Call or Ask for Help,Isabirye,784025401,Reports fire outbreak at bugembe jinja,COMMAND CENTER,COMMAND CENTER,NCCC Room,,,Closed,33.24319,0.474933
20200721153254881019,21/07/2020 15:32,WAKISO. KASENGEJE,Fire,Male Fire,,Call or Ask for Help,FAITH,701214197,THERE IS FIRE OUTBREAK IN KASENGEJE IN WAKISO.,Wakiso,Wakiso,NCCC Room,,,Dispatched,,
20200721010302145034,21/07/2020 01:02,Ggaba taxi stage,HOMICIDES,Death(Fire Out Breaks),,Call or Ask for Help,Fred,702471913,Fire on the building at the above adress please handle imm.,Katwe,MAKINDYE,NCCC Room,,,Closed,,
20200719185147592017,19/07/2020 18:51,Nsambya,HOMICIDES,,,Call or Ask for Help,Faiso,703486727,At Kevina Nsambya fire out break,Kabalagala,Kabalagala,NCCC Room,,,Closed,,
20200719184703472012,19/07/2020 18:47,Nsambya kevina kabalagala,Fire,Male Fire,,Call or Ask for Help,Monday,754112183,there is fire out break from electrc pole at the above adress please handle imm,Kabalagala,Kabalagala,NCCC Room,,,Dispatched,,
20200718000840651013,18/07/2020 00:08,bugwere district,HOMICIDES,Death(Fire Out Breaks),,Call or Ask for Help,Robert,775491431,Fire out break at Idudi in Bugweri district respond,COMMAND CENTER,COMMAND CENTER,NCCC Room,,,Closed,33.6092,0.624923
20200716222214817028,16/07/2020 22:22,KIREKA ST. MATHIAS CHURCH,Fire,Male Fire,,Call or Ask for Help,PATIENCE,702264648,FIRE OUT BREAK AT KIREKA NEAR ST. MATHIAS CHURCH,Kira Division,Kira Division,NCCC Room,,,Dispatched,,
20200716193646014024,16/07/2020 19:36,lugala masanafu,Fire,,,Call or Ask for Help,Erik,705574833,UMEME PROBLEM,COMMAND CENTER,COMMAND CENTER,NCCC Room,,,Closed,,
20200716153935622021,16/07/2020 15:39,WATOTO CHURCH NAMANVE NEAR TORORO CEMENT FACTORY,Fire,Male Fire,,Call or Ask for Help,OMARU,756789014,THERE IS FIRE OUTBREAK AT THE ABOVE ADDRESS,Kira Division,Kira Division,NCCC Room,,,Received,,
20200716034122402012,16/07/2020 03:41,wakiso district,Fire,Male Fire,,Call or Ask for Help,nantabasi betty,708258232,kyanya at buloba there is fire out break along mityana road in wakiso district,Wakiso,Wakiso,NCCC Room,,,Dispatched,,
20200715172201519021,15/07/2020 17:22,ELITE JUNIOR SCHOOL IN ETEBBE,Fire,Male Fire,,Call or Ask for Help,SENINA,751569812,THERE IS FIRE OUTBREAK AT ELITE JUNIOR SCHOOL IN ENTEBBE PLEASE HANDLE,COMMAND CENTER,Entebbe,NCCC Room,"No 59698 pc Mataya George on tel 0774284945,the car commander of up 2345 of Entebbe police division fire brigade who responded to the fire out brake at Entebbe elite junior kawuku regarded the fire out brake as minior that the locals handled it before the fire brigade reached,he was given stand down on the way at around abaita ababiri police station.",Treated as Criminal Case,Closed,,
20200715170714328021,15/07/2020 17:07,BULANGE MENGO OLD KAMPALA,Fire,Male Fire,,Call or Ask for Help,HASA,706915711,FIRE OUTBREAK AT THE ABOVE ADRESS,Old Kampala,Old Kampala,NCCC Room,,,Dispatched,,
20200715112246516028,15/07/2020 11:22,NASERA S/COUNTY IN NTUNGAMO DISTRICT,Fire,Male Fire,,Call or Ask for Help,ANDREW,779805895,THERE IS FIRE AT NASERA S/COUNTY IN NTUNGAM O DISTRICT. PLEASE HANDLE.,COMMAND CENTER,COMMAND CENTER,NCCC Room,,,Closed,,
20200715004728088022,15/07/2020 00:47,KAWEMPE ON TULA ROAD NEAR TAIBAH,Fire,Female Fire,,Call or Ask for Help,JACKSON,701270479,AN ELECTRIC POLE IS SPARKING FIRE ON TULA ROAD NEAR TAIBAH IN KAWEMPE.,Kawempe,Kawempe,NCCC Room,,,Received,,
20200715002540760043,15/07/2020 00:25,KIIRA ROAD-DREAM AFRICAN SCH,Fire,Male Fire,,Call or Ask for Help,KALEB,781489238,Fire outbreak.please respond imm,Kiira Road,Kiira Rd,NCCC Room,,,Dispatched,32.56916,0.359888
20200714045420944028,14/07/2020 04:54,ruthu chell t/center behinde health center fourin mbararara district,Fire,Female Fire,,Call or Ask for Help,lukwago,750356822,there is fire out break at ruthu chell t/center in mbararara district. please handle.,COMMAND CENTER,COMMAND CENTER,NCCC Room,,,Closed,33.06325,1.954032
20200713233007947023,13/07/2020 23:30,mukono collin hotel,Fire,Male Fire,,Call or Ask for Help,rogers,777735937,called in and reports that there is atraller which has catch fire.please respond,Mukono,Mukono,NCCC Room,,,Received,,
20200712230311845021,12/07/2020 23:03,KLAEWE MARKET,Fire,Male Fire,,Call or Ask for Help,WANYAMA,756078936,KALERWE MARKET ON FIRE PLEASE HANDLE,Kawempe,Kawempe,NCCC Room,,,Delivered,,
20200712132733703024,12/07/2020 13:27,KAWALA RUBAGA,Fire,,,Call or Ask for Help,JARANGA,772484972,FIRE OUT,COMMAND CENTER,COMMAND CENTER,NCCC Room,,,Dispatched,,
20200712132036082012,12/07/2020 13:20,KAWALA,Fire,,,Call or Ask for Help,ROBINA,774677236,REPORTED FIRE OUTBREAK AT KAWALA,Old Kampala,Old Kampala,NCCC Room,,,Accepted,,
20200711225617414027,11/07/2020 22:56,Namutumba Town council.,Fire,Male Fire,,Call or Ask for Help,James,780852663,There is fire on electric pole at Namutumba District at the town,COMMAND CENTER,COMMAND CENTER,NCCC Room,,,Closed,,
20200711224834020015,11/07/2020 22:48,Bukonte Namutumba District,Fire,Female Fire,,Call or Ask for Help,Kasule James,780852663,Reports fire outbreak due to transformer at the above area please handle.,COMMAND CENTER,COMMAND CENTER,NCCC Room,,,Accepted,,
20200711214855310032,11/07/2020 21:48,MAKINDEY AFTER AKUNA MATATA,Fire,Male Fire,,Call or Ask for Help,NASAKA,0755093871,REPORTED FIRE OUT BREAK AT KIBUYE IN MAKINDEY AFTER AKUNA MATATA NEXT TO MARTIN HOUSE.,Katwe,MAKINDYE,NCCC Room,,,Accepted,,
20200711201118164015,11/07/2020 20:11,Georgina garden Munaku,Fire,Female Fire,,Call or Ask for Help,kakembo,751748821,Reports fire outbreak caused by electricity pole at the above address.,Old Kampala,Old Kampala,NCCC Room,,,Dispatched,,
20200711101521031019,11/07/2020 10:15,Bukoto,Fire,Male Fire,,Call or Ask for Help,Anita,778907148,Reports electric pol has fallen down at Bukoto please assist her.,Kiira Road,Kiira Rd,NCCC Room,,,Dispatched,32.59905,0.350286
20200711053940354011,11/07/2020 05:39,kisungu market at mbarara district,Fire,Male Fire,,Call or Ask for Help,Emmanuel,774630065,fire out break at kisungu market in mbarara district,COMMAND CENTER,COMMAND CENTER,NCCC Room,,,Accepted,30.65347,-0.58691
20200711032022000032,11/07/2020 03:20,namungona,Fire,Male Fire,,Call or Ask for Help,jonhathan,700110217,FIRE OT BREAK AT NAMUNGOONA IN RUBAGA DIVISION.,COMMAND CENTER,COMMAND CENTER,NCCC Room,,,Accepted,,
20200710131407519024,10/07/2020 13:14,bugolobi marketing industry in jinja road,Fire,Male Fire,,Call or Ask for Help,stephen,772984527,there is fire out break at the above adress,Jinja Road,Jinja Road,NCCC Room,,,Accepted,,
20200710125227033016,10/07/2020 12:52,agowa,Fire,Male Fire,,Call or Ask for Help,alex,783432444,called and reports fire outbreak at agowa coffee factory in bugolobi.please handle,Jinja Road,Jinja Road,NCCC Room,,,Dispatched,,
20200709221605319020,09/07/2020 22:16,HABITANTA VILLAGE KATIKAMU WOBULENZI,Fire,Male Fire,,Call or Ask for Help,BRENDA,787520269,REPORTS FIREOUT BREAK AT HABITANT VILLAGE KATIKAMU WOBULENZI LUWERO.,COMMAND CENTER,COMMAND CENTER,NCCC Room,,,Accepted,,
20200707231700116015,07/07/2020 23:17,Busia,HOMICIDES,Death(Fire Out Breaks),,Call or Ask for Help,Okuku,0771840314,Fire out break at busia after cps,COMMAND CENTER,COMMAND CENTER,NCCC Room,,,Accepted,,
20200707151936054012,07/07/2020 15:19,Bukoto opposite st. Andrews church in kiira road,Fire,Male Fire,,Call or Ask for Help,Anita,778907148,"Fire out break at the above address,handle.",Kiira Road,Kiira Rd,NCCC Room,,,Accepted,,
20200705215952354023,05/07/2020 21:59,kinawa kabojja nakawuka wakiso district,Fire,Male Fire,,Call or Ask for Help,pastor Andrew,774054028,fire breakout at th above address,Wakiso,Wakiso,NCCC Room,,,Accepted,,
20200705143031891020,05/07/2020 14:30,Bwebaze elight high school,Fire,Male Fire,,Call or Ask for Help,Atib,704895820,Atib reported fire at bwebajja elight high shcool entebbe.,Entebbe,Entebbe,NCCC Room,,,Dispatched,,
20200705094034022026,05/07/2020 09:40,Jafura Mbarara district,Fire,Male Fire,,Call or Ask for Help,Justas,784002068,fire out breakat the above adress pliz respond,COMMAND CENTER,COMMAND CENTER,NCCC Room,,,Accepted,,
20200703172328882024,03/07/2020 17:23,KIRINYA BIGO,HOMICIDES,Death(Fire Out Breaks),,Call or Ask for Help,fred,774014916,Fire AT kirinya bigo MUTUNDWE,Kira Division,Kira Division,NCCC Room,,,Accepted,,
20200703170332553026,03/07/2020 17:03,kira division-kasokosoko,Fire,Male Fire,,Call or Ask for Help,oscar,777708487,reportsfire out break at above adress pliz respond,Kira Division,Kira Division,NCCC Room,,,Received,,
20200702222231772021,02/07/2020 22:22,KISENYI,Fire,Male Fire,,Call or Ask for Help,NABWIRE,759761539,THERE IS FIRE OUTBREAK AT KISENYI IN OLD KAMPALA,Old Kampala,Old Kampala,NCCC Room,,,Accepted,,
20200702221935054018,02/07/2020 22:19,kisenyi zone kiganda church,HOMICIDES,Death(Fire Out Breaks),,Call or Ask for Help,Gumiriza Veretino,782986000,Reporting fire out break on wire sparking and burning electricity pole at above adrress.,Old Kampala,Old Kampala,NCCC Room,,,Accepted,,
20200702192953399015,02/07/2020 19:29,Kasange kikajjo natete,Fire,Male Fire,,Call or Ask for Help,Nalongo,755218391,Reports fire outbreak in above area,Katwe,Natete,NCCC Room,,,Dispatched,,
20200701163830017015,01/07/2020 16:38,Nakabugo bulenga wakiso,Fire,Male Fire,,Call or Ask for Help,Owori,754419860,Reports fire outbreak at nakabugo bulenga mityana rd in wakiso district.,Wakiso,Wakiso,NCCC Room,,,Delivered,,
20200630222124592020,30/06/2020 22:21,Nambasuba entebbe road,Fire,Male Fire,,Call or Ask for Help,peter,754742375,"peter reported fire at Kajjansi,Nambasuba in Entebbe road .",Kajjansi,Kajjansi,NCCC Room,,,Dispatched,,
20200630164511362024,30/06/2020 16:45,KAWANDA,Fire,Male Fire,,Call or Ask for Help,MOSES,782496461,REPORTED FIRE OUT BREAK AT KAWANDA ALONG BOMBO ROAD IN KAWEMPE,Kawempe,Matuuga,NCCC Room,OC Watuba went to the secene ASP kitaka raised at headqautor the firetruck dispached,Treated as Criminal Case,Fed back,,
20200629143457707043,29/06/2020 14:34,MIREMBE ROAD BUSABALA,Fire,Male Fire,,Call or Ask for Help,RONALD,0757421671,THERE IS FIRE OUT BREAK AT THE ABOVE ADRESS,COMMAND CENTER,COMMAND CENTER,NCCC Room,,,Dispatched,,
20200627015858094020,27/06/2020 01:58,Namugongo catholic church,Fire,,,Call or Ask for Help,Ayebare,780979659,FIRE OUT BREAK AT THE ABOVE PLACA,Kira Division,Kira Division,NCCC Room,,,Arrived,32.6536,0.382934
20200626000556402027,26/06/2020 00:05,kyanjaja mbarara,Fire,Male Fire,,Call or Ask for Help,john,755510185,,COMMAND CENTER,COMMAND CENTER,NCCC Room,,,Closed,,
20200625235710328017,25/06/2020 23:57,Mbarara Municipality,HOMICIDES,Death(Fire Out Breaks),,Call or Ask for Help,Beatrice,775277333,At Kiyanja cell after lake view there is fire out break,COMMAND CENTER,COMMAND CENTER,NCCC Room,,,Closed,30.64284,-0.610642
20200625201136017023,25/06/2020 20:11,Bulenga in Wakiso District,Fire,Female Fire,,Call or Ask for Help,kenneth,703381346,Plse handle fire at Bulenga in Wakiso District.,COMMAND CENTER,Wakiso,NCCC Room,,,Delivered,,
20200625200824861019,25/06/2020 20:08,subwe bulenga mityana road,Fire,Female Fire,,Call or Ask for Help,mary,706181106,there is a fire banning electricity pools near people bulding at subwe bulenga mityana road please handle imm.,COMMAND CENTER,COMMAND CENTER,NCCC Room,,,Delivered,,
20200625190110948026,25/06/2020 19:01,nakawa banda,Fire,Male Fire,,Call or Ask for Help,francise,775673122,REPORTED FIRE OUT BREAK AT NAKAWA BANDA IN JINJA ROAD.,COMMAND CENTER,Jinja Road,NCCC Room,,,Dispatched,,
20200624193858527018,24/06/2020 19:38,Soroti -Lira road in Soroti District,HOMICIDES,Death(Fire Out Breaks),,Call or Ask for Help,Julius,770636970,reporting fire out break at above address.,COMMAND CENTER,COMMAND CENTER,NCCC Room,,,Closed,34.06204,0.971657
20200624141857452020,24/06/2020 14:18,Eden road in JINJA district,Fire,Male Fire,,Call or Ask for Help,Balikowa,702785599,FIRE OUT BREAK AT THE ABOVE ADDRESS,COMMAND CENTER,COMMAND CENTER,NCCC Room,,,Closed,,
20200624141119333026,24/06/2020 14:11,BOMBO ROAD,Fire,Male Fire,,Call or Ask for Help,SAUDA,750964005,REPORTED FIRE OUT BREAK AT BOMBO ROAD IN WAKISO,COMMAND CENTER,COMMAND CENTER,NCCC Room,,,Dispatched,,
20200623140533606018,23/06/2020 14:05,Masaka District,HOMICIDES,Death(Fire Out Breaks),,Call or Ask for Help,Katagole James,700622936,"Reporting fire out break at above address,please handle imm.",COMMAND CENTER,COMMAND CENTER,NCCC Room,,,Closed,,
20200623105751684017,23/06/2020 10:57,Usafi Market,HOMICIDES,Death(Fire Out Breaks),,Call or Ask for Help,George,702435092,At Usafi Market there is afire out break,CPS Kampala,Kampala CPS,NCCC Room,,,Closed,,
20200622205557531024,22/06/2020 20:55,MOTOR GARAGE KATWE NEAR KENEMBIA HOTEL,Fire,Male Fire,,Call or Ask for Help,NAKADAMA HALIMA,0752308581,REPORTS FIRE OUT BREAK AT MOTOR GARAGE KATWE.,Katwe,Katwe,NCCC Room,,,Dispatched,,
20200622193149108018,22/06/2020 19:31,Okl Kiira Road Bukoto near Bobi Wines place,GENERAL CRIMES,Other Crimes in General,Arson (General),Call or Ask for Help,Birungi John,702316055,There is fire at the above address.,Kiira Road,Kiira Rd,NCCC Room,,,Closed,,
20200622164814338018,22/06/2020 16:48,Bushenyi district,HOMICIDES,Death(Fire Out Breaks),,Call or Ask for Help,Gilbert,751504982,Reporting fire out break at above address.,COMMAND CENTER,COMMAND CENTER,NCCC Room,,,Closed,,
20200622163839653011,22/06/2020 16:38,NAMVE INDUSTRIAL AREA OPPOSITE LIBERTY ICD,Fire,Male Fire,,Call or Ask for Help,PATE,759250815,Fire out break at the above adress,Mukono,Mukono,NCCC Room,,,Closed,,
20200622115944277026,22/06/2020 11:59,busia town,Fire,Male Fire,,Call or Ask for Help,fatuma,785167799,REPORTS FIRE OUT BREAK AT BUSIA TOWN,COMMAND CENTER,COMMAND CENTER,NCCC Room,,,Closed,,
20200622001138030012,22/06/2020 00:11,kyebando kyisalosalo near northern bypass,Fire,,,Call or Ask for Help,walter,750728974,fire out break at kyebando kyisalosalo in kiira road division kampala district,Kiira Road,Kiira Rd,NCCC Room,,,Dispatched,32.58512,0.352479
20200621185014480034,21/06/2020 18:50,masaka town,Fire,Male Fire,,Call or Ask for Help,george,757753612,there is fire out break in masaka town. plse handle.,COMMAND CENTER,COMMAND CENTER,NCCC Room,,,Closed,33.02751,0.961286
20200620144331208043,20/06/2020 14:43,luzira portbel,Fire,,,Call or Ask for Help,sgt egesa,708456715,fire outbreak at luzira port bell,COMMAND CENTER,COMMAND CENTER,NCCC Room,,,Dispatched,,
20200619130418829029,19/06/2020 13:04,AKATOMA BUSORO SUBCOUNTY KABAROLE DISTRICT,Fire,Male Fire,,Call or Ask for Help,JULIUS,776286986,FIRE OUTBREAK IIN THE ABOVE PLACE RESPOND AND GIVE FEEDBACK.,COMMAND CENTER,COMMAND CENTER,NCCC Room,,,Closed,,
20200619031458127026,19/06/2020 03:14,Bukalasa in Luwero,Fire,Male Fire,,Call or Ask for Help,William,758006785,there is fire out break on a transformer at the above address pliz handle imm,COMMAND CENTER,COMMAND CENTER,NCCC Room,,,Closed,32.50723,0.705511
20200617035823526041,17/06/2020 03:58,kasenyi kulukuta rubagga old k'la,Fire,Male Fire,,Call or Ask for Help,bukenya,701382435,fire out breake at kasenyi kulukuta rubaga in old kampala,Old Kampala,Old Kampala,NCCC Room,,,Closed,32.55137,0.279789
20200616183348092024,16/06/2020 18:33,WOBULENSI,Fire,Male Fire,,Call or Ask for Help,KATENDI,784657868,REPORTED FIRE OUT BREAK AT WOBULENSI IN LUWERO,COMMAND CENTER,COMMAND CENTER,NCCC Room,,,Closed,,
20200615094606686041,15/06/2020 09:46,kyebando near kampala Quality primary school,Fire,Male Fire,,Call or Ask for Help,Enock,0753384429,there is fire outbreak at above adress,Kawempe,Kawempe,NCCC Room,,,Arrived,,
20200614162014458014,14/06/2020 16:20,Naguru godown,Fire,Female Fire,,Call or Ask for Help,Ismail,783961844,Reports out break due to electricity pole please handle,Jinja Road,Jinja Road,NCCC Room,,,Closed,,
20200613005018380019,13/06/2020 00:50,"Mbara District , Omuruty corner in Nyakakoni village",Fire,Male Fire,,Call or Ask for Help,Bosco,753133711,Reports fire at the above said adress please handle.,COMMAND CENTER,COMMAND CENTER,NCCC Room,,,Closed,30.60951,-0.630004
20200612225655698014,12/06/2020 22:56,MUKONO,Fire,,,Call or Ask for Help,JOSEPH,782860983,Reports electricity pole on fire near seeta stage in mukono.Rescue the situation please.,Mukono,Mukono,NCCC Room,,,Arrived,,
20200611231948993020,11/06/2020 23:19,Bishop mukwaya,Fire,Female Fire,,Call or Ask for Help,williba,757617933,He reports asparking electricity at bishop mukwaya in kawempe division please respond.,Kawempe,Kawempe,NCCC Room,,,Closed,,
20200610225114683021,10/06/2020 22:51,Mela sub county Kadomose zone in Tororo district,HOMICIDES,Death(Fire Out Breaks),,Call or Ask for Help,Andrew,778021288,Reporting some one set fire on a super market of his brother at above address.,COMMAND CENTER,COMMAND CENTER,NCCC Room,,,Dispatching,,
20200607215008025024,07/06/2020 21:50,OOPER COMPLEX,Fire,,,Call or Ask for Help,MUGADE,789950775,FIRE OUT BRAGE,Old Kampala,Old Kampala,NCCC Room,,,Dispatched,,
20200606174602531017,06/06/2020 17:46,Mutungo Bina,HOMICIDES,Death(Fire Out Breaks),,Call or Ask for Help,Ismail,786693678,At mutungo Cicilia road Kiduuka there is fire out break,Jinja Road,Jinja Road,NCCC Room,,,Closed,,
20200606145104799024,06/06/2020 14:51,Namulesa butiki road in jinja,Fire,Female Fire,,Call or Ask for Help,james,700311280,plse handle fire at the above address.,COMMAND CENTER,COMMAND CENTER,NCCC Room,,,Closed,,
20200606125807105027,06/06/2020 12:58,botera kalisizo,Fire,Male Fire,,Call or Ask for Help,remah,779414595,fire out break at Botera kalisizo please handle,COMMAND CENTER,COMMAND CENTER,NCCC Room,,,Closed,,
20200605125545729027,05/06/2020 12:55,kasubu tumb,Fire,Male Fire,,Call or Ask for Help,hakim,704432529,kasubi tumbs on fire,Old Kampala,Old Kampala,NCCC Room,,,Dispatched,,
20200605010922389014,05/06/2020 01:09,NAGURU,Fire,,,Call or Ask for Help,SGT MANDE,755459232,FIRE OUTBREAK AT NAGURU POLICE BARAKS,Jinja Road,Jinja Road,NCCC Room,,,Dispatched,,
20200604022757060024,04/06/2020 02:27,market near st kizito in Bwaise,Fire,Male Fire,,Call or Ask for Help,Robert,754302980,Fire outbreak at the a bove address.plse handle.,Wandegeya,Wandegeya,NCCC Room,,,Closed,32.56163,0.359156
20200603194404630018,03/06/2020 19:44,P and K Super market in Kiwatule Kiira division,HOMICIDES,Death(Fire Out Breaks),,Call or Ask for Help,Beronika,777116289,Reporting Electricity pole burning at P and K super market in Kiwatule Kira division,Kira Division,Kira Division,NCCC Room,,,Closed,,
20200603085053654013,03/06/2020 08:50,NAJEMBE MABIRA,Fire,,,Call or Ask for Help,JAMAL,700970172,CALLED AND REPORTED FIRE OUTBREAK AT MAJEMBE MABIRA IN LUGAZI.,COMMAND CENTER,COMMAND CENTER,NCCC Room,,,Accepted,33.00995,0.398405
20200602195047133011,02/06/2020 19:50,GANGU NEAR CATHOLIC CHURCH BUSABALA ROAD KATWE,Fire,Male Fire,,Call or Ask for Help,SEMBALA,754475894,FIRE OUT BREAK FROM ELECTRIC POLE AT THE ABOVE ADRESS,Katwe,Katwe,NCCC Room,,,Accepted,,
20200602025328469017,02/06/2020 02:53,Wakiso District,Fire,Male Fire,,Call or Ask for Help,Shafic,708212934,At Nyanama kabowa thereis afire out break at ZingZing furniture factory Please handle,Wakiso,Wakiso,NCCC Room,,,Dispatched,,
20200602002336140023,02/06/2020 00:23,KYOBE ROAD NTIND,Fire,Male Fire,,Call or Ask for Help,OTIM GEORGE,773739281,FIRE OUT BREAK ON THE BUILDING AT THE ABOV ADRESS PLZ HANDLE IMM.,Jinja Road,Jinja Road,NCCC Room,,,Closed,32.62257,0.351938
20200602001952165035,02/06/2020 00:19,ntinda kyambogo road,Fire,Male Fire,,Call or Ask for Help,hadija,785109663,fire at ntinda kyambogo road handle,Jinja Road,Jinja Road,NCCC Room,,,Dispatched,,
20200531113401521014,31/05/2020 11:33,Kansanga town,Fire,Female Fire,,Call or Ask for Help,Emmanuel,777662910,Electricity Wires has fallen down across the Road and most likely to cause fire out breake at above adress handle imm.,Wakiso,Wakiso,NCCC Room,,,Dispatched,,
20200529165426246018,29/05/2020 16:54,St micheal secondary school inakatunya in soroti district.,HOMICIDES,Death(Fire Out Breaks),,Call or Ask for Help,Amen A,780984907,fire at the above address please handle,COMMAND CENTER,COMMAND CENTER,NCCC Room,,,Closed,,
20200528231933050026,28/05/2020 23:19,NAKIWOGO ENTEBBE,Fire,Male Fire,,Call or Ask for Help,ONENE,786607512,REPORTS FIRE OUTBREAK AT NAKIWOGO ENTEBBE .,Entebbe,Entebbe,NCCC Room,,,Dispatched,,
20200528152922964011,28/05/2020 15:29,SEETA HIGH SEC SCHOOL MUKONO DISTRICT,Fire,Male Fire,,Call or Ask for Help,GLADIES,702146310,FIRE AT THE ABOVE ADRESS HANDLE IMM,Mukono,Mukono,NCCC Room,,,Arrived,,
20200525231548728041,25/05/2020 23:15,MENGO ROUND ABOUT,Fire,Male Fire,,Call or Ask for Help,LAWRANCE,785589102,REPORTED FIRE OUT BREAK AT KABAKA ROUND ABOUT IN RUBAGA DIVISION PLEASE RESPOND IMM.,COMMAND CENTER,COMMAND CENTER,NCCC Room,,,Closed,,
20200525211017199017,25/05/2020 21:10,Kagembe Hoima road,HOMICIDES,Death (Traffic Accidents ),,Call or Ask for Help,iNNOCENT,757383746,At hoima road mile four after Busunju ahouse is on fire,COMMAND CENTER,COMMAND CENTER,NCCC Room,,,Accepted,,
20200525211018038028,25/05/2020 21:10,RUBAGA ROAD NEAR KABAKAS ROUNDABOUT,Fire,Male Fire,,Call or Ask for Help,JOSUAH,701211214,FIRE OUT BREAK AT RUBAGA ROAD PLEASE HANDLE,Old Kampala,Old Kampala,NCCC Room,,,Dispatched,,
20200525203015317017,25/05/2020 20:30,Nansana,Fire,Male Fire,,Call or Ask for Help,Angella,774737212,At Kyebando Nansana atransformer is on fire in aresidential area Please respond.,COMMAND CENTER,NANSANA,NCCC Room,,,Dispatched,,
20200523122910619014,23/05/2020 12:29,Kasangati mwebaza ss,Fire,Male Fire,,Call or Ask for Help,Kiyingi,774744105,Fire outbreak at mwebaza ss in kasangati in wakiso please respond,Kasangati,Kasangati,NCCC Room,,,Closed,,
20200522212516481024,22/05/2020 21:25,kibale MUKOPI,Fire,,,Call or Ask for Help,JOHN,785818256,FIRE OUT BRAKE,COMMAND CENTER,COMMAND CENTER,NCCC Room,,,Accepted,,
20200522045824258023,22/05/2020 04:58,Kiganda Kireka Kira Division,Fire,Male Fire,,Call or Ask for Help,Mohanguzi Aida,775625463,Reports that Electric pole has follen in some Bodys House please respond.,Kira Division,Kira Division,NCCC Room,,,Dispatched,32.64023,0.322938
20200521213544054041,21/05/2020 21:35,kanyanya gayaza road next to fish company,Fire,Male Fire,,Call or Ask for Help,TOMUSANGE,770319965,REPORTS FIRE AT GAGA COACHES AT KANYANYA KAWEMPE DIVISION.,Kawempe,Kanyanya,NCCC Room,,,Dispatched,,
20200521213506873024,21/05/2020 21:35,Kanyanya,Fire,,,Call or Ask for Help,CTHERINE,703428063,GAGA COACH HOUSE KANYANYA FIRE OUT BRAKE,Kawempe,Kanyanya,NCCC Room,,,Accepted,,
20200521202436751021,21/05/2020 20:24,OKADA STAGE IN MAKINDYE DIVISION in KLA DIST,OTHER LAWS,Traffic and Road Safety Act (Not categorised),,Call or Ask for Help,OKURU,792065425,Accident at okada stage were some body broke his Leg Pls respond.,Katwe,Katwe,NCCC Room,,,Dispatched,,
20200519231540905029,19/05/2020 23:15,WELCOME TO KABALORE FORTPORTAL,OTHER LAWS,Traffic and Road Safety Act (Not categorised),,Call or Ask for Help,KAKETO JUMA,773654843,REPORTS SERIOUS ACCIDENT AT WELCOME TO KABALORE FORTPORTAL.,COMMAND CENTER,COMMAND CENTER,NCCC Room,,,Accepted,,
20200517130239554024,17/05/2020 13:02,mukono wantoni,Fire,,,Call or Ask for Help,MARTIYA,706806111,Electric pole cought fire.,Mukono,Mukono,NCCC Room,,,Arrived,,
20200517081703643031,17/05/2020 08:17,MUWAYIRE ROAD KISUGU,Fire,Male Fire,,Call or Ask for Help,WABUKOTI MOSES,705623960,REPORTS FIRE OUT BREAK AT KISUGU KABALAGALA DIVISION.,Kabalagala,Kisugu,NCCC Room,,,Dispatched,32.60405,0.3084
20200516235654486028,16/05/2020 23:56,CONER(6),Fire,Female Fire,,Call or Ask for Help,OKIDI PATRICT,787499143,REPORTS FIRE THREE HOUSE ARE BURNING AT CONER (6)I SIX IN AGAGO DISTRICK PLEASE HANDLE.,COMMAND CENTER,COMMAND CENTER,NCCC Room,,,Closed,33.34376,2.830578
20200516152018902030,16/05/2020 15:20,NDEJJE VIEW LUFUKA ZANA,Fire,Male Fire,,Call or Ask for Help,MUSOKE TITANI,701894492,REPORTS FIRE OUT BREAK AT NDEJJE VIEW LUFUKA ZANA .,Kajjansi,Lubowa,NCCC Room,,,Closed,,
20200514053952986014,14/05/2020 05:39,KAWEMPE,Fire,,,Call or Ask for Help,KIZITO,772503776,Fire out break at kawempe near kobil petrol station,Kawempe,Kawempe,NCCC Room,,,Closed,,
20200513170125515032,13/05/2020 17:01,rubaga. near jojina,Fire,Male Fire,,Call or Ask for Help,martine,701718137,fire out break in rubaga near jojina.,Katwe,Katwe,NCCC Room,,,Closed,,
20200513165011932012,13/05/2020 16:50,KASUBI MUNAKUKUNJOKO OLD KAMPALA,Fire,Male Fire,,Call or Ask for Help,HAMUZA,708900942,FIRE OUT BREAK HANDLE,Old Kampala,Old Kampala,NCCC Room,,,Dispatched,,
20200512193433688028,12/05/2020 19:34,KUSOSO RUBAGA,Fire,,,Call or Ask for Help,nuamanya,700539261,FIRE OUT BRAKE.,Old Kampala,Old Kampala,NCCC Room,,,Dispatching,,
20200512192543981016,12/05/2020 19:25,bweya kajjansi,Fire,Female Fire,,Call or Ask for Help,geofrey,705304126,called in from bweya kajjansi and reports that there is an electrict cable burning with flames if fire please handle.,Kajjansi,Kajjansi,NCCC Room,,,Closed,,
20200512042653556012,12/05/2020 04:26,VETERANS,Fire,Male Fire,,Call or Ask for Help,BENARD,756990696,FIRE OUT BREAK AT WAKALIGA OPPOSITE VETERANS MARKET,COMMAND CENTER,Old Kampala,NCCC Room,,,Closed,32.5424,0.301666
20200511084456394012,11/05/2020 08:44,Iganga,Fire,Male Fire,,Call or Ask for Help,Nabanja Caro,774707950,"Reports Fire outbreak at Hospital quaters behind Nakavulo Iganga hospital ,please respond",COMMAND CENTER,COMMAND CENTER,NCCC Room,,,Dispatched,,
20200509160134341023,09/05/2020 16:01,NDejje Kibutika,Fire,Male Fire,,Call or Ask for Help,savior,756201469,Fire Outbreak,COMMAND CENTER,Entebbe,NCCC Room,,,Closed,,
20200509134915664028,09/05/2020 13:49,Kibuye Mutakegula Zone,Fire,,,Call or Ask for Help,Kibuka,751168454,Fire out break in Kibuye Makindye Division,COMMAND CENTER,Katwe,NCCC Room,,,Closed,,
20200506122610470019,06/05/2020 12:26,kamukya near community,Fire,Male Fire,,Call or Ask for Help,godfrey,786668578,fire at the above address,Kiira Road,Kiira Rd,NCCC Room,,,Dispatched,,
20200506040024297027,06/05/2020 04:00,WAKISO-Nakalimba,Fire,Male Fire,,Call or Ask for Help,Rose,751922687,Fire outbreak,Wakiso,Wakiso,NCCC Room,,,Closed,32.47119,0.196151
20200506001046992019,06/05/2020 00:10,Kawempe Nabukalu zone,Fire,Male Fire,,Call or Ask for Help,Amanya,773627368,Reports Fire near Kawempe Market Oposit Kawempe Cps please handle imm.,Kawempe,Kawempe,NCCC Room,,,Closed,,
20200503182354739035,03/05/2020 18:23,lugala near bugolo junior primary school,Fire,,,Call or Ask for Help,mugisha,701012036,there is fire outbreak at lugala near bugolo junior primary school in old kampala kampala district,Old Kampala,Old Kampala,NCCC Room,,,Closed,,
20200501190130874012,01/05/2020 19:01,NSAMBYA KEVINA NEAR ST DENIS CHURCH KABALAGALA,Fire,Female Fire,,Call or Ask for Help,MICHEAL,705580330,FIRE OUT BREAK AT ABOVE ADRESS,COMMAND CENTER,Kabalagala,NCCC Room,,,Dispatched,,
20200501162246299016,01/05/2020 16:22,bulaga,Fire,Male Fire,,Call or Ask for Help,naiga,753990424,called in and reports that there an electric cable which sparked and it has turned to fire in bulaga in bulega wakiso district please handle,Wakiso,Wakiso,NCCC Room,,,Closed,,
20200429232731570030,29/04/2020 23:27,Lusanja,Fire,Male Fire,,Call or Ask for Help,Juma,703848277,There is fire out break on the Building at Lukaya please handle imm.,Kawempe,Kawempe,NCCC Room,,,Closed,,
20200427022947804025,27/04/2020 02:29,EMPERWE,Fire,,,Call or Ask for Help,KAOJA,706257108,A SERIOUS FIRE GERMINATES FROM SOME BODIES HOUSE AT IMPERELWE,Kawempe,Kawempe,NCCC Room,,,Closed,32.5734,0.399287
20200425173948311011,25/04/2020 17:39,"kintintale,kasoole stage",Fire,Male Fire,,Call or Ask for Help,DISMAS,0785653037,REPORETD FIRE OUTBREAK IN KINTINTALE.HANDLE PLEASE,Jinja Road,Kitintale,NCCC Room,,,Closed,,
20200425044046478013,25/04/2020 04:40,ntinda kalebiri,Fire,Male Fire,,Call or Ask for Help,moses,777567709,fire out break reported at ntinda in kalebiri,COMMAND CENTER,COMMAND CENTER,NCCC Room,,,Closed,32.60508,0.346563
20200424145115033030,24/04/2020 14:51,kalerwe opposite market,Fire,Male Fire,,Call or Ask for Help,Niwamanya Godwine,703241531,REPORTS FIRE OUTBREAK AT KALERWE OPPOSITTE THE MARKET.,Kawempe,Kawempe,NCCC Room,,,Closed,32.5689,0.349347
20200424094710992023,24/04/2020 09:47,Wanyama in Jinja District,Fire,Male Fire,,Call or Ask for Help,CAWESA VAILLA,706628080,Reports Fire out Break at Wanyama please respond .,COMMAND CENTER,COMMAND CENTER,NCCC Room,,,Closed,33.236,0.478866
20200423195457467013,23/04/2020 19:54,kiteji kasangati,Fire,Male Fire,,Call or Ask for Help,ronald,756056218,fire out break at kiteji kasangati. pleas handle.,Wakiso,Wakiso,NCCC Room,,,Dispatched,,
20200423021621248020,23/04/2020 02:16,"KWAPA VILLAGE ,KWAPA CENTRAL IN TORORO",Fire,Male Fire,,Call or Ask for Help,ROBERT ETYANG,754924793,"Fire out break has been reported at the above place please handle,",COMMAND CENTER,COMMAND CENTER,NCCC Room,,,Closed,,
20200422224733423011,22/04/2020 22:47,Old K'la pol. Barracks,Fire,Male Fire,,Call or Ask for Help,John,0718900505,Fire.,COMMAND CENTER,Old Kampala,NCCC Room,,,Closed,,
20200422224516381019,22/04/2020 22:45,aggakan school gadaffi road old kampala,Fire,Male Fire,,Call or Ask for Help,jiwani,755789006,fire out break at old kampala next to aggakan school next to police station pleas handle.,Old Kampala,Old Kampala,NCCC Room,,,Dispatched,,
20200422224503223028,22/04/2020 22:45,OLD KAMPALA POLICE BARRACKS,Fire,Male Fire,,Call or Ask for Help,NANYONGA,705401419,FIRE OUT BREAK AT OLD KAMPALA POLICE BARRACKS,Old Kampala,Old Kampala,NCCC Room,,,Closed,,
20200421230625007018,21/04/2020 23:06,KAKIGA MBARARA,HOMICIDES,Death(Fire Out Breaks),,Call or Ask for Help,SAM,700467983,REPORTING FIRE OUT BREAK AT KAGIGA MBARARA DISTRICT,COMMAND CENTER,COMMAND CENTER,NCCC Room,,,Closed,,
20200421230154498034,21/04/2020 23:01,andrew kakika mbarara,Fire,Female Fire,,Call or Ask for Help,rose,700467983,reports fire out break at andrew kakika mbarara district,COMMAND CENTER,COMMAND CENTER,NCCC Room,,,Closed,,
20200420232755804027,20/04/2020 23:27,Ngogolo-Luwero,Fire,Female Fire,,Call or Ask for Help,Unknown,753788112,Fire outbreak at Ngogolo trading centre.,COMMAND CENTER,COMMAND CENTER,NCCC Room,,,Closed,,
20200420224322948035,20/04/2020 22:43,KASANGATI JITA IJ PRIMARY SCHOOL,Fire,Male Fire,,Call or Ask for Help,ALI,754046497,IJ PRIMARY SCHOOL HAS CAUGHT FIRE RESPOND AND GIVE FEEDBACK.,COMMAND CENTER,Kasangati,NCCC Room,,,Dispatched,,
20200419103746196020,19/04/2020 10:37,Kabusa acade in Lubaga Division in Kampala District.,Fire,Male Fire,,Call or Ask for Help,Hussain,706552511,Fire out break has been reported at the above mention area please handle,Old Kampala,Old Kampala,NCCC Room,,,Closed,,
20200419093149942034,19/04/2020 09:31,"KAWALA, OLD KAMPALA",Fire,Male Fire,,Call or Ask for Help,KATO,782263895,THERE IS FIRE AT KAWALA OLD KAMPALA. RESPOND,Old Kampala,Old Kampala,NCCC Room,,,Closed,,
20200418231823899023,18/04/2020 23:18,Luwero,Fire,Male Fire,,Call or Ask for Help,Rwauma,770691900,Reports fire out Break at luwero in some ones house please respond.,COMMAND CENTER,COMMAND CENTER,NCCC Room,,,Closed,,
20200418164111064034,18/04/2020 16:41,NASUUTI MUKONO,Fire,Male Fire,,Call or Ask for Help,NTALE PIUS,706270965,THERE IS FIR EOUT BREAK AT NASUUTI IN MUKONO DITRICT. PLEASE RESCUE IMM.,Mukono,Mukono,NCCC Room,,,Arrived,,
20200418124828835011,18/04/2020 12:48,Katwe opposite Finance Trust Bank.,Fire,Male Fire,,Call or Ask for Help,Katende,708947190,Transformwe has cought fire opposite finance Trust Bank Katwe.,COMMAND CENTER,Katwe,NCCC Room,,,Closed,,
20200418000300489025,18/04/2020 00:03,Luwero kasana at the mask,Fire,Female Fire,,Call or Ask for Help,Najjinda,754938741,Reports an eletric pole sparking fire at Kasana near the mask in Luwero district.,COMMAND CENTER,COMMAND CENTER,NCCC Room,,,Closed,,
20200416223140832012,16/04/2020 22:31,STIMBA GARAGE IBANDA,Fire,Male Fire,,Call or Ask for Help,PHILLIP,754020481,FIRE OUT BREAK AT STIMBA GARAGE IBANDA DISTRICT,COMMAND CENTER,COMMAND CENTER,NCCC Room,,,Accepted,,
20200416112114816019,16/04/2020 11:21,isingiro,Fire,,,Call or Ask for Help,aip tuliye felix,782679699,report fire outbreake at nakivali camp kasemba s/c in isingiro district,COMMAND CENTER,COMMAND CENTER,NCCC Room,,,Accepted,,
20200416042204964025,16/04/2020 04:22,JUMASI IN WAKISO DISTRICT,Fire,Male Fire,,Call or Ask for Help,SIRAJI,703076944,FIRE OUT BREAK AT JUMASI WAKISO DISTRICT PLEASE HANDLE.,Wakiso,Wakiso,NCCC Room,,,Closed,32.53381,0.25549
20200415232100066013,15/04/2020 23:20,Bukoto,HOMICIDES,Death(Fire Out Breaks),,Call or Ask for Help,sam,708599063,Fire out break at NK super market in Bukoto.,Jinja Road,Jinja Road,NCCC Room,,,Dispatched,,
20200415231851699022,15/04/2020 23:18,kiwatule kira road,Fire,Male Fire,,Call or Ask for Help,kato samuel,702098812,fire outbreak in kiwatule kira road please handle,Kiira Road,Kiira Rd,NCCC Room,,,Closed,,
20200413235901238022,13/04/2020 23:58,kobil petro station bati valley bombo road,HOMICIDES,Other Death (Not Specified above),,Call or Ask for Help,kenedy,706526072,fire out break handdle,COMMAND CENTER,CPS Kampala,NCCC Room,,,Dispatched,,
20200412192934915024,12/04/2020 19:29,Bukoto after petrol station on kisasi road,Fire,Female Fire,,Call or Ask for Help,kisiiku,778079018,"Fire out break at Bukoto after petrol station on kisasi road, please handle",Kiira Road,Kiira Rd,NCCC Room,,,Dispatched,,
20200412075615939033,12/04/2020 07:56,Bunamwaya wangulukuku,Fire,Female Fire,,Call or Ask for Help,stephen,753203533,there is fire out break at bunamwaya wangulukuku please handle,Katwe,Katwe,NCCC Room,,,Closed,,
20200411170210428024,11/04/2020 17:02,Bukerere road in seeta,OTHER LAWS,Traffic and Road Safety Act (Not categorised),,Call or Ask for Help,musa,708657733,An accident at Bukerere road in seeta plse handle.,COMMAND CENTER,Mukono,NCCC Room,,,Closed,,
20200410075232120030,10/04/2020 07:52,NAJANANKUMBI-NEAR FDC OFFICES,Fire,Male Fire,,Call or Ask for Help,MOSES,706756410,REPORTS THAT THERE IS FIRE OUTBREAK AT NAJANANKUMBI.,Katwe,Katwe,NCCC Room,,,Dispatched,32.5649,0.281482
20200407010140324027,07/04/2020 01:01,califonia street kapchorwa district,Fire,Male Fire,,Call or Ask for Help,Zakaria,777017326,fire out break has been reported from califonia street in kapchorwa district,COMMAND CENTER,COMMAND CENTER,NCCC Room,,,Closed,34.4531,1.388376
20200406101706104027,06/04/2020 10:17,Busesa trading-BUGWERI,GENERAL CRIMES,,,Call or Ask for Help,Emmanuel,753111488,Fire outbreak,Iganga,Iganga,NCCC Room,,,Closed,,
20200405232953531028,05/04/2020 23:29,GABA ROAD OPPOSITE SHELL PETROL STATION KABALAGALA,Fire,Male Fire,,Call or Ask for Help,ZUENA,,THERE IS FIRE OUT BREAK AT GGABA ROAD OPPOSITE SHELL PETROL STATION IN KABALAGALA,Kabalagala,Kabalagala,NCCC Room,,,Dispatched,,
20200405103447177030,05/04/2020 10:34,TEKULU OJWINA LIRA,Fire,Male Fire,,Call or Ask for Help,AWEKI BADRU,702774881,FIRE OUT BREAK AT TEKULU OJWINA LIRA DISTRICT PLEASE HANDLE,COMMAND CENTER,COMMAND CENTER,NCCC Room,,,Closed,,
20200405060843233032,05/04/2020 06:08,MANYAMA MAWOGOLA SEMBABULE,Fire,Male Fire,,Call or Ask for Help,KAGEZI JUNIOR,0772522256,REPORTS FIRE OUT BREAK AT MANYAMA MAWOGOLA SEMBABULE.,COMMAND CENTER,COMMAND CENTER,NCCC Room,,,Closed,,
20200403141121935030,03/04/2020 14:11,BULAMU ROAD BEFORE TOTAL PETROL STATION IN KASANGATI,Fire,Male Fire,,Call or Ask for Help,RICHARD,752727826,THERE IS FIRE OUT BREAK AT BULAMU ROAD BEFORE TOTAL PETROL STATION IN KASANGATI,Kasangati,Kasangati,NCCC Room,,,Closed,,
20200403122634160012,03/04/2020 12:26,LUNGUJJA KOSOVO,Fire,Male Fire,,Call or Ask for Help,SARAH,758632822,FIRE OUT BREAK AT LUNGUJJA KOSOVO SENDAWULA ZONE,Old Kampala,Lungujja,NCCC Room,,,Closed,,
20200403051452400012,03/04/2020 05:14,mutubakyawanze,Fire,Male Fire,,Call or Ask for Help,kato,782607481,fire out break at mutuba town kyawanze in homia road,COMMAND CENTER,COMMAND CENTER,NCCC Room,,,Closed,31.59323,1.000088
20200403051432562044,03/04/2020 05:14,WATUGA-KYAKWANZI,HOMICIDES,,,Call or Ask for Help,JACSON,774164662,FIREOUTBREAK,COMMAND CENTER,COMMAND CENTER,NCCC Room,,,Closed,31.60316,0.984328
20200403002642064023,03/04/2020 00:26,NASAGAZI RD BUIKWE DISTRICT,Fire,Male Fire,,Call or Ask for Help,KASENTA GEORGE,788147567,REPORTS FIRE OUT BREAK IN SOME ONES HOME AT NASAGAZI BUIKWE DISTRICT PLEASE RESPOND.,COMMAND CENTER,COMMAND CENTER,NCCC Room,,,Closed,32.67098,2.347223
20200402225258153032,02/04/2020 22:52,NAKWELO GAYAZA,Fire,Male Fire,,Call or Ask for Help,PAULO KIMERA,705205417,REPORTS FIRE OUT BREAK AT NAKWELO GAYAZA KASANGATI DIVISION.,Kasangati,Kasangati,NCCC Room,,,Closed,,
20200402225139155021,02/04/2020 22:51,"Gayaza Road, Kimwanyi",Fire,Male Fire,,Call or Ask for Help,Mukwena Zadok,704008898,"Reports fire outbreak at Kimwanyi Gayaza Road, help is needed to save Life and Property.",Kasangati,Kasangati,NCCC Room,,,Closed,,
20200402083333380041,02/04/2020 08:33,MASIRIBA KIBOGA DISTRICT.,Fire,Female Fire,,Call or Ask for Help,KAMWA ADDAM,776890588,UMEME POLE HAS FALLEN DOWN AT MAIRIBA VILLAGE IN KIBOGA DISTRICT.,COMMAND CENTER,COMMAND CENTER,NCCC Room,,,Closed,,
20200401080049474033,01/04/2020 08:00,BULOBA TEACHERS COLLEGE,Fire,Male Fire,,Call or Ask for Help,LUKWAGO,774650364,REPORTS FIRE OUT BREAK OF ATRANSFORM AT BULOBA TEACHERS COLLEGE.,Katwe,Natete,NCCC Room,,,Closed,32.46016,0.341424
20200401073203202026,01/04/2020 07:32,Natete buroba on mityana road,Fire,Male Fire,,Call or Ask for Help,Rukwago Ismah,774650364,Reports a fallen transformer burning every thing around at buroba on mityana road in natete. Plesae handle imm......,Katwe,Natete,NCCC Room,,,Closed,32.46076,0.341145
20200331104724900011,31/03/2020 10:47,lira,Fire,Male Fire,,Call or Ask for Help,obol george,777850005,Fire out break at odokomit along kampala highway in lira district 1 1/2 km from lira town.,COMMAND CENTER,COMMAND CENTER,NCCC Room,,,Closed,,
20200331031110181032,31/03/2020 03:11,lwentendo nyakayozo,Fire,Female Fire,,Call or Ask for Help,Ayesiga,759684479,Fire out break at lwentondo mbarara district,COMMAND CENTER,COMMAND CENTER,NCCC Room,,,Closed,30.65934,-0.69984
20200330191049464012,30/03/2020 19:10,NANSAN CATHOLIC CHURCH,Fire,Male Fire,,Call or Ask for Help,IVAN,754337355,FIREW OUT BREAK AT NEAR NANSANA CATHOLIC CHURCH,COMMAND CENTER,NANSANA,NCCC Room,,,Closed,,
20200329234800190013,29/03/2020 23:47,mabarara kyakole,Fire,Male Fire,,Call or Ask for Help,mugishe,781574002,called and reported fire out break at mabarara northern bypass at church agently,COMMAND CENTER,COMMAND CENTER,NCCC Room,,,Closed,,
20200329182000481018,29/03/2020 18:19,st stephen lukaya,HOMICIDES,Death(Fire Out Breaks),,Call or Ask for Help,Henry,708790013,[Acceptance Record] called in through 112/999 and reported fire out break at lukaya Masaka district,COMMAND CENTER,COMMAND CENTER,NCCC Room,,,Accepted,,
20200329122757932016,29/03/2020 12:27,natete,Fire,Male Fire,,Call or Ask for Help,Anoniem,780730629,there is fire at janevo backery in natete please respond,Katwe,Natete,NCCC Room,,,Dispatched,,
20200328220021482013,28/03/2020 22:00,Mitooma,Fire,,,Call or Ask for Help,BARNABAS,0704376617,At mayanga sub county there is fire out brake.,COMMAND CENTER,COMMAND CENTER,NCCC Room,,,Closed,,
20200328105334934031,28/03/2020 10:53,chemba district.,Fire,Male Fire,,Call or Ask for Help,susan,781152100,there is fire outbreak in chemba district in chemba north. please handle.,COMMAND CENTER,COMMAND CENTER,NCCC Room,,,Closed,,
20200328104044532012,28/03/2020 10:40,KIBULI KAKUNGULU ZONE,OTHER LAWS,All other Acts,,Call or Ask for Help,NAMAKULA RUTH,781892265,Under ground electricity wires which were made yesterday by umeme guys are sparking in kibuli kakungulu zone,Kabalagala,Kabalagala,NCCC Room,,,Closed,,
20200328092543709017,28/03/2020 09:25,Pakwach,HOMICIDES,Death(Fire Out Breaks),,Call or Ask for Help,Owachigiu Saidi,781380136,Called in through 112/999 and reported fire out break at Pakwach district,COMMAND CENTER,COMMAND CENTER,NCCC Room,,,Closed,,
20200327160134149017,27/03/2020 16:01,kawala zone,HOMICIDES,,,Call or Ask for Help,yasin,701906522,uuuuuuuuu,COMMAND CENTER,Kira Division,NCCC Room,,,Closed,,
20200327000502124037,27/03/2020 00:04,NAMUWONGO,Fire,Male Fire,,Call or Ask for Help,MUGABI HADSON,775089363,THERE IS FIRE OUTBREAK IN NAMUWONGO KISUGU,Kabalagala,Kisugu,NCCC Room,,,Dispatched,32.61656,0.298498
20200326235814551024,26/03/2020 23:58,TRANSAMI NAMWONGO,Fire,Female Fire,,Call or Ask for Help,ORIYEMU SIMON,780409428,FIRE REPORTED AT NAMWONGO NEAR TRANSAMI,Kabalagala,Kabalagala,NCCC Room,,,Closed,,
20200326232621513014,26/03/2020 23:26,Entebbe,Fire,Male Fire,,Call or Ask for Help,Zahara,781665628,"Fire outbreak at Buda landing site next Katabi, please respond",COMMAND CENTER,COMMAND CENTER,NCCC Room,,,Accepted,,
20200326170406481027,26/03/2020 17:04,magala,Fire,Male Fire,,Call or Ask for Help,julius,752221079,fire out break at magala in entebbe please handle imm.,COMMAND CENTER,Entebbe,NCCC Room,,,Delivered,,
20200326101417358026,26/03/2020 10:14,BUSENYI DISTRICT,Fire,Male Fire,,Call or Ask for Help,JOSEPH,706788730,THERE IS FIRE OUTBREAK IN BUSENYI. PLSE RESPOND IMM.,COMMAND CENTER,COMMAND CENTER,NCCC Room,,,Closed,,
20200326024925131019,26/03/2020 02:49,Bweyogerere,Fire,Male Fire,,Call or Ask for Help,Kamugisha,750191956,Fireoutbreak at Bweyogerere trading center handle pliz,COMMAND CENTER,COMMAND CENTER,NCCC Room,,,Closed,32.66302,0.352268
20200325051055263012,25/03/2020 05:10,NTINDA,Fire,,,Call or Ask for Help,OKECHO,700249450,FACTORY CLOTHE FIRE OUT BRAKE AFTER IOV.,COMMAND CENTER,Kiira Road,NCCC Room,,,Closed,32.61952,0.336573
20200324220832549028,24/03/2020 22:08,Najera 2,Fire,,,Call or Ask for Help,Andrew,701270281,Reported electrict pole burning at najera 2 opposit catholic church.,Kira Division,Kira Division,NCCC Room,,,Closed,,
20200324113116451020,24/03/2020 11:31,BUSEGA ROUND ABOUT NATEETE,Fire,Female Fire,,Call or Ask for Help,DAN,756674559,BABY COACH HAS COUGHT FIRE AT BUSEGA ROUND ABOUT PLEASE HANDLE.,Katwe,Katwe,NCCC Room,,,Closed,,
20200323150223647017,23/03/2020 15:02,Baci trading centre baci parish in koboko district,HOMICIDES,Death(Fire Out Breaks),,Call or Ask for Help,grace,785426541,"called in NECC through 112/999 and reported fire out break at Baci trading centre, Baci village ,Baci parish in Koboko district",COMMAND CENTER,COMMAND CENTER,NCCC Room,,,Closed,,
20200322093400222017,22/03/2020 09:33,kuma boga kitara Near university in kawempe,HOMICIDES,Death (Traffic Accidents ),,Call or Ask for Help,okello,772361342,called in through 112/999 and reported hit and run fatal accident at kama boga near university in Kawempe division,COMMAND CENTER,Kawempe,NCCC Room,OC TAFFIC KANYANYA UPON REACHING THE SCENE CONFIRMED TWO MOTORISED HIT BY A SPEEDING VEHICLE REG NOT IDENTIFIED AND ONE PASSED ON IMMIDIATELY AT SCENE AND THE HAS BEEN TAKEN TO CITY MORTURY.,Treated as Criminal Case,Closed,32.59204,0.382472
20200321193337046023,21/03/2020 19:33,Bukesa nakulabye,Fire,Male Fire,,Call or Ask for Help,Malick,754148601,There is fire out break at Bukesa Nakulabye in Old kampala please handle.,Old Kampala,Old Kampala,NCCC Room,,,Dispatching,,
20200321115421835018,21/03/2020 11:54,TANGA TOWN COUNCIL KIRUHURA AFTER LWANTONDA,Fire,Male Fire,,Call or Ask for Help,KOMURO,701865931,KOMURO CALLED NECC THROUGH 112/999 AND REPORTED FIREOUTBREAK AT TANGA TOWN COUNCIL KIRUHURA DISTRICT.,COMMAND CENTER,COMMAND CENTER,NCCC Room,,,Accepted,,
20200321114536284025,21/03/2020 11:45,SANGA TOWN CO,Fire,,,Call or Ask for Help,KAKOMORO,701865931,FIRE OUT BRAKE SANGA TOWN COUNCIL 20KM FROM MBARARA .,COMMAND CENTER,COMMAND CENTER,NCCC Room,,,Accepted,,
20200320203951209028,20/03/2020 20:39,Namongoona,HOMICIDES,Death(Fire Out Breaks),,Call or Ask for Help,Nasubuga Betty,703233166,"Called in NECC through 112/999 and reported tranformer which burning at Namungoona, Old Kampala",COMMAND CENTER,Old Kampala,NCCC Room,,,Dispatched,,
20200319143620898022,19/03/2020 14:36,"magangyo,natale",Fire,Male Fire,,Call or Ask for Help,Rogers,705450772,Reprted fire outbreak in magangyo.please handle,COMMAND CENTER,COMMAND CENTER,NCCC Room,no persons injured and no serious properties destroyed.,Treated as Criminal Case,Closed,,
20200319122759666017,19/03/2020 12:27,HABATOUR,Fire,Male Fire,,Call or Ask for Help,YONNA,752540109,ELECTRIC POLE IS BURNING IN THE ABOVE PLACE RESPOND AND KEEP ME POSTED.,COMMAND CENTER,Jinja Road,NCCC Room,fire depertment has been informed on the radio,Treated as Criminal Case,Fed back,,
20200319041859947025,19/03/2020 04:18,mbuya jambula stage,Fire,Female Fire,,Call or Ask for Help,kyemba,756477915,called necc through 999/112 and reported in fire out break at mbuya kinawataka,Jinja Road,Jinja Road,NCCC Room,,,Closed,32.62874,0.334144
20200319014425268020,19/03/2020 01:44,Butebe village near police station in mukono,Fire,Female Fire,,Call or Ask for Help,JOEL,774747301,Fire at butebe village near the police station in Mukono please respond.,COMMAND CENTER,COMMAND CENTER,NCCC Room,,,Arrived,,
20200319011347672022,19/03/2020 01:13,GANDA NANSANA KAMUKAMU,Fire,Male Fire,,Call or Ask for Help,AKIM,758786291,THERE IS FIRE OUT BREAK AT GANGA KAMUKAMU STAGE PLEASE HANDLE',Old Kampala,Old Kampala,NCCC Room,,,Dispatched,32.5202,0.353365
20200318144410789016,18/03/2020 14:44,nsangi,Fire,Female Fire,,Call or Ask for Help,hassan,752159025,there is an electric cable which has got broken in kasenyi kyegera going to rwanda please handle,Nsangi,Nsangi,NCCC Room,,,Dispatched,32.49699,0.284718
20200318033625521017,18/03/2020 03:36,kunyjusa masaka distric,HOMICIDES,Death(Fire Out Breaks),,Call or Ask for Help,peter,708502781,called in through 112/999 and reported fire out break at Kunjusa Masaka district,COMMAND CENTER,COMMAND CENTER,NCCC Room,,,Closed,31.74036,-0.305823
20200317212642864021,17/03/2020 21:26,NAMASUBA NEAR NAMASUBA POLICE POST ALONG ENTEBBE ROAD,Fire,Female Fire,,Call or Ask for Help,FRED MULIKA,756165951,ELECTRIC POLE IS ON FIRE AT NAMASUBA NEAR NAMASUBA POLICE POST PLEASE HANDLE.,Entebbe,Entebbe,NCCC Room,,,Closed,,
20200317180859103021,17/03/2020 18:08,ISAAC NEWTON HIGH SCHOOL IN MASAKA,Fire,Male Fire,,Call or Ask for Help,JOSEPH,700704136,ISAAC NEWTON HIGH SCHOOL IN MASAKA DISTRICT HAS COUGHT FIRE PLEASE CALL FIRE BREGADE IMMEDIETLY.,COMMAND CENTER,COMMAND CENTER,NCCC Room,,,Closed,,
20200317010134983018,17/03/2020 01:01,Indutrial area mukono,Fire,Male Fire,,Call or Ask for Help,Alex,0703566166,ther is firee at industrial area mukono district. please handle.,COMMAND CENTER,Mukono,NCCC Room,,,Arrived,,
20200317000114964017,17/03/2020 00:01,biko jinja district,HOMICIDES,Death(Fire Out Breaks),,Call or Ask for Help,Rashid,751247915,called in necc through 112/999 and reported fire out break at Biko jinja district,COMMAND CENTER,COMMAND CENTER,NCCC Room,,,Accepted,33.14987,0.429958
20200314004321902015,14/03/2020 00:43,SSEMBABULE,Fire,Female Fire,,Call or Ask for Help,PAUL,785659290,BUTAFULI IN SEMBABULE THERE IS FIRE OUTBREAK BUT THEY SAY IT HAS ALREADY BURNT ONE BUILDING,COMMAND CENTER,COMMAND CENTER,NCCC Room,,,Accepted,31.37328,-0.271107
20200313144846087017,13/03/2020 14:48,kawanda 2 in kawempe division,HOMICIDES,Death(Fire Out Breaks),,Call or Ask for Help,Joseph,714631915,"called in necc through 112/999 and reported fire out break at Kawanda Kawempe division at some bodys house, please let us save life because our personnel is not on ground.",COMMAND CENTER,Kawempe,NCCC Room,,,Dispatched,31.83462,-0.187401
20200313084948383028,13/03/2020 08:49,kasana bata near Gas petral station,HOMICIDES,Death(Fire Out Breaks),,Call or Ask for Help,Alex,706072702,"call in and report a burning fuel tanker at kasana Batabata near gas petrol station, police urgent response needed",Entebbe,Kisubi,NCCC Room,,,Arrived,31.7768,-0.307818
20200312153528929019,12/03/2020 15:35,Kabalagala,Fire,,,Call or Ask for Help,0pio,776637310,There fire outbreak at KCB bank near Kabalagala primary school.please respond,Kabalagala,Kabalagala,NCCC Room,,,Dispatched,30.4976,-0.132769
20200312152010296013,12/03/2020 15:20,Kisasi primary school in kiira road,Fire,Male Fire,,Call or Ask for Help,Ronald,778499989,"There is fireoutbreak at kisasi primary school,respond imm.",Kiira Road,Kisaasi/Kyanja,NCCC Room,,,Dispatched,,
20200312150643365028,12/03/2020 15:06,freedom ettebbe road stela kagwa road christian hard ware,Fire,Female Fire,,Call or Ask for Help,mukasa gdfrey,758824155,fire outbreak at freedom city along kagwa road etebbe division at christian hard ware,COMMAND CENTER,Entebbe,NCCC Room,,,Dispatched,32.56995,0.269865
20200312134955610025,12/03/2020 13:49,white phamacy kamuli town,Fire,Female Fire,,Call or Ask for Help,kalulu paul,753007381,called necc through 999/112 and reported in fire out break at white star phamacy in kamuli district,COMMAND CENTER,COMMAND CENTER,NCCC Room,,,Dispatched,,
20200311122359363023,11/03/2020 12:23,Kira Division,Fire,Male Fire,,Call or Ask for Help,Komakech Walter,0774080611,Called through 112/999 and reported Fire out break near Kira Division main Barracks please send fire Team imm.,COMMAND CENTER,Kira Division,NCCC Room,FIRE TERNDERS FROM BWEYOGERERE CAME TO THE SCENE AND SUPPRESSED THE FIRE,Treated as Criminal Case,Fed back,,
20200311120817906017,11/03/2020 12:08,kitintale,HOMICIDES,Death(Fire Out Breaks),,Call or Ask for Help,atum joseph,701340921,called in necc and reported fire out break at kitintale Nakawa division in kampala district,COMMAND CENTER,Jinja Road,NCCC Room,,,Dispatched,31.32139,-0.385702
20200311120135228013,11/03/2020 12:01,BWEGERERE,Fire,Male Fire,,Call or Ask for Help,JOHN,700538785,THERE IS FIRE OUT BREAK AT SHELL PETROL STATION BWEGERERE OPPOSITE NAMBOLE STADIUM PLEASE HANDLE IMM,Kira Division,Bweyogerere,NCCC Room,,,Received,33.67084,2.504153
20200311105517708018,11/03/2020 10:55,NAKAWA ALONG OLD PORTBAELL ROAD,Fire,Male Fire,,Call or Ask for Help,AONYI BOSCO,0775895813,"THERE IS FIRE OUT BREAK AT CAPITAL SHOPPERS ,IN NAKAWA PLEASE RESPONE",Jinja Road,Jinja Road,NCCC Room,jhvvvvvvvvvvvvvvvmn,Treated as Criminal Case,Fed back,,
20200311101359676012,11/03/2020 10:13,lugazi Geregere,Fire,Female Fire,,Call or Ask for Help,juma,751266420,"There is fire outbreak at lugazi geregere,respond imm.",COMMAND CENTER,COMMAND CENTER,NCCC Room,,,Accepted,33.2019,0.427452
20200311072513561018,11/03/2020 07:25,KABWAMBO IN MITYANA,Fire,Male Fire,,Call or Ask for Help,NICHOLAS,754149886,THERE IS FIRE OUT BREAK AT KABWAMBO IN MITYANA PLEASE HANDLE.,COMMAND CENTER,COMMAND CENTER,NCCC Room,,,Accepted,,
20200310032543472011,10/03/2020 03:25,Bulambuli,Fire,Female Fire,,Call or Ask for Help,Esther,702653909,"There is fire outbreak at Simukona along Kapchorwa road in Bulambuli, please respondfire alert",COMMAND CENTER,COMMAND CENTER,NCCC Room,,,Closed,34.29096,1.297662
20200309070640464024,09/03/2020 07:06,kigingu at shell,Fire,Male Fire,,Call or Ask for Help,Sirajje,704617477,Fire outbreak at kigungu shell in Entebbe. Please handle imm....,Entebbe,Entebbe,NCCC Room,,,Dispatched,32.43681,0.032018
20200307023738635016,07/03/2020 02:37,Mityana distrrict vigoti standard primary school,Fire,Male Fire,,Call or Ask for Help,joan,777302236,Called and reports fire outbreak at Vigoti standard primary school Mityana district police urgent response needed,COMMAND CENTER,COMMAND CENTER,NCCC Room,,,Accepted,32.17198,0.336542
20200306234210846017,06/03/2020 23:42,NJERU IN JINJA DISTRICT,HOMICIDES,Death(Fire Out Breaks),,Call or Ask for Help,RICHARD,752836950,CALLED IN THROUGH 112/999 AND REPORTED FIRE OUT BREAK AT nJERU IN BUIKWE DISTRICT,COMMAND CENTER,COMMAND CENTER,NCCC Room,,,Accepted,,
20200306194735615026,06/03/2020 19:47,gayanza high school,Fire,Male Fire,,Call or Ask for Help,magrate,701288361,fire outbreak at gayanza high school in wakiso division,COMMAND CENTER,Wakiso,NCCC Room,,,Accepted,,
20200306040752191017,06/03/2020 04:07,Jinja road police station,HOMICIDES,Death(Fire Out Breaks),,Call or Ask for Help,AIP TUMSIIME,701422436,called in through 112/999 and reported fire out break at Jinja road police stationin Nakawa division Kampala district/,COMMAND CENTER,Jinja Road,NCCC Room,,,Dispatching,32.61374,0.333946
20200305231400116021,05/03/2020 23:13,kakyeka kamunguno rd plot 31,Fire,Female Fire,,Call or Ask for Help,Ssesanga Hassan,759226712,Reports fire from transformer in kakyeka plot 31 Mbarara district please respond,COMMAND CENTER,COMMAND CENTER,NCCC Room,,,Accepted,,
20200305221044660021,05/03/2020 22:10,katooke nansana,Fire,Female Fire,,Call or Ask for Help,Atwakwasa Rogers,756916225,Reports asparking transformer in katooke nansana wakiso district please respond,Wakiso,Wakiso,NCCC Room,,,Accepted,32.53937,0.386305
20200302124652319027,02/03/2020 12:46,opposite old kampala primary school,Fire,Male Fire,,Call or Ask for Help,mohamed,701896569,called in and reported fire out break opposite old kampala primary school.,CPS Kampala,Kampala CPS,NCCC Room,,,Dispatched,32.56365,0.317832
20200302012207509017,02/03/2020 01:22,kigandani,HOMICIDES,Death(Fire Out Breaks),,Call or Ask for Help,Chris Ngobi,706493276,called in through 112/999 andreported fire out break at kigandani in soroti district.,COMMAND CENTER,COMMAND CENTER,NCCC Room,,,Accepted,,
20200229104804804021,29/02/2020 10:48,"BIUKWE BEHIND INUSTRAL OFFICE,S",Fire,Male Fire,,Call or Ask for Help,GODFFERY,757418840,Fire out break is redported at biukwe behind indusral office's in Biukwe Dist plz handle.,COMMAND CENTER,COMMAND CENTER,NCCC Room,,,Closed,33.18388,0.418357
20200226133453874028,26/02/2020 13:34,bugembe-Wanyama road,Fire,Male Fire,,Call or Ask for Help,John opio,705800091,There are some youth who have set fire and they are still burning tire on the main road along jinja-kampala jinja municipality in jinja District. no plice officers at the scene.,COMMAND CENTER,COMMAND CENTER,NCCC Room,,,Accepted,,
20200226123658692025,26/02/2020 12:36,mengo kisenyi opposit pastor kiganda`s church,Fire,Female Fire,,Call or Ask for Help,nabasa,756044353,called necc through 999/112 and reported infire out break at kisenyi opposite postor kiganda`s church old kampala lubaga division,Old Kampala,Old Kampala,NCCC Room,,,Dispatched,,
20200226123624953022,26/02/2020 12:36,kisenyi kakajo zone,HOMICIDES,Death(Fire Out Breaks),,Call or Ask for Help,kakande,759222292,FIRE OUT BREAK IN KAKAJO ZONE IN RUBAGA DIVISION HANDLE,COMMAND CENTER,Old Kampala,NCCC Room,,,Dispatched,,
20200226075917486011,26/02/2020 07:59,nakaloke islamic mbale,HOMICIDES,Death(Fire Out Breaks),,Call or Ask for Help,majid,701497231,callled in through 112/999 and reported fire out break at Nakaloke islamic school in mbale district,COMMAND CENTER,COMMAND CENTER,NCCC Room,,,Closed,34.16873,1.136409
20200226075911078028,26/02/2020 07:59,Nakaloke secondary school dometory mbale,Fire,Male Fire,,Call or Ask for Help,Busaga,0758990197,there is fire out break at nakaloke senior secondary school dometory mbale municipality in mbale district. please rescue.,COMMAND CENTER,COMMAND CENTER,NCCC Room,,,Closed,,
20200221114951788023,21/02/2020 11:49,MASANAFU ST MARYS,Fire,Male Fire,,Call or Ask for Help,GWAMBALE JULIUS,0702930455,GWAMBALE JULIUS CALLED NECC THROUGH 112/999 AND REPORTED FIRE OUT BREAK AT MASANAFU OLD KAMPALA DIVISION.,Old Kampala,Old Kampala,NCCC Room,,,Dispatched,,
20200220231159498017,20/02/2020 23:11,kasese rugeme,HOMICIDES,Death(Fire Out Breaks),,Call or Ask for Help,Masereka geofrey,781516258,calledin through 112/999 and reported fire out break Rugeme at Bwera Kases district,COMMAND CENTER,COMMAND CENTER,NCCC Room,,,Closed,,
20200220100741500018,20/02/2020 10:07,Najjanakumbi,Fire,Male Fire,,Call or Ask for Help,mugisha,773178031,Fire out break at najjanakumbi near freedom city,Old Kampala,Old Kampala,NCCC Room,"i have called the same number 0773178031 and the person with that received , is saying that he has not given any information about fire outbreak. that for her is even in town",Treated as Criminal Case,Fed back,32.56337,0.272319
20200220041824066017,20/02/2020 04:18,KIRIJJIME KABALE MUNICIPALITY,Fire,Male Fire,,Call or Ask for Help,Anthony,777182576,Called necc through 112/999 and reported fire out break at Kirijjime in Kabale municipality Kabale District please handle.,COMMAND CENTER,COMMAND CENTER,NCCC Room,,,Closed,29.99263,-1.259866
20200219035655123025,19/02/2020 03:56,Nansana kyebando,Fire,Male Fire,,Call or Ask for Help,Lydia,751172890,called in reporting fire outbreak at Nansana kyebando police urgent response needed,COMMAND CENTER,NANSANA,NCCC Room,,,Closed,32.50872,0.35894
20200218043623281022,18/02/2020 04:36,KAMEVALLEY MARKET IN MUKONO,Fire,Male Fire,,Call or Ask for Help,MUHAMMAD,706571786,THERE IS FIRE OUT BREAK AT KAMEVALLEY MARKET IN MUKONO PLEASE HANDLE,Mukono,Mukono,NCCC Room,,,Dispatched,,
20200217231937726025,17/02/2020 23:19,Natete Kigaga,Fire,Female Fire,,Call or Ask for Help,Agaba,750125777,There is fire outbreak at kigaga Natete atransformer has burst and building has cought fire.,Katwe,Natete,NCCC Room,,,Dispatched,,
20200217072744158018,17/02/2020 07:27,KAMULI,Fire,,,Call or Ask for Help,ALLAND,752640365,CALLED THRU 112/999 AND REPORTED THE TREE FALLING IN ELECTRIC LIVE WIRE AT KAMULI BULABREI SUB COUNTY HANDLE IT,COMMAND CENTER,COMMAND CENTER,NCCC Room,,,Closed,,
20200216013049676022,16/02/2020 01:30,MBARARA HIGH STREET HOTEL NEAR DFCU BANK,Fire,Male Fire,,Call or Ask for Help,JUMA,759037599,THERE IS FIRE OUT BREAK AT MBARARA HIGH STREET HOTEL NEAR DFCU BANK IN MBARARA TOWN PLEASE HANDLE,COMMAND CENTER,COMMAND CENTER,NCCC Room,,,Accepted,30.6629,-0.603112
20200213183643017020,13/02/2020 18:36,kasubi,Fire,Male Fire,,Call or Ask for Help,RAMAZAN,705683048,fire out break at kasubi petrol city Hoima Road in Rubaga Division,Old Kampala,Old Kampala,NCCC Room,,,Dispatched,,
20200213004406687014,13/02/2020 00:44,WAKISO KYIKOKIRO TRADING CENTRE FIRE OUT BREAK,Fire,Male Fire,,Call or Ask for Help,GODFREY,782445833,FIRE OUT BREAK AT KYIKOKIRO TRADING CENTRE IN WAKISO DISTRICT,COMMAND CENTER,Wakiso,NCCC Room,,,Dispatched,32.48507,0.415045
20200212233653787014,12/02/2020 23:36,There fire out break at esella hotel along nejjera kira municipality in kiradivision wakiso district,Fire,,,Call or Ask for Help,Recheal,759009017,There is fire out break at esella hotel along najjrea kira municipality road in kira division wakiso district,Kira Division,Kira Division,NCCC Room,,,Delivered,32.6494,0.443904
20200212035429138021,12/02/2020 03:54,BUTO,Fire,,,Call or Ask for Help,Mary,777097282,Fire at Bweyogerere Buto please handle.,Kira Division,Bweyogerere,NCCC Room,,,Delivered,32.66319,0.378138
20200211061221377023,11/02/2020 06:12,MASAKA,Fire,Male Fire,,Call or Ask for Help,BOB MUGISHA,704179966,BOB CALLED NECC THROUGH 112/999 AND REPORTED FIRE OUT BREAK OF A BUS AT MASAKA.,COMMAND CENTER,COMMAND CENTER,NCCC Room,,,Accepted,32.10974,0.062001
20200211053346917022,11/02/2020 05:33,Mbarara,Fire,Female Fire,,Call or Ask for Help,Gerald,701833865,Fire out break at Mbarara - Katete,COMMAND CENTER,COMMAND CENTER,NCCC Room,,,Accepted,30.67892,-0.6271
20200211010843188026,11/02/2020 01:08,kabule zone,Fire,Male Fire,,Call or Ask for Help,jimmy,773766426,called in and reported fire out break behind katwe police station.,COMMAND CENTER,Katwe,NCCC Room,,,Received,,
20200210152019559024,10/02/2020 15:20,NAMUNGONA,Fire,Female Fire,,Call or Ask for Help,RONALD,704399456,THERE IS FIRE OUTBREAK IN NAMUNGONA NEAR NATIONAL HOUSING PLEASE HANDLE,Old Kampala,Old Kampala,NCCC Room,,,Dispatched,32.54633,0.332135
20200210011441620021,10/02/2020 01:14,gomba district,HOMICIDES,Death(Fire Out Breaks),,Call or Ask for Help,Auma macline,0786463454,One called in and reported fire out break in madu on mubende road in gomba district handle,COMMAND CENTER,COMMAND CENTER,NCCC Room,,,Closed,,
20200210004716870024,10/02/2020 00:47,"ZOMBO DISTRICT, ORA COUNTY , KANGO SUB COUNTY.",Fire,Male Fire,,Call or Ask for Help,ALBERT,774289991,"Reported fire out break that has gutted so far five houses at the boarder in Zombo district,Ora county , Kango sub county. Please handle.",COMMAND CENTER,COMMAND CENTER,NCCC Room,,,Accepted,30.87536,2.623394
20200209115157368026,09/02/2020 11:51,zambya,Fire,,,Call or Ask for Help,benard,754253051,fire out break,Katwe,Katwe,NCCC Room,,,Closed,32.58661,0.294947
20200209022008466021,09/02/2020 02:20,kibanda staion after kalerwe,Fire,Male Fire,,Call or Ask for Help,teebwa,752718850,ther is fire outbkeak at kibanda station after kalerwe in kawempe division.,COMMAND CENTER,Kawempe,NCCC Room,"Fire under control, more manpower have been added on ground since people were turning violent and more water tank are needed to over come the male fire, Many properties are destroyed but no causality yet.",Treated as Criminal Case,Closed,32.56905,0.351136
20200208213126449021,08/02/2020 21:31,kanyanya kawempe,Fire,Male Fire,,Call or Ask for Help,nandudu,774172325,there is fire outbreak on MTN/AIRTEL booster at kanyanya next to white house building kawempe Division in kampala District. please our response is highly needed.,COMMAND CENTER,Kawempe,NCCC Room,,,Arrived,32.58244,0.375531
20200208211935539019,08/02/2020 21:19,Kisazi kikulu zone,Fire,Male Fire,,Call or Ask for Help,Medi,703406088,called in reporting fire outbreak at kisasi kikulu zone police response needed urgently,Kiira Road,Kiira Rd,NCCC Room,,,Dispatched,,
20200208031552225021,08/02/2020 03:15,MUKONO BEHIND TOTAL PETROL STATION,Fire,Male Fire,,Call or Ask for Help,CHRISTINE,753575763,THERE IS FIRE OUTBREAK AT MUKONO BEHIND TOTAL PETROL STATION BUGERERE ROAD IN MUKONO DISTRICT. PLEASE RESCUE,COMMAND CENTER,Mukono,NCCC Room,,,Dispatched,32.75513,0.361788
20200207210550979019,07/02/2020 21:05,Kasangati,Fire,Male Fire,,Call or Ask for Help,Komakech Waltre,0774080611,One cpl komakech Walter called through 112/999 and reported Fire out break at Kasangati near the church please inform fire Brigade to do the NEED FULL imm.,COMMAND CENTER,Wakiso,NCCC Room,,,Dispatched,,
20200207193746394021,07/02/2020 19:37,KENGERE DIVISION,Fire,Male Fire,,Call or Ask for Help,ISMAIL,0703790654,THERE IS FIRE OUTBREAK AT KENGERE DIVISION SOROTI MUNICIPALITY IN SOROTI DISTRICT.PLEASE ACT IMMEDIATELY.,COMMAND CENTER,COMMAND CENTER,NCCC Room,,,Accepted,,
20200207112512123025,07/02/2020 11:25,nabice banada in iganga,Fire,Male Fire,,Call or Ask for Help,charles,789239622,called in and reported fire out break in iganga around nabice banada near kaliro in iganga,COMMAND CENTER,COMMAND CENTER,NCCC Room,,,Fed back,33.4991,0.84451
20200205023735281025,05/02/2020 02:37,KIROMBE MAKINDYE,Fire,Female Fire,,Call or Ask for Help,CHRISTOPHER,782936846,A HOUSE HAS CAUGHT FIRE DUE TO ELECTRICICITY. THEY NEED URGENT HELP FROM UMEME TO DISCONECT THE POWER AND FIRE BRIGADE. PLEASE RESPOND IMMIDIATELY. IN KIROMBE MAKINDYE,Katwe,MAKINDYE,NCCC Room,,,Dispatched,32.5977,0.279851
20200202122107455017,02/02/2020 12:21,namanyonyi sub county in Mbale district.,HOMICIDES,Death(Fire Out Breaks),,Call or Ask for Help,sam,754800963,called in through 112/999 and reported fire out break at Namanyonyi sub county in Mbale district,COMMAND CENTER,Iganga,NCCC Room,,,Dispatching,34.24095,1.096997
20200131235645490018,31/01/2020 23:56,BANDA,Fire,Male Fire,,Call or Ask for Help,MANGENDE,772415147,call throu 999/112 and reporting case fire inbanda nakawa no police respond,COMMAND CENTER,Jinja Road,NCCC Room,,,Dispatched,32.63422,0.341413
20200131232317367026,31/01/2020 23:23,Jinja,Fire,,,Call or Ask for Help,EDDY,754455778,Called in through 112/999 and reported fire outbreak at kakira in jinja district.,COMMAND CENTER,COMMAND CENTER,NCCC Room,,,Accepted,33.27867,0.503956
20200131002816212026,31/01/2020 00:28,namulesa,Fire,Male Fire,,Call or Ask for Help,kasko,702891527,called in thru 112/999 and reported fire out break at namulesa kamuli road in jinja,COMMAND CENTER,COMMAND CENTER,NCCC Room,,,Accepted,33.22025,0.492715
20200129175617238023,29/01/2020 17:56,katoke in nansana lc 1,Fire,,,Call or Ask for Help,musis,751678220,Fire out brake handle immidiatly,COMMAND CENTER,NANSANA,NCCC Room,,,Dispatched,,
20200127040216942025,27/01/2020 04:02,fair paleace kibuye round about entebbe road,Fire,Female Fire,,Call or Ask for Help,kisembo,770422545,Callled necc through 999/112 and reported in fire outbreak at Bainazi primary school Entebbe road near kibuye round about katwe division.,Katwe,Katwe,NCCC Room,,,Dispatched,32.57244,0.291352
20200126080209936025,26/01/2020 08:02,kikama sec school area bugiri,Fire,,,Call or Ask for Help,martin,752369911,a house has cought fire,COMMAND CENTER,COMMAND CENTER,NCCC Room,,,Fed back,33.7514,0.573725
20200126065038117026,26/01/2020 06:50,Lacho in Gulu,Fire,Female Fire,,Call or Ask for Help,stella adong,774712951,Reported a fire outbreak suspected to have set by a certain person trying to burn grass which extended up to the transformer at Lacho Gulu district. Handle imm...,COMMAND CENTER,COMMAND CENTER,NCCC Room,,,Accepted,32.23758,2.769649
20200126014302473021,26/01/2020 01:43,Kisenyi Kakazo Zone,Fire,Male Fire,,Call or Ask for Help,kakoza William,752347195,One William called through 112/999 and reported fire outbreak at Kisenyi kakazo Zone in kampala please handle imm.,COMMAND CENTER,Old Kampala,NCCC Room,,,Dispatching,32.57027,0.304587
20200124111101524021,24/01/2020 11:11,Bujuko along mityana road in wakiso district,Fire,Male Fire,,Call or Ask for Help,kalende abu,754691205,fire out break on electric wire no police officer yet at the scene.,Wakiso,Wakiso,NCCC Room,,,Closed,32.33254,0.231028
20200124001745438027,24/01/2020 00:17,centenery park at the club heigh kampala district,Fire,Female Fire,,Call or Ask for Help,mungeresa,753848679,reported fire out break at Heigh club in centenary park please handle,CPS Kampala,Kampala CPS,NCCC Room,,,Dispatched,32.59301,0.317897
20200123042752416027,23/01/2020 04:27,Nakawa near iov spear junction,Fire,Female Fire,,Call or Ask for Help,karim,706125116,Reports acase of fire by sparking electricity wires in nakawa jinja road division in kampala district.,Jinja Road,Jinja Road,NCCC Room,,,Dispatching,32.62202,0.332844
20200123041046542027,23/01/2020 04:10,Nkumba near church delivarence,Fire,Female Fire,,Call or Ask for Help,matovu Musa,781359238,Reports case of fire in nkumba near church delivarence due umeme wire in entebbe division wakiso district please handle,Entebbe,Entebbe,NCCC Room,,,Closed,32.50732,0.082065
20200123033518996019,23/01/2020 03:35,Palabong Gulu,Fire,Female Fire,,Call or Ask for Help,Juma,752279504,"An electric pole has caught fire in palabong Gulu district, respond imm.",COMMAND CENTER,COMMAND CENTER,NCCC Room,,,Accepted,,
20200123002545532024,23/01/2020 00:25,ARUA,Fire,Male Fire,,Call or Ask for Help,AKIM,777280389,THERE IS FIRE OUTBREAK IN ARUABEHIND ARUAPUBLIC PRIMARY SCHOOL. FANYA KWAHIVYO,COMMAND CENTER,COMMAND CENTER,NCCC Room,,,Accepted,30.90858,3.011713
20200121143900483021,21/01/2020 14:38,nasuti,HOMICIDES,Other Death (Not Specified above),,Call or Ask for Help,rigan sendege,706596641,fire outbreak in mukono on kayunga road handle,COMMAND CENTER,Mukono,NCCC Room,,,Dispatched,32.74545,0.373746
20200121091713469022,21/01/2020 09:17,kitala,Fire,,,Call or Ask for Help,daniel,704899796,there is fireout break at Kitara along Entebbe \road,Katwe,Katwe,NCCC Room,The fire was put off and other properties where rescued e information you can call 0714667809,Treated as Criminal Case,Closed,32.52157,0.107487
20200121002350672027,21/01/2020 00:23,kireka,Fire,,,Call or Ask for Help,YUSUF,779457521,Fire out at kireka-kamuli road in rene industry,Jinja Road,Jinja Road,NCCC Room,,,Delivered,,
20200117234230887025,17/01/2020 23:42,KETUNE IN KALAGAGALA,Fire,,,Call or Ask for Help,RONI,756488403,ST JOSEPH PRI IS BURNING,COMMAND CENTER,COMMAND CENTER,NCCC Room,,,Accepted,,
20200115194548721024,15/01/2020 19:45,Kabalagala to Muyenga,Fire,Male Fire,,Call or Ask for Help,Kenneth,789883403,one called in throughy 112/999 and reported Male fire outbreak on a transformer at the v junction from kabalagala and Muyenga makindye Division in kampala district act very urgent.,Kabalagala,Kabalagala,NCCC Room,,,Dispatched,,
20200115161650212020,15/01/2020 16:16,Kiira Road,Fire,,,Call or Ask for Help,emmy,770551947,there is fire out break in Kiira please respond.,Kiira Road,Kiira Rd,NCCC Room,fire put off no death,Treated as Criminal Case,Fed back,34.04734,0.475341
20200115131211277021,15/01/2020 13:12,JINJA ROAD,Fire,Male Fire,,Call or Ask for Help,KABAKA,788209535,CALLED THRU 999/112 AND REPORTED FIRE OUTBREAK AT SHORIT SUPER MKET IN JINJA ROAD DIVISION PLEASE HANDLE.,Jinja Road,Jinja Road,NCCC Room,case handled very well,Treated as Criminal Case,Fed back,30.094,0.336124
20200114171417289012,14/01/2020 17:14,Kasangati,Fire,Male Fire,,Call or Ask for Help,Mark,708678129,There is fire out break at Kasangati please respond.,Kasangati,Kasangati,NCCC Room,,,Dispatched,32.57185,0.309416
20200114150451753020,14/01/2020 15:04,MUKONO,Fire,,,Call or Ask for Help,Unknown,000000000000000000,FIRE OUT BREAK AT FORT BETING CENTER MUKONO,Mukono,Mukono,NCCC Room,,,Dispatched,,
20200114125043325011,14/01/2020 12:50,mukono,GENERAL CRIMES,Breakings,Shop Breaking,Call or Ask for Help,GERALD,753576351,Acase of shop breaking at mukono main street please respond.,COMMAND CENTER,COMMAND CENTER,NCCC Room,,,Accepted,,
20200114125025370017,14/01/2020 12:50,Mukono,Fire,Male Fire,,Call or Ask for Help,JACOB,0775311349,"Fire out break at Mukono at church of Uganda, please respond.",COMMAND CENTER,Mukono,NCCC Room,,,Arrived,,
20200114124724915019,14/01/2020 12:47,mukono,Fire,,,Call or Ask for Help,irene,75635780,there is fire outbreak in mukono market,COMMAND CENTER,COMMAND CENTER,NCCC Room,"situation back to normal, five people burnt to ashes, 3 people taken to Mukono hospital",Treated as Criminal Case,Fed back,,
20200113211154838023,13/01/2020 21:11,MAKINDI ROAD,Fire,,,Call or Ask for Help,HUSSEIN,702121288,please. husein has call 112/999 and is reported elecctricity pol has fooled down near makindi road please reports to fire immediate.,COMMAND CENTER,COMMAND CENTER,NCCC Room,,,Accepted,,
20200113172340974011,13/01/2020 17:23,Nsangi,Fire,Male Fire,,Call or Ask for Help,AGGREY,774593302,Here is a case of fire out break at Nsangi please respond.,Nsangi,Nsangi,NCCC Room,,,Received,,
20200113150928788021,13/01/2020 15:09,namayingo,Fire,Male Fire,,Call or Ask for Help,isaac,754448965,there is aburning botique in namayingo trading centre,COMMAND CENTER,COMMAND CENTER,NCCC Room,,,Accepted,33.87029,0.35392
20200113143339724019,13/01/2020 14:33,Entebbe high school,Fire,Female Fire,,Call or Ask for Help,Peter,775219023,Fire outbreak in the school,Entebbe,Kasanje,NCCC Room,false information given,Treated as Criminal Case,Fed back,,
20200113143213477021,13/01/2020 14:32,enteebbe,Fire,Male Fire,,Call or Ask for Help,collins,0789554026,there is fireoutbreak in kitoro entebbe please handle,Entebbe,Entebbe,NCCC Room,fire put pout,Rescue Service,Fed back,,
20200113122546100021,13/01/2020 12:25,kajjasi trading centre,Fire,Male Fire,,Call or Ask for Help,richard,789554026,there is fire outbreak in kajjasi trading centre please handle,Kajjansi,Kajjansi,NCCC Room,"The fire has been handled, two houses burnt, two people dead. situation has come to normal.",Treated as Criminal Case,Fed back,,
20200112233600536020,12/01/2020 23:36,Salama Road Katwe Division.,Fire,Female Fire,,Call or Ask for Help,James Luyimbazi.,758047368,"Ther is Fire out brea in Salama road,respond with immediate effect.",COMMAND CENTER,COMMAND CENTER,NCCC Room,vjjjjjjjjjjjjjjjjjjjjjjjjjjjjjjjjjjjjjjjjjjjjjjj,Treated as Criminal Case,Fed back,32.57439,0.271209
20200112094413226017,12/01/2020 09:44,Kamuca catholic church kiira road in Kampala district.,HOMICIDES,Death(Fire Out Breaks),,Call or Ask for Help,julius warom,782014323,called in through 112/999 and reported electricity pole burning behind Kamuca catholic church Kiira road in Kampala district.,COMMAND CENTER,Kiira Road,NCCC Room,ioyoiutho,Treated as Criminal Case,Fed back,32.58416,0.34299
20200111215400615016,11/01/2020 21:53,Bulanga luuka district.,Fire,Female Fire,,Call or Ask for Help,patrict,750855328,fire at bulanga in luuka district please act immediatly.,COMMAND CENTER,COMMAND CENTER,NCCC Room,,,Accepted,,
20200110161754303022,10/01/2020 16:17,mapera house,Fire,,,Call or Ask for Help,margaret,0781281242,male fire at mapera house along jinja road please handle,COMMAND CENTER,CPS Kampala,NCCC Room,situation back to normal with 3 people dead,Treated as Criminal Case,Fed back,,
20200110160837064018,10/01/2020 16:08,kampala road.,Fire,Male Fire,,Call or Ask for Help,ongwech,0773506212,A caller one ongwech reported that there is fire out break at bank of uganda kampala road city square our response as police is needed IMM.,COMMAND CENTER,CPS Kampala,NCCC Room,,,Arrived,,
20200110150201494013,10/01/2020 15:01,kazinga opp darling,Fire,Male Fire,,Call or Ask for Help,nill,702283688,Fuel tank has got fire at Bweyogerere,Kira Division,Bweyogerere,NCCC Room,,,Accepted,,
20200110133048437021,10/01/2020 13:30,mabirizi,Fire,Male Fire,,Call or Ask for Help,obong,777808596,fire is reported at Mabirizi,CPS Kampala,Kampala CPS,NCCC Room,detained and pending court,Treated as Criminal Case,Fed back,,
20200110130826991017,10/01/2020 13:08,wandegeya,HOMICIDES,Death(Fire Out Breaks),,Call or Ask for Help,Atum joseph,753997556,Called in through 112/999 and reported fire out break at wandegeya in Kampala district.,COMMAND CENTER,Wandegeya,NCCC Room,constable masereka and team visited the scene and four suspects arrested and brought to wandegeya police station and per now situation is normal and calm investigation is ongoing,Treated as Criminal Case,Fed back,,
20200110130347217018,10/01/2020 13:03,2 nd street industrial area below vison group,Fire,Male Fire,,Call or Ask for Help,Nuwagab,200900229,One reported that fire out break at 2nd street industrial area Nakawa Division in kampala District.,COMMAND CENTER,Jinja Road,NCCC Room,,,Accepted,,
20200109225157670018,09/01/2020 22:51,wankulukuku,Fire,Male Fire,,Call or Ask for Help,Harriet,701907602,There is fire out break in Suna Zone Kabowa near Wankuluku The person on ground is on Tel:0755009948 Please respond urgently,Katwe,Natete,NCCC Room,,,Accepted,,
20200109173137041012,09/01/2020 17:31,KAKIRI,Fire,,,Call or Ask for Help,lawrence,774147001,fire at a school in kakiri primary school.,Kakiri,Kakiri,NCCC Room,"6 classes burnt to ashes, 7 pupils dead.",Treated as Criminal Case,Fed back,,
20200109053940813017,09/01/2020 05:39,entebe,Fire,,,Call or Ask for Help,innocent,775583662,"there is fire out break at uganda implite services in entebe air port , wakiso district",COMMAND CENTER,COMMAND CENTER,NCCC Room,,,Dispatched,32.45986,0.040512
20200109010746432022,09/01/2020 01:07,BUNGA OREX,HOMICIDES,Death(Fire Out Breaks),,Call or Ask for Help,MUGAYZA MIC,706388562,reported acase of fire house break at oreax petral stiaion at bunga,COMMAND CENTER,COMMAND CENTER,NCCC Room,,,Accepted,32.62171,0.261489
20200108002910344014,08/01/2020 00:29,lira,Fire,Male Fire,,Call or Ask for Help,ronald,700177894,there is fire burning at aduku road going to apach please handle,COMMAND CENTER,COMMAND CENTER,NCCC Room,,,Accepted,,
20200107234655450016,07/01/2020 23:46,jinja road,Fire,Male Fire,,Call or Ask for Help,un known,783860663,Called in through 999/112 and reported a case of fire out break in nakawa market,Jinja Road,Jinja Road,NCCC Room,,,Dispatched,32.58125,0.322262
20200107233425398024,07/01/2020 23:34,NAKAWA,Fire,Male Fire,,Call or Ask for Help,MANDEY,750314915,FIRE OUT BRAKE AT THE MARKET,Jinja Road,Jinja Road,NCCC Room,,,Dispatched,,
20200107220920002014,07/01/2020 22:09,kawempe,Fire,Male Fire,,Call or Ask for Help,tumusime,787681003,there is aburning electrict pole in at kagoma stage in kawempe division please respond,Kawempe,Kawempe,NCCC Room,,,Dispatched,32.54213,0.397471
20200107163333627013,07/01/2020 16:33,"Bukasa, Muyenga Kinyonro road",Fire,Female Fire,,Call or Ask for Help,Sharida,752600743,There is Fire out break in Bukasa Muyenga Kinyoro road respond imm.,COMMAND CENTER,COMMAND CENTER,NCCC Room,bnvvvvvvvvvvvvvv,Treated as Criminal Case,Fed back,,
20200106205257828026,06/01/2020 20:52,nsambya,Fire,Male Fire,,Call or Ask for Help,bengana,753658583,called in and rep[orted fire out break in nsambya 4 zone,Kabalagala,Kabalagala,NCCC Room,,,Dispatched,,
20200106120930747026,06/01/2020 12:09,kasaganti kira road,Fire,,,Call or Ask for Help,ssekubuge,752941482,threre is demostration of burning tyes along kasaganti kira road please handle it,Kira Division,Kira Division,NCCC Room,,,Accepted,,
20200104163925699018,04/01/2020 16:39,Kanyanya,Fire,Male Fire,,Call or Ask for Help,Nanckya Rose,708876560,fire out break at kanyanya in kasawo lutunda village kawempe division achild is locked in the house and the house is on fire,Kawempe,Kanyanya,NCCC Room,,,Dispatched,,
20200104153918148017,04/01/2020 15:39,NAKAWA,Fire,Female Fire,,Call or Ask for Help,OMONA,0787165813,FIRE OUTBREAK REPORTED AT CAPITAL SHOPPERS SUPERMARKET OPPOSITE MUBS RESPOND AND GIVE FEEDBACK.,Jinja Road,Kyambongo Univ,NCCC Room,cvjnmchfjkfg,Treated as Criminal Case,Closed,,
20200103184301688021,03/01/2020 18:43,Kasubi Kunaku,Fire,Male Fire,,Call or Ask for Help,Isima Lubega,772989708,Fireout break is reported at Kasubi Kunaku by Isima lubega. Fire Brigade was informed on tel .0711042193,Old Kampala,Old Kampala,NCCC Room,,,Closed,,
20200101002829325027,01/01/2020 00:28,Kisaasi Kuta Road,Fire,,,Call or Ask for Help,Kiyemba Hamis,701030003,Called in through 999/112 and informed about fire being lightened near the electricity pole and is spreading so needs quick response.,Kiira Road,Kiira Rd,NCCC Room,,,Closed,,
